dataset,method,backbone,experiment_id,config_fingerprint,source_sha256,dataset_sha256,evaluation_split,run_id,seed,descriptor,protocol,corruption,clean_rank1,robustness_auc,mean_nonzero_rank1,worst_rank1,absolute_drop_at_max,relative_retention_at_max
casia_b_pose,ce__clip_only,tcn,legacy,6fd4299e7ebc6bc5a02af63d8613a8f8a92088eec4aa8937d674704b82662226,3f00838b0e0dd262bb6b996b4db5b4d333537b62,1776934f9c734c06a9f275ecbd5dd046382dc45097ba027fd95ceb0add4eb100,test,casia_b_pose_ce__clip_only_seed11_20260918T102602649159Z,11,global,clean_gallery,body_part,0.48787879943847656,0.11981385392802105,0.08781818207353354,0.024242423474788666,0.4636363759636879,0.04968943824304407
casia_b_pose,ce__clip_only,tcn,legacy,6fd4299e7ebc6bc5a02af63d8613a8f8a92088eec4aa8937d674704b82662226,3f00838b0e0dd262bb6b996b4db5b4d333537b62,1776934f9c734c06a9f275ecbd5dd046382dc45097ba027fd95ceb0add4eb100,test,casia_b_pose_ce__clip_only_seed11_20260918T102602649159Z,11,global,clean_gallery,dynamic_joint,0.48787879943847656,0.08073593101331167,0.05172727210447192,0.019999999552965164,0.4678787998855114,0.04099378693229576
casia_b_pose,ce__clip_only,tcn,legacy,6fd4299e7ebc6bc5a02af63d8613a8f8a92088eec4aa8937d674704b82662226,3f00838b0e0dd262bb6b996b4db5b4d333537b62,1776934f9c734c06a9f275ecbd5dd046382dc45097ba027fd95ceb0add4eb100,test,casia_b_pose_ce__clip_only_seed11_20260918T102602649159Z,11,global,clean_gallery,random_joint,0.48787879943847656,0.05936796596007688,0.02616666639223695,0.019999999552965164,0.4678787998855114,0.04099378693229576
casia_b_pose,ce__clip_only,tcn,legacy,6fd4299e7ebc6bc5a02af63d8613a8f8a92088eec4aa8937d674704b82662226,3f00838b0e0dd262bb6b996b4db5b4d333537b62,1776934f9c734c06a9f275ecbd5dd046382dc45097ba027fd95ceb0add4eb100,test,casia_b_pose_ce__clip_only_seed11_20260918T102602649159Z,11,global,clean_gallery,temporal,0.48787879943847656,0.12005194915192469,0.089106060937047,0.04733333289623261,0.44054546654224397,0.09701863034571463
casia_b_pose,ce__clip_only,tcn,legacy,6fd4299e7ebc6bc5a02af63d8613a8f8a92088eec4aa8937d674704b82662226,3f00838b0e0dd262bb6b996b4db5b4d333537b62,1776934f9c734c06a9f275ecbd5dd046382dc45097ba027fd95ceb0add4eb100,test,casia_b_pose_ce__clip_only_seed11_20260918T102602649159Z,11,global,occluded_gallery,body_part,0.48787879943847656,0.2143679655023984,0.19066666550934314,0.1196969673037529,0.36818183213472366,0.2453416041884131
casia_b_pose,ce__clip_only,tcn,legacy,6fd4299e7ebc6bc5a02af63d8613a8f8a92088eec4aa8937d674704b82662226,3f00838b0e0dd262bb6b996b4db5b4d333537b62,1776934f9c734c06a9f275ecbd5dd046382dc45097ba027fd95ceb0add4eb100,test,casia_b_pose_ce__clip_only_seed11_20260918T102602649159Z,11,global,occluded_gallery,dynamic_joint,0.48787879943847656,0.23261904716491696,0.2034848470240831,0.047515150904655454,0.4403636485338211,0.09739130078893149
casia_b_pose,ce__clip_only,tcn,legacy,6fd4299e7ebc6bc5a02af63d8613a8f8a92088eec4aa8937d674704b82662226,3f00838b0e0dd262bb6b996b4db5b4d333537b62,1776934f9c734c06a9f275ecbd5dd046382dc45097ba027fd95ceb0add4eb100,test,casia_b_pose_ce__clip_only_seed11_20260918T102602649159Z,11,global,occluded_gallery,random_joint,0.48787879943847656,0.17277922087482045,0.14566666577011347,0.04115151539444924,0.44672728404402734,0.08434782458637784
casia_b_pose,ce__clip_only,tcn,legacy,6fd4299e7ebc6bc5a02af63d8613a8f8a92088eec4aa8937d674704b82662226,3f00838b0e0dd262bb6b996b4db5b4d333537b62,1776934f9c734c06a9f275ecbd5dd046382dc45097ba027fd95ceb0add4eb100,test,casia_b_pose_ce__clip_only_seed11_20260918T102602649159Z,11,global,occluded_gallery,temporal,0.48787879943847656,0.32049783425671713,0.2953333310782909,0.15466666519641875,0.3332121342420578,0.31701862301545414
casia_b_pose,ce__clip_only,tcn,legacy,6fd4299e7ebc6bc5a02af63d8613a8f8a92088eec4aa8937d674704b82662226,3f00838b0e0dd262bb6b996b4db5b4d333537b62,1776934f9c734c06a9f275ecbd5dd046382dc45097ba027fd95ceb0add4eb100,test,casia_b_pose_ce__clip_only_seed11_20260918T102602649159Z,11,global_parts,clean_gallery,body_part,0.48636364936828613,0.12480086652295931,0.09322727229446173,0.02818181738257408,0.45818183198571205,0.057943922041003806
casia_b_pose,ce__clip_only,tcn,legacy,6fd4299e7ebc6bc5a02af63d8613a8f8a92088eec4aa8937d674704b82662226,3f00838b0e0dd262bb6b996b4db5b4d333537b62,1776934f9c734c06a9f275ecbd5dd046382dc45097ba027fd95ceb0add4eb100,test,casia_b_pose_ce__clip_only_seed11_20260918T102602649159Z,11,global_parts,clean_gallery,dynamic_joint,0.48636364936828613,0.09777489304542543,0.07157575795426965,0.019999999552965164,0.46636364981532097,0.04112149330843738
casia_b_pose,ce__clip_only,tcn,legacy,6fd4299e7ebc6bc5a02af63d8613a8f8a92088eec4aa8937d674704b82662226,3f00838b0e0dd262bb6b996b4db5b4d333537b62,1776934f9c734c06a9f275ecbd5dd046382dc45097ba027fd95ceb0add4eb100,test,casia_b_pose_ce__clip_only_seed11_20260918T102602649159Z,11,global_parts,clean_gallery,random_joint,0.48636364936828613,0.05881818240242345,0.02639393899589777,0.019999999552965164,0.46636364981532097,0.04112149330843738
casia_b_pose,ce__clip_only,tcn,legacy,6fd4299e7ebc6bc5a02af63d8613a8f8a92088eec4aa8937d674704b82662226,3f00838b0e0dd262bb6b996b4db5b4d333537b62,1776934f9c734c06a9f275ecbd5dd046382dc45097ba027fd95ceb0add4eb100,test,casia_b_pose_ce__clip_only_seed11_20260918T102602649159Z,11,global_parts,clean_gallery,temporal,0.48636364936828613,0.16566233815891404,0.13453030269593003,0.05169696882367134,0.43466668054461477,0.10629283025328476
casia_b_pose,ce__clip_only,tcn,legacy,6fd4299e7ebc6bc5a02af63d8613a8f8a92088eec4aa8937d674704b82662226,3f00838b0e0dd262bb6b996b4db5b4d333537b62,1776934f9c734c06a9f275ecbd5dd046382dc45097ba027fd95ceb0add4eb100,test,casia_b_pose_ce__clip_only_seed11_20260918T102602649159Z,11,global_parts,occluded_gallery,body_part,0.48636364936828613,0.21716017403772903,0.1933636363595724,0.1196969673037529,0.36666668206453323,0.24610590750197187
casia_b_pose,ce__clip_only,tcn,legacy,6fd4299e7ebc6bc5a02af63d8613a8f8a92088eec4aa8937d674704b82662226,3f00838b0e0dd262bb6b996b4db5b4d333537b62,1776934f9c734c06a9f275ecbd5dd046382dc45097ba027fd95ceb0add4eb100,test,casia_b_pose_ce__clip_only_seed11_20260918T102602649159Z,11,global_parts,occluded_gallery,dynamic_joint,0.48636364936828613,0.21704329209668294,0.1906818192452192,0.04654545485973358,0.43981819450855253,0.09570093266671797
casia_b_pose,ce__clip_only,tcn,legacy,6fd4299e7ebc6bc5a02af63d8613a8f8a92088eec4aa8937d674704b82662226,3f00838b0e0dd262bb6b996b4db5b4d333537b62,1776934f9c734c06a9f275ecbd5dd046382dc45097ba027fd95ceb0add4eb100,test,casia_b_pose_ce__clip_only_seed11_20260918T102602649159Z,11,global_parts,occluded_gallery,random_joint,0.48636364936828613,0.1567748918065003,0.12981818076223137,0.04115151539444924,0.4452121339738369,0.08461059013743917
casia_b_pose,ce__clip_only,tcn,legacy,6fd4299e7ebc6bc5a02af63d8613a8f8a92088eec4aa8937d674704b82662226,3f00838b0e0dd262bb6b996b4db5b4d333537b62,1776934f9c734c06a9f275ecbd5dd046382dc45097ba027fd95ceb0add4eb100,test,casia_b_pose_ce__clip_only_seed11_20260918T102602649159Z,11,global_parts,occluded_gallery,temporal,0.48636364936828613,0.3354502175535475,0.3102272726595402,0.16618181765079498,0.32018183171749115,0.3416822327627494
casia_b_pose,ce__confidence_only,tcn,legacy,b93ee1efb1f11f3c565afa64706ca56d9f2c49c8fc30fb0abb9304058198ea91,3f00838b0e0dd262bb6b996b4db5b4d333537b62,1776934f9c734c06a9f275ecbd5dd046382dc45097ba027fd95ceb0add4eb100,test,casia_b_pose_ce__confidence_only_seed11_20260918T102602650806Z,11,global,clean_gallery,body_part,0.4121212065219879,0.07330735932503428,0.04484848519787192,0.02181818149983883,0.3903030250221491,0.05294117641741584
casia_b_pose,ce__confidence_only,tcn,legacy,b93ee1efb1f11f3c565afa64706ca56d9f2c49c8fc30fb0abb9304058198ea91,3f00838b0e0dd262bb6b996b4db5b4d333537b62,1776934f9c734c06a9f275ecbd5dd046382dc45097ba027fd95ceb0add4eb100,test,casia_b_pose_ce__confidence_only_seed11_20260918T102602650806Z,11,global,clean_gallery,dynamic_joint,0.4121212065219879,0.11083116829395295,0.08181818164885044,0.03296969756484032,0.3791515089571476,0.0800000025310061
casia_b_pose,ce__confidence_only,tcn,legacy,b93ee1efb1f11f3c565afa64706ca56d9f2c49c8fc30fb0abb9304058198ea91,3f00838b0e0dd262bb6b996b4db5b4d333537b62,1776934f9c734c06a9f275ecbd5dd046382dc45097ba027fd95ceb0add4eb100,test,casia_b_pose_ce__confidence_only_seed11_20260918T102602650806Z,11,global,clean_gallery,random_joint,0.4121212065219879,0.10202164410480431,0.07721212068572642,0.03096969686448574,0.38115150965750216,0.07514705958921193
casia_b_pose,ce__confidence_only,tcn,legacy,b93ee1efb1f11f3c565afa64706ca56d9f2c49c8fc30fb0abb9304058198ea91,3f00838b0e0dd262bb6b996b4db5b4d333537b62,1776934f9c734c06a9f275ecbd5dd046382dc45097ba027fd95ceb0add4eb100,test,casia_b_pose_ce__confidence_only_seed11_20260918T102602650806Z,11,global,clean_gallery,temporal,0.4121212065219879,0.12567532317978997,0.0961515139788389,0.04303030222654343,0.3690909042954445,0.10441176417415839
casia_b_pose,ce__confidence_only,tcn,legacy,b93ee1efb1f11f3c565afa64706ca56d9f2c49c8fc30fb0abb9304058198ea91,3f00838b0e0dd262bb6b996b4db5b4d333537b62,1776934f9c734c06a9f275ecbd5dd046382dc45097ba027fd95ceb0add4eb100,test,casia_b_pose_ce__confidence_only_seed11_20260918T102602650806Z,11,global,occluded_gallery,body_part,0.4121212065219879,0.1607056256915842,0.13563636187464,0.05242424085736275,0.35969696566462517,0.1272058802792177
casia_b_pose,ce__confidence_only,tcn,legacy,b93ee1efb1f11f3c565afa64706ca56d9f2c49c8fc30fb0abb9304058198ea91,3f00838b0e0dd262bb6b996b4db5b4d333537b62,1776934f9c734c06a9f275ecbd5dd046382dc45097ba027fd95ceb0add4eb100,test,casia_b_pose_ce__confidence_only_seed11_20260918T102602650806Z,11,global,occluded_gallery,dynamic_joint,0.4121212065219879,0.22048917710781096,0.19622727259993555,0.05951515138149262,0.3526060551404953,0.14441176634359218
casia_b_pose,ce__confidence_only,tcn,legacy,b93ee1efb1f11f3c565afa64706ca56d9f2c49c8fc30fb0abb9304058198ea91,3f00838b0e0dd262bb6b996b4db5b4d333537b62,1776934f9c734c06a9f275ecbd5dd046382dc45097ba027fd95ceb0add4eb100,test,casia_b_pose_ce__confidence_only_seed11_20260918T102602650806Z,11,global,occluded_gallery,random_joint,0.4121212065219879,0.21033333178077426,0.18821212016046046,0.0824242427945137,0.3296969637274742,0.20000000361572298
casia_b_pose,ce__confidence_only,tcn,legacy,b93ee1efb1f11f3c565afa64706ca56d9f2c49c8fc30fb0abb9304058198ea91,3f00838b0e0dd262bb6b996b4db5b4d333537b62,1776934f9c734c06a9f275ecbd5dd046382dc45097ba027fd95ceb0add4eb100,test,casia_b_pose_ce__confidence_only_seed11_20260918T102602650806Z,11,global,occluded_gallery,temporal,0.4121212065219879,0.2552164499248777,0.23434848487377163,0.13260606229305266,0.27951514422893525,0.3217647143473985
casia_b_pose,ce__confidence_only,tcn,legacy,b93ee1efb1f11f3c565afa64706ca56d9f2c49c8fc30fb0abb9304058198ea91,3f00838b0e0dd262bb6b996b4db5b4d333537b62,1776934f9c734c06a9f275ecbd5dd046382dc45097ba027fd95ceb0add4eb100,test,casia_b_pose_ce__confidence_only_seed11_20260918T102602650806Z,11,global_parts,clean_gallery,body_part,0.37030303478240967,0.08026406924639429,0.05540909059345722,0.027878787368535995,0.3424242474138737,0.07528641342331313
casia_b_pose,ce__confidence_only,tcn,legacy,b93ee1efb1f11f3c565afa64706ca56d9f2c49c8fc30fb0abb9304058198ea91,3f00838b0e0dd262bb6b996b4db5b4d333537b62,1776934f9c734c06a9f275ecbd5dd046382dc45097ba027fd95ceb0add4eb100,test,casia_b_pose_ce__confidence_only_seed11_20260918T102602650806Z,11,global_parts,clean_gallery,dynamic_joint,0.37030303478240967,0.12597835564187596,0.09939393941313028,0.03375757560133934,0.3365454591810703,0.09116202793524313
casia_b_pose,ce__confidence_only,tcn,legacy,b93ee1efb1f11f3c565afa64706ca56d9f2c49c8fc30fb0abb9304058198ea91,3f00838b0e0dd262bb6b996b4db5b4d333537b62,1776934f9c734c06a9f275ecbd5dd046382dc45097ba027fd95ceb0add4eb100,test,casia_b_pose_ce__confidence_only_seed11_20260918T102602650806Z,11,global_parts,clean_gallery,random_joint,0.37030303478240967,0.10360173285007479,0.08234848584979773,0.026969696581363677,0.343333338201046,0.0728314219655561
casia_b_pose,ce__confidence_only,tcn,legacy,b93ee1efb1f11f3c565afa64706ca56d9f2c49c8fc30fb0abb9304058198ea91,3f00838b0e0dd262bb6b996b4db5b4d333537b62,1776934f9c734c06a9f275ecbd5dd046382dc45097ba027fd95ceb0add4eb100,test,casia_b_pose_ce__confidence_only_seed11_20260918T102602650806Z,11,global_parts,clean_gallery,temporal,0.37030303478240967,0.14908224940299988,0.12413636147975922,0.07024242281913758,0.3000606119632721,0.18968902823173478
casia_b_pose,ce__confidence_only,tcn,legacy,b93ee1efb1f11f3c565afa64706ca56d9f2c49c8fc30fb0abb9304058198ea91,3f00838b0e0dd262bb6b996b4db5b4d333537b62,1776934f9c734c06a9f275ecbd5dd046382dc45097ba027fd95ceb0add4eb100,test,casia_b_pose_ce__confidence_only_seed11_20260918T102602650806Z,11,global_parts,occluded_gallery,body_part,0.37030303478240967,0.13838095207299506,0.11627272646874189,0.05242424085736275,0.3178787939250469,0.14157118881882041
casia_b_pose,ce__confidence_only,tcn,legacy,b93ee1efb1f11f3c565afa64706ca56d9f2c49c8fc30fb0abb9304058198ea91,3f00838b0e0dd262bb6b996b4db5b4d333537b62,1776934f9c734c06a9f275ecbd5dd046382dc45097ba027fd95ceb0add4eb100,test,casia_b_pose_ce__confidence_only_seed11_20260918T102602650806Z,11,global_parts,occluded_gallery,dynamic_joint,0.37030303478240967,0.20788744645459312,0.1854545459151268,0.05957575738430023,0.31072727739810946,0.16088379459084637
casia_b_pose,ce__confidence_only,tcn,legacy,b93ee1efb1f11f3c565afa64706ca56d9f2c49c8fc30fb0abb9304058198ea91,3f00838b0e0dd262bb6b996b4db5b4d333537b62,1776934f9c734c06a9f275ecbd5dd046382dc45097ba027fd95ceb0add4eb100,test,casia_b_pose_ce__confidence_only_seed11_20260918T102602650806Z,11,global_parts,occluded_gallery,random_joint,0.37030303478240967,0.19031168605600085,0.1706666637212038,0.07218181788921356,0.2981212168931961,0.19492634709739187
casia_b_pose,ce__confidence_only,tcn,legacy,b93ee1efb1f11f3c565afa64706ca56d9f2c49c8fc30fb0abb9304058198ea91,3f00838b0e0dd262bb6b996b4db5b4d333537b62,1776934f9c734c06a9f275ecbd5dd046382dc45097ba027fd95ceb0add4eb100,test,casia_b_pose_ce__confidence_only_seed11_20260918T102602650806Z,11,global_parts,occluded_gallery,temporal,0.37030303478240967,0.24582250927175794,0.22595454305410387,0.12624242305755615,0.24406061172485352,0.340916522954602
casia_b_pose,ce,tcn,legacy,db530998948654ed1c47733c4e04d87e7ed03a93fc95af99a622c2920333991b,b060fe06dcb4298c31bdf3dbccb281438e81f18e,1776934f9c734c06a9f275ecbd5dd046382dc45097ba027fd95ceb0add4eb100,test,casia_b_pose_ce_seed11_20260918T112220629287Z,11,global,clean_gallery,body_part,0.5012121200561523,0.12238960973918438,0.08996969638392328,0.025757575407624245,0.4754545446485281,0.051390567739540184
casia_b_pose,ce,tcn,legacy,db530998948654ed1c47733c4e04d87e7ed03a93fc95af99a622c2920333991b,b060fe06dcb4298c31bdf3dbccb281438e81f18e,1776934f9c734c06a9f275ecbd5dd046382dc45097ba027fd95ceb0add4eb100,test,casia_b_pose_ce_seed11_20260918T112220629287Z,11,global,clean_gallery,dynamic_joint,0.5012121200561523,0.09774458881999765,0.06887878803536296,0.02842424251139164,0.4727878775447607,0.05671100393224167
casia_b_pose,ce,tcn,legacy,db530998948654ed1c47733c4e04d87e7ed03a93fc95af99a622c2920333991b,b060fe06dcb4298c31bdf3dbccb281438e81f18e,1776934f9c734c06a9f275ecbd5dd046382dc45097ba027fd95ceb0add4eb100,test,casia_b_pose_ce_seed11_20260918T112220629287Z,11,global,clean_gallery,random_joint,0.5012121200561523,0.06299999994891031,0.030090909078717233,0.020606060698628425,0.479636362567544,0.04304715832927416
casia_b_pose,ce,tcn,legacy,db530998948654ed1c47733c4e04d87e7ed03a93fc95af99a622c2920333991b,b060fe06dcb4298c31bdf3dbccb281438e81f18e,1776934f9c734c06a9f275ecbd5dd046382dc45097ba027fd95ceb0add4eb100,test,casia_b_pose_ce_seed11_20260918T112220629287Z,11,global,clean_gallery,temporal,0.5012121200561523,0.14650216453841755,0.11513636391609908,0.05793939456343651,0.44327272549271585,0.11559855048386576
casia_b_pose,ce,tcn,legacy,db530998948654ed1c47733c4e04d87e7ed03a93fc95af99a622c2920333991b,b060fe06dcb4298c31bdf3dbccb281438e81f18e,1776934f9c734c06a9f275ecbd5dd046382dc45097ba027fd95ceb0add4eb100,test,casia_b_pose_ce_seed11_20260918T112220629287Z,11,global,occluded_gallery,body_part,0.5012121200561523,0.21761038963283813,0.19268181808292867,0.11787878721952438,0.38333333283662796,0.23518742365272025
casia_b_pose,ce,tcn,legacy,db530998948654ed1c47733c4e04d87e7ed03a93fc95af99a622c2920333991b,b060fe06dcb4298c31bdf3dbccb281438e81f18e,1776934f9c734c06a9f275ecbd5dd046382dc45097ba027fd95ceb0add4eb100,test,casia_b_pose_ce_seed11_20260918T112220629287Z,11,global,occluded_gallery,dynamic_joint,0.5012121200561523,0.23814285344311167,0.2079393906518817,0.042484848946332934,0.4587272711098194,0.08476420909688542
casia_b_pose,ce,tcn,legacy,db530998948654ed1c47733c4e04d87e7ed03a93fc95af99a622c2920333991b,b060fe06dcb4298c31bdf3dbccb281438e81f18e,1776934f9c734c06a9f275ecbd5dd046382dc45097ba027fd95ceb0add4eb100,test,casia_b_pose_ce_seed11_20260918T112220629287Z,11,global,occluded_gallery,random_joint,0.5012121200561523,0.1711688301392964,0.14307575616985557,0.036363635957241056,0.4648484840989113,0.07255138992482289
casia_b_pose,ce,tcn,legacy,db530998948654ed1c47733c4e04d87e7ed03a93fc95af99a622c2920333991b,b060fe06dcb4298c31bdf3dbccb281438e81f18e,1776934f9c734c06a9f275ecbd5dd046382dc45097ba027fd95ceb0add4eb100,test,casia_b_pose_ce_seed11_20260918T112220629287Z,11,global,occluded_gallery,temporal,0.5012121200561523,0.3180779239961079,0.29221212342381475,0.15181818306446077,0.3493939369916916,0.30290205880785986
casia_b_pose,ce,tcn,legacy,db530998948654ed1c47733c4e04d87e7ed03a93fc95af99a622c2920333991b,b060fe06dcb4298c31bdf3dbccb281438e81f18e,1776934f9c734c06a9f275ecbd5dd046382dc45097ba027fd95ceb0add4eb100,test,casia_b_pose_ce_seed11_20260918T112220629287Z,11,global_parts,clean_gallery,body_part,0.4887878894805908,0.12866666705480645,0.09703030260279774,0.025151515379548073,0.46363637410104275,0.051456911926102064
casia_b_pose,ce,tcn,legacy,db530998948654ed1c47733c4e04d87e7ed03a93fc95af99a622c2920333991b,b060fe06dcb4298c31bdf3dbccb281438e81f18e,1776934f9c734c06a9f275ecbd5dd046382dc45097ba027fd95ceb0add4eb100,test,casia_b_pose_ce_seed11_20260918T112220629287Z,11,global_parts,clean_gallery,dynamic_joint,0.4887878894805908,0.10403463265725545,0.07819696953520179,0.019999999552965164,0.46878788992762566,0.04091754313761356
casia_b_pose,ce,tcn,legacy,db530998948654ed1c47733c4e04d87e7ed03a93fc95af99a622c2920333991b,b060fe06dcb4298c31bdf3dbccb281438e81f18e,1776934f9c734c06a9f275ecbd5dd046382dc45097ba027fd95ceb0add4eb100,test,casia_b_pose_ce_seed11_20260918T112220629287Z,11,global_parts,clean_gallery,random_joint,0.4887878894805908,0.06366666704416277,0.03187878746539354,0.019999999552965164,0.46878788992762566,0.04091754313761356
casia_b_pose,ce,tcn,legacy,db530998948654ed1c47733c4e04d87e7ed03a93fc95af99a622c2920333991b,b060fe06dcb4298c31bdf3dbccb281438e81f18e,1776934f9c734c06a9f275ecbd5dd046382dc45097ba027fd95ceb0add4eb100,test,casia_b_pose_ce_seed11_20260918T112220629287Z,11,global_parts,clean_gallery,temporal,0.4887878894805908,0.1800649360886642,0.14933333378285168,0.05739394053816795,0.4313939489424229,0.1174209545149686
casia_b_pose,ce,tcn,legacy,db530998948654ed1c47733c4e04d87e7ed03a93fc95af99a622c2920333991b,b060fe06dcb4298c31bdf3dbccb281438e81f18e,1776934f9c734c06a9f275ecbd5dd046382dc45097ba027fd95ceb0add4eb100,test,casia_b_pose_ce_seed11_20260918T112220629287Z,11,global_parts,occluded_gallery,body_part,0.4887878894805908,0.21632034672158107,0.1919696968048811,0.11787878721952438,0.37090910226106644,0.24116552344369246
casia_b_pose,ce,tcn,legacy,db530998948654ed1c47733c4e04d87e7ed03a93fc95af99a622c2920333991b,b060fe06dcb4298c31bdf3dbccb281438e81f18e,1776934f9c734c06a9f275ecbd5dd046382dc45097ba027fd95ceb0add4eb100,test,casia_b_pose_ce_seed11_20260918T112220629287Z,11,global_parts,occluded_gallery,dynamic_joint,0.4887878894805908,0.21696969749672074,0.1909545449540019,0.0470909096300602,0.44169697985053064,0.0963422184622889
casia_b_pose,ce,tcn,legacy,db530998948654ed1c47733c4e04d87e7ed03a93fc95af99a622c2920333991b,b060fe06dcb4298c31bdf3dbccb281438e81f18e,1776934f9c734c06a9f275ecbd5dd046382dc45097ba027fd95ceb0add4eb100,test,casia_b_pose_ce_seed11_20260918T112220629287Z,11,global_parts,occluded_gallery,random_joint,0.4887878894805908,0.155333333249603,0.12836363557726144,0.036121212691068647,0.45266667678952216,0.07389956557526979
casia_b_pose,ce,tcn,legacy,db530998948654ed1c47733c4e04d87e7ed03a93fc95af99a622c2920333991b,b060fe06dcb4298c31bdf3dbccb281438e81f18e,1776934f9c734c06a9f275ecbd5dd046382dc45097ba027fd95ceb0add4eb100,test,casia_b_pose_ce_seed11_20260918T112220629287Z,11,global_parts,occluded_gallery,temporal,0.4887878894805908,0.3322900469814028,0.30624242722988126,0.1557575762271881,0.3330303132534027,0.3186608743369307
casia_b_pose,ce,tcn,legacy,db530998948654ed1c47733c4e04d87e7ed03a93fc95af99a622c2920333991b,b060fe06dcb4298c31bdf3dbccb281438e81f18e,1776934f9c734c06a9f275ecbd5dd046382dc45097ba027fd95ceb0add4eb100,test,casia_b_pose_ce_seed22_20260918T112220629328Z,22,global,clean_gallery,body_part,0.5072727203369141,0.12212121172675064,0.08869696976616978,0.02606060542166233,0.48121211491525173,0.05137395404261779
casia_b_pose,ce,tcn,legacy,db530998948654ed1c47733c4e04d87e7ed03a93fc95af99a622c2920333991b,b060fe06dcb4298c31bdf3dbccb281438e81f18e,1776934f9c734c06a9f275ecbd5dd046382dc45097ba027fd95ceb0add4eb100,test,casia_b_pose_ce_seed22_20260918T112220629328Z,22,global,clean_gallery,dynamic_joint,0.5072727203369141,0.08090476159538541,0.050242424476891756,0.019999999552965164,0.4872727207839489,0.03942652295530857
casia_b_pose,ce,tcn,legacy,db530998948654ed1c47733c4e04d87e7ed03a93fc95af99a622c2920333991b,b060fe06dcb4298c31bdf3dbccb281438e81f18e,1776934f9c734c06a9f275ecbd5dd046382dc45097ba027fd95ceb0add4eb100,test,casia_b_pose_ce_seed22_20260918T112220629328Z,22,global,clean_gallery,random_joint,0.5072727203369141,0.06023376541478294,0.026333332993090153,0.019999999552965164,0.4872727207839489,0.03942652295530857
casia_b_pose,ce,tcn,legacy,db530998948654ed1c47733c4e04d87e7ed03a93fc95af99a622c2920333991b,b060fe06dcb4298c31bdf3dbccb281438e81f18e,1776934f9c734c06a9f275ecbd5dd046382dc45097ba027fd95ceb0add4eb100,test,casia_b_pose_ce_seed22_20260918T112220629328Z,22,global,clean_gallery,temporal,0.5072727203369141,0.12624242358974047,0.09424242395907641,0.052242424339056015,0.45503029599785805,0.10298685942417383
casia_b_pose,ce,tcn,legacy,db530998948654ed1c47733c4e04d87e7ed03a93fc95af99a622c2920333991b,b060fe06dcb4298c31bdf3dbccb281438e81f18e,1776934f9c734c06a9f275ecbd5dd046382dc45097ba027fd95ceb0add4eb100,test,casia_b_pose_ce_seed22_20260918T112220629328Z,22,global,occluded_gallery,body_part,0.5072727203369141,0.2339523809296744,0.20831818282604217,0.12121212482452393,0.38606059551239014,0.2389486364337092
casia_b_pose,ce,tcn,legacy,db530998948654ed1c47733c4e04d87e7ed03a93fc95af99a622c2920333991b,b060fe06dcb4298c31bdf3dbccb281438e81f18e,1776934f9c734c06a9f275ecbd5dd046382dc45097ba027fd95ceb0add4eb100,test,casia_b_pose_ce_seed22_20260918T112220629328Z,22,global,occluded_gallery,dynamic_joint,0.5072727203369141,0.255489176937512,0.2250757575035095,0.050484848022460935,0.4567878723144531,0.09952210319713337
casia_b_pose,ce,tcn,legacy,db530998948654ed1c47733c4e04d87e7ed03a93fc95af99a622c2920333991b,b060fe06dcb4298c31bdf3dbccb281438e81f18e,1776934f9c734c06a9f275ecbd5dd046382dc45097ba027fd95ceb0add4eb100,test,casia_b_pose_ce_seed22_20260918T112220629328Z,22,global,occluded_gallery,random_joint,0.5072727203369141,0.18573160192796162,0.1580000005662441,0.04230303019285202,0.46496969014406203,0.08339307141285997
casia_b_pose,ce,tcn,legacy,db530998948654ed1c47733c4e04d87e7ed03a93fc95af99a622c2920333991b,b060fe06dcb4298c31bdf3dbccb281438e81f18e,1776934f9c734c06a9f275ecbd5dd046382dc45097ba027fd95ceb0add4eb100,test,casia_b_pose_ce_seed22_20260918T112220629328Z,22,global,occluded_gallery,temporal,0.5072727203369141,0.3311255416699818,0.30578787997365,0.1666060596704483,0.3406666606664658,0.32843488914561375
casia_b_pose,ce,tcn,legacy,db530998948654ed1c47733c4e04d87e7ed03a93fc95af99a622c2920333991b,b060fe06dcb4298c31bdf3dbccb281438e81f18e,1776934f9c734c06a9f275ecbd5dd046382dc45097ba027fd95ceb0add4eb100,test,casia_b_pose_ce_seed22_20260918T112220629328Z,22,global_parts,clean_gallery,body_part,0.5163636207580566,0.127852813154459,0.09369696993380786,0.027878787368535995,0.48848483338952065,0.05399061097218285
casia_b_pose,ce,tcn,legacy,db530998948654ed1c47733c4e04d87e7ed03a93fc95af99a622c2920333991b,b060fe06dcb4298c31bdf3dbccb281438e81f18e,1776934f9c734c06a9f275ecbd5dd046382dc45097ba027fd95ceb0add4eb100,test,casia_b_pose_ce_seed22_20260918T112220629328Z,22,global_parts,clean_gallery,dynamic_joint,0.5163636207580566,0.09443289946232523,0.06524242442101241,0.019999999552965164,0.4963636212050915,0.03873239467103398
casia_b_pose,ce,tcn,legacy,db530998948654ed1c47733c4e04d87e7ed03a93fc95af99a622c2920333991b,b060fe06dcb4298c31bdf3dbccb281438e81f18e,1776934f9c734c06a9f275ecbd5dd046382dc45097ba027fd95ceb0add4eb100,test,casia_b_pose_ce_seed22_20260918T112220629328Z,22,global_parts,clean_gallery,random_joint,0.5163636207580566,0.05836363493331841,0.023393939062952996,0.019999999552965164,0.4963636212050915,0.03873239467103398
casia_b_pose,ce,tcn,legacy,db530998948654ed1c47733c4e04d87e7ed03a93fc95af99a622c2920333991b,b060fe06dcb4298c31bdf3dbccb281438e81f18e,1776934f9c734c06a9f275ecbd5dd046382dc45097ba027fd95ceb0add4eb100,test,casia_b_pose_ce_seed22_20260918T112220629328Z,22,global_parts,clean_gallery,temporal,0.5163636207580566,0.1560779218162809,0.12178787961602211,0.039212121069431304,0.47715149968862536,0.07593896915484724
casia_b_pose,ce,tcn,legacy,db530998948654ed1c47733c4e04d87e7ed03a93fc95af99a622c2920333991b,b060fe06dcb4298c31bdf3dbccb281438e81f18e,1776934f9c734c06a9f275ecbd5dd046382dc45097ba027fd95ceb0add4eb100,test,casia_b_pose_ce_seed22_20260918T112220629328Z,22,global_parts,occluded_gallery,body_part,0.5163636207580566,0.22568398203168596,0.19990909174084662,0.12121212482452393,0.3951514959335327,0.23474179812779286
casia_b_pose,ce,tcn,legacy,db530998948654ed1c47733c4e04d87e7ed03a93fc95af99a622c2920333991b,b060fe06dcb4298c31bdf3dbccb281438e81f18e,1776934f9c734c06a9f275ecbd5dd046382dc45097ba027fd95ceb0add4eb100,test,casia_b_pose_ce_seed22_20260918T112220629328Z,22,global_parts,occluded_gallery,dynamic_joint,0.5163636207580566,0.2291818174932684,0.2017878795042634,0.05187878832221031,0.4644848324358463,0.10046948746321196
casia_b_pose,ce,tcn,legacy,db530998948654ed1c47733c4e04d87e7ed03a93fc95af99a622c2920333991b,b060fe06dcb4298c31bdf3dbccb281438e81f18e,1776934f9c734c06a9f275ecbd5dd046382dc45097ba027fd95ceb0add4eb100,test,casia_b_pose_ce_seed22_20260918T112220629328Z,22,global_parts,occluded_gallery,random_joint,0.5163636207580566,0.16642424198133604,0.13787878844887017,0.046424242109060286,0.4699393786489964,0.08990610539314595
casia_b_pose,ce,tcn,legacy,db530998948654ed1c47733c4e04d87e7ed03a93fc95af99a622c2920333991b,b060fe06dcb4298c31bdf3dbccb281438e81f18e,1776934f9c734c06a9f275ecbd5dd046382dc45097ba027fd95ceb0add4eb100,test,casia_b_pose_ce_seed22_20260918T112220629328Z,22,global_parts,occluded_gallery,temporal,0.5163636207580566,0.3554761903626579,0.3289848491549492,0.17593939304351808,0.34042422771453856,0.34072770809304337
casia_b_pose,ce,tcn,legacy,db530998948654ed1c47733c4e04d87e7ed03a93fc95af99a622c2920333991b,b060fe06dcb4298c31bdf3dbccb281438e81f18e,1776934f9c734c06a9f275ecbd5dd046382dc45097ba027fd95ceb0add4eb100,test,casia_b_pose_ce_seed33_20260918T112220633827Z,33,global,clean_gallery,body_part,0.5015151500701904,0.12091774796800955,0.08763636285439134,0.02545454539358616,0.47606060467660427,0.050755287033748875
casia_b_pose,ce,tcn,legacy,db530998948654ed1c47733c4e04d87e7ed03a93fc95af99a622c2920333991b,b060fe06dcb4298c31bdf3dbccb281438e81f18e,1776934f9c734c06a9f275ecbd5dd046382dc45097ba027fd95ceb0add4eb100,test,casia_b_pose_ce_seed33_20260918T112220633827Z,33,global,clean_gallery,dynamic_joint,0.5015151500701904,0.10845454494868007,0.0825909085571766,0.020181817561388017,0.4813333325088024,0.0402416907217328
casia_b_pose,ce,tcn,legacy,db530998948654ed1c47733c4e04d87e7ed03a93fc95af99a622c2920333991b,b060fe06dcb4298c31bdf3dbccb281438e81f18e,1776934f9c734c06a9f275ecbd5dd046382dc45097ba027fd95ceb0add4eb100,test,casia_b_pose_ce_seed33_20260918T112220633827Z,33,global,clean_gallery,random_joint,0.5015151500701904,0.06316450227584158,0.029893939569592475,0.019999999552965164,0.48151515051722527,0.039879153302080764
casia_b_pose,ce,tcn,legacy,db530998948654ed1c47733c4e04d87e7ed03a93fc95af99a622c2920333991b,b060fe06dcb4298c31bdf3dbccb281438e81f18e,1776934f9c734c06a9f275ecbd5dd046382dc45097ba027fd95ceb0add4eb100,test,casia_b_pose_ce_seed33_20260918T112220633827Z,33,global,clean_gallery,temporal,0.5015151500701904,0.18405627863747734,0.15384848676621915,0.058909091353416446,0.442606058716774,0.11746223687394433
casia_b_pose,ce,tcn,legacy,db530998948654ed1c47733c4e04d87e7ed03a93fc95af99a622c2920333991b,b060fe06dcb4298c31bdf3dbccb281438e81f18e,1776934f9c734c06a9f275ecbd5dd046382dc45097ba027fd95ceb0add4eb100,test,casia_b_pose_ce_seed33_20260918T112220633827Z,33,global,occluded_gallery,body_part,0.5015151500701904,0.21539393961429598,0.18984848484396935,0.1112121194601059,0.39030303061008453,0.22175226300649345
casia_b_pose,ce,tcn,legacy,db530998948654ed1c47733c4e04d87e7ed03a93fc95af99a622c2920333991b,b060fe06dcb4298c31bdf3dbccb281438e81f18e,1776934f9c734c06a9f275ecbd5dd046382dc45097ba027fd95ceb0add4eb100,test,casia_b_pose_ce_seed33_20260918T112220633827Z,33,global,occluded_gallery,dynamic_joint,0.5015151500701904,0.2415627683912005,0.2119242399930954,0.04648484885692596,0.4550303012132645,0.09268882276122685
casia_b_pose,ce,tcn,legacy,db530998948654ed1c47733c4e04d87e7ed03a93fc95af99a622c2920333991b,b060fe06dcb4298c31bdf3dbccb281438e81f18e,1776934f9c734c06a9f275ecbd5dd046382dc45097ba027fd95ceb0add4eb100,test,casia_b_pose_ce_seed33_20260918T112220633827Z,33,global,occluded_gallery,random_joint,0.5015151500701904,0.18066233566829135,0.1521515130996704,0.04006060659885406,0.46145454347133635,0.07987915538194072
casia_b_pose,ce,tcn,legacy,db530998948654ed1c47733c4e04d87e7ed03a93fc95af99a622c2920333991b,b060fe06dcb4298c31bdf3dbccb281438e81f18e,1776934f9c734c06a9f275ecbd5dd046382dc45097ba027fd95ceb0add4eb100,test,casia_b_pose_ce_seed33_20260918T112220633827Z,33,global,occluded_gallery,temporal,0.5015151500701904,0.32725108180727286,0.30159090906381614,0.15799999833106995,0.3435151517391205,0.3150453148004737
casia_b_pose,ce,tcn,legacy,db530998948654ed1c47733c4e04d87e7ed03a93fc95af99a622c2920333991b,b060fe06dcb4298c31bdf3dbccb281438e81f18e,1776934f9c734c06a9f275ecbd5dd046382dc45097ba027fd95ceb0add4eb100,test,casia_b_pose_ce_seed33_20260918T112220633827Z,33,global_parts,clean_gallery,body_part,0.4954545497894287,0.13122943708939214,0.09784848438575863,0.024848485365509987,0.4706060644239187,0.05015290580351063
casia_b_pose,ce,tcn,legacy,db530998948654ed1c47733c4e04d87e7ed03a93fc95af99a622c2920333991b,b060fe06dcb4298c31bdf3dbccb281438e81f18e,1776934f9c734c06a9f275ecbd5dd046382dc45097ba027fd95ceb0add4eb100,test,casia_b_pose_ce_seed33_20260918T112220633827Z,33,global_parts,clean_gallery,dynamic_joint,0.4954545497894287,0.12226406899946075,0.09898484777659178,0.019999999552965164,0.47545455023646355,0.04036697122160911
casia_b_pose,ce,tcn,legacy,db530998948654ed1c47733c4e04d87e7ed03a93fc95af99a622c2920333991b,b060fe06dcb4298c31bdf3dbccb281438e81f18e,1776934f9c734c06a9f275ecbd5dd046382dc45097ba027fd95ceb0add4eb100,test,casia_b_pose_ce_seed33_20260918T112220633827Z,33,global_parts,clean_gallery,random_joint,0.4954545497894287,0.06118181821491039,0.02842424213886261,0.019999999552965164,0.47545455023646355,0.04036697122160911
casia_b_pose,ce,tcn,legacy,db530998948654ed1c47733c4e04d87e7ed03a93fc95af99a622c2920333991b,b060fe06dcb4298c31bdf3dbccb281438e81f18e,1776934f9c734c06a9f275ecbd5dd046382dc45097ba027fd95ceb0add4eb100,test,casia_b_pose_ce_seed33_20260918T112220633827Z,33,global_parts,clean_gallery,temporal,0.4954545497894287,0.2116277078432696,0.18178788106888533,0.056545455008745193,0.4389090947806835,0.11412844030350991
casia_b_pose,ce,tcn,legacy,db530998948654ed1c47733c4e04d87e7ed03a93fc95af99a622c2920333991b,b060fe06dcb4298c31bdf3dbccb281438e81f18e,1776934f9c734c06a9f275ecbd5dd046382dc45097ba027fd95ceb0add4eb100,test,casia_b_pose_ce_seed33_20260918T112220633827Z,33,global_parts,occluded_gallery,body_part,0.4954545497894287,0.21546753219195774,0.19046969637274744,0.1112121194601059,0.3842424303293228,0.22446482630419226
casia_b_pose,ce,tcn,legacy,db530998948654ed1c47733c4e04d87e7ed03a93fc95af99a622c2920333991b,b060fe06dcb4298c31bdf3dbccb281438e81f18e,1776934f9c734c06a9f275ecbd5dd046382dc45097ba027fd95ceb0add4eb100,test,casia_b_pose_ce_seed33_20260918T112220633827Z,33,global_parts,occluded_gallery,dynamic_joint,0.4954545497894287,0.22435498035379822,0.1977121228352189,0.04060606136918068,0.45484848842024805,0.08195718736751637
casia_b_pose,ce,tcn,legacy,db530998948654ed1c47733c4e04d87e7ed03a93fc95af99a622c2920333991b,b060fe06dcb4298c31bdf3dbccb281438e81f18e,1776934f9c734c06a9f275ecbd5dd046382dc45097ba027fd95ceb0add4eb100,test,casia_b_pose_ce_seed33_20260918T112220633827Z,33,global_parts,occluded_gallery,random_joint,0.4954545497894287,0.16000865868159703,0.13310606088489293,0.039818181097507475,0.45563636869192126,0.08036697031933697
casia_b_pose,ce,tcn,legacy,db530998948654ed1c47733c4e04d87e7ed03a93fc95af99a622c2920333991b,b060fe06dcb4298c31bdf3dbccb281438e81f18e,1776934f9c734c06a9f275ecbd5dd046382dc45097ba027fd95ceb0add4eb100,test,casia_b_pose_ce_seed33_20260918T112220633827Z,33,global_parts,occluded_gallery,temporal,0.4954545497894287,0.3495151447398322,0.32499999329447743,0.1773333340883255,0.3181212157011032,0.3579204876889177
casia_b_pose,ce,tcn,legacy,db530998948654ed1c47733c4e04d87e7ed03a93fc95af99a622c2920333991b,b060fe06dcb4298c31bdf3dbccb281438e81f18e,1776934f9c734c06a9f275ecbd5dd046382dc45097ba027fd95ceb0add4eb100,test,casia_b_pose_ce_seed44_20260918T113357798846Z,44,global,clean_gallery,body_part,0.5093939304351807,0.12737662196159363,0.09390909001231193,0.023636363446712494,0.48575756698846817,0.04640095225814665
casia_b_pose,ce,tcn,legacy,db530998948654ed1c47733c4e04d87e7ed03a93fc95af99a622c2920333991b,b060fe06dcb4298c31bdf3dbccb281438e81f18e,1776934f9c734c06a9f275ecbd5dd046382dc45097ba027fd95ceb0add4eb100,test,casia_b_pose_ce_seed44_20260918T113357798846Z,44,global,clean_gallery,dynamic_joint,0.5093939304351807,0.08156276909368379,0.050999999046325684,0.019999999552965164,0.4893939308822155,0.039262343655879356
casia_b_pose,ce,tcn,legacy,db530998948654ed1c47733c4e04d87e7ed03a93fc95af99a622c2920333991b,b060fe06dcb4298c31bdf3dbccb281438e81f18e,1776934f9c734c06a9f275ecbd5dd046382dc45097ba027fd95ceb0add4eb100,test,casia_b_pose_ce_seed44_20260918T113357798846Z,44,global,clean_gallery,random_joint,0.5093939304351807,0.05822943640606746,0.02381818164139986,0.019999999552965164,0.4893939308822155,0.039262343655879356
casia_b_pose,ce,tcn,legacy,db530998948654ed1c47733c4e04d87e7ed03a93fc95af99a622c2920333991b,b060fe06dcb4298c31bdf3dbccb281438e81f18e,1776934f9c734c06a9f275ecbd5dd046382dc45097ba027fd95ceb0add4eb100,test,casia_b_pose_ce_seed44_20260918T113357798846Z,44,global,clean_gallery,temporal,0.5093939304351807,0.12255844048091342,0.08989393897354603,0.04496969729661941,0.46442423313856124,0.08828078744126637
casia_b_pose,ce,tcn,legacy,db530998948654ed1c47733c4e04d87e7ed03a93fc95af99a622c2920333991b,b060fe06dcb4298c31bdf3dbccb281438e81f18e,1776934f9c734c06a9f275ecbd5dd046382dc45097ba027fd95ceb0add4eb100,test,casia_b_pose_ce_seed44_20260918T113357798846Z,44,global,occluded_gallery,body_part,0.5093939304351807,0.22296536692551205,0.19645454511046412,0.10969696938991547,0.3996969610452652,0.21534801032317008
casia_b_pose,ce,tcn,legacy,db530998948654ed1c47733c4e04d87e7ed03a93fc95af99a622c2920333991b,b060fe06dcb4298c31bdf3dbccb281438e81f18e,1776934f9c734c06a9f275ecbd5dd046382dc45097ba027fd95ceb0add4eb100,test,casia_b_pose_ce_seed44_20260918T113357798846Z,44,global,occluded_gallery,dynamic_joint,0.5093939304351807,0.24549783425671717,0.214893938601017,0.04690909087657928,0.46248483955860137,0.09208804438738472
casia_b_pose,ce,tcn,legacy,db530998948654ed1c47733c4e04d87e7ed03a93fc95af99a622c2920333991b,b060fe06dcb4298c31bdf3dbccb281438e81f18e,1776934f9c734c06a9f275ecbd5dd046382dc45097ba027fd95ceb0add4eb100,test,casia_b_pose_ce_seed44_20260918T113357798846Z,44,global,occluded_gallery,random_joint,0.5093939304351807,0.1870735932673727,0.15865151621401308,0.04496969729661941,0.46442423313856124,0.08828078744126637
casia_b_pose,ce,tcn,legacy,db530998948654ed1c47733c4e04d87e7ed03a93fc95af99a622c2920333991b,b060fe06dcb4298c31bdf3dbccb281438e81f18e,1776934f9c734c06a9f275ecbd5dd046382dc45097ba027fd95ceb0add4eb100,test,casia_b_pose_ce_seed44_20260918T113357798846Z,44,global,occluded_gallery,temporal,0.5093939304351807,0.3285541151251112,0.3026515185832977,0.1607272744178772,0.34866665601730346,0.3155264812059425
casia_b_pose,ce,tcn,legacy,db530998948654ed1c47733c4e04d87e7ed03a93fc95af99a622c2920333991b,b060fe06dcb4298c31bdf3dbccb281438e81f18e,1776934f9c734c06a9f275ecbd5dd046382dc45097ba027fd95ceb0add4eb100,test,casia_b_pose_ce_seed44_20260918T113357798846Z,44,global_parts,clean_gallery,body_part,0.5012121200561523,0.14049783455474038,0.10778787769377232,0.03242424130439758,0.46878787875175476,0.06469165450501276
casia_b_pose,ce,tcn,legacy,db530998948654ed1c47733c4e04d87e7ed03a93fc95af99a622c2920333991b,b060fe06dcb4298c31bdf3dbccb281438e81f18e,1776934f9c734c06a9f275ecbd5dd046382dc45097ba027fd95ceb0add4eb100,test,casia_b_pose_ce_seed44_20260918T113357798846Z,44,global_parts,clean_gallery,dynamic_joint,0.5012121200561523,0.10120346290724617,0.07377272704616189,0.019999999552965164,0.4812121205031872,0.03990326401269886
casia_b_pose,ce,tcn,legacy,db530998948654ed1c47733c4e04d87e7ed03a93fc95af99a622c2920333991b,b060fe06dcb4298c31bdf3dbccb281438e81f18e,1776934f9c734c06a9f275ecbd5dd046382dc45097ba027fd95ceb0add4eb100,test,casia_b_pose_ce_seed44_20260918T113357798846Z,44,global_parts,clean_gallery,random_joint,0.5012121200561523,0.05956277027726175,0.026015151292085648,0.019999999552965164,0.4812121205031872,0.03990326401269886
casia_b_pose,ce,tcn,legacy,db530998948654ed1c47733c4e04d87e7ed03a93fc95af99a622c2920333991b,b060fe06dcb4298c31bdf3dbccb281438e81f18e,1776934f9c734c06a9f275ecbd5dd046382dc45097ba027fd95ceb0add4eb100,test,casia_b_pose_ce_seed44_20260918T113357798846Z,44,global_parts,clean_gallery,temporal,0.5012121200561523,0.16434199139475825,0.1328030304983258,0.054181817919015884,0.44703030213713646,0.10810157167178186
casia_b_pose,ce,tcn,legacy,db530998948654ed1c47733c4e04d87e7ed03a93fc95af99a622c2920333991b,b060fe06dcb4298c31bdf3dbccb281438e81f18e,1776934f9c734c06a9f275ecbd5dd046382dc45097ba027fd95ceb0add4eb100,test,casia_b_pose_ce_seed44_20260918T113357798846Z,44,global_parts,occluded_gallery,body_part,0.5012121200561523,0.22224242304052627,0.19651515036821365,0.10969696938991547,0.3915151506662369,0.21886336143991444
casia_b_pose,ce,tcn,legacy,db530998948654ed1c47733c4e04d87e7ed03a93fc95af99a622c2920333991b,b060fe06dcb4298c31bdf3dbccb281438e81f18e,1776934f9c734c06a9f275ecbd5dd046382dc45097ba027fd95ceb0add4eb100,test,casia_b_pose_ce_seed44_20260918T113357798846Z,44,global_parts,occluded_gallery,dynamic_joint,0.5012121200561523,0.2273939410490649,0.20022727455943823,0.045393938571214675,0.4558181814849377,0.09056831779353032
casia_b_pose,ce,tcn,legacy,db530998948654ed1c47733c4e04d87e7ed03a93fc95af99a622c2920333991b,b060fe06dcb4298c31bdf3dbccb281438e81f18e,1776934f9c734c06a9f275ecbd5dd046382dc45097ba027fd95ceb0add4eb100,test,casia_b_pose_ce_seed44_20260918T113357798846Z,44,global_parts,occluded_gallery,random_joint,0.5012121200561523,0.1668441551072257,0.13983333278447388,0.0418787881731987,0.45933333188295367,0.08355501891795213
casia_b_pose,ce,tcn,legacy,db530998948654ed1c47733c4e04d87e7ed03a93fc95af99a622c2920333991b,b060fe06dcb4298c31bdf3dbccb281438e81f18e,1776934f9c734c06a9f275ecbd5dd046382dc45097ba027fd95ceb0add4eb100,test,casia_b_pose_ce_seed44_20260918T113357798846Z,44,global_parts,occluded_gallery,temporal,0.5012121200561523,0.3517619013786316,0.326090905815363,0.17224242389202118,0.3289696961641312,0.3436517534187408
casia_b_pose,ce,tcn,legacy,db530998948654ed1c47733c4e04d87e7ed03a93fc95af99a622c2920333991b,b060fe06dcb4298c31bdf3dbccb281438e81f18e,1776934f9c734c06a9f275ecbd5dd046382dc45097ba027fd95ceb0add4eb100,test,casia_b_pose_ce_seed55_20260918T113515725730Z,55,global,clean_gallery,body_part,0.5130302906036377,0.1277878777789218,0.09433333305642008,0.028787879273295403,0.4842424113303423,0.05611341045657018
casia_b_pose,ce,tcn,legacy,db530998948654ed1c47733c4e04d87e7ed03a93fc95af99a622c2920333991b,b060fe06dcb4298c31bdf3dbccb281438e81f18e,1776934f9c734c06a9f275ecbd5dd046382dc45097ba027fd95ceb0add4eb100,test,casia_b_pose_ce_seed55_20260918T113515725730Z,55,global,clean_gallery,dynamic_joint,0.5130302906036377,0.09712986898209368,0.06649999972432852,0.02260606028139591,0.4904242303222418,0.04406379251953592
casia_b_pose,ce,tcn,legacy,db530998948654ed1c47733c4e04d87e7ed03a93fc95af99a622c2920333991b,b060fe06dcb4298c31bdf3dbccb281438e81f18e,1776934f9c734c06a9f275ecbd5dd046382dc45097ba027fd95ceb0add4eb100,test,casia_b_pose_ce_seed55_20260918T113515725730Z,55,global,clean_gallery,random_joint,0.5130302906036377,0.06728138460644655,0.03306060628965497,0.019939394295215608,0.49309089630842207,0.03886592012287359
casia_b_pose,ce,tcn,legacy,db530998948654ed1c47733c4e04d87e7ed03a93fc95af99a622c2920333991b,b060fe06dcb4298c31bdf3dbccb281438e81f18e,1776934f9c734c06a9f275ecbd5dd046382dc45097ba027fd95ceb0add4eb100,test,casia_b_pose_ce_seed55_20260918T113515725730Z,55,global,clean_gallery,temporal,0.5130302906036377,0.12697402515581674,0.09439393952488899,0.04503030329942703,0.46799998730421066,0.08777318634820534
casia_b_pose,ce,tcn,legacy,db530998948654ed1c47733c4e04d87e7ed03a93fc95af99a622c2920333991b,b060fe06dcb4298c31bdf3dbccb281438e81f18e,1776934f9c734c06a9f275ecbd5dd046382dc45097ba027fd95ceb0add4eb100,test,casia_b_pose_ce_seed55_20260918T113515725730Z,55,global,occluded_gallery,body_part,0.5130302906036377,0.22599999798195702,0.200303028896451,0.11939393728971481,0.3936363533139229,0.23272297849944582
casia_b_pose,ce,tcn,legacy,db530998948654ed1c47733c4e04d87e7ed03a93fc95af99a622c2920333991b,b060fe06dcb4298c31bdf3dbccb281438e81f18e,1776934f9c734c06a9f275ecbd5dd046382dc45097ba027fd95ceb0add4eb100,test,casia_b_pose_ce_seed55_20260918T113515725730Z,55,global,occluded_gallery,dynamic_joint,0.5130302906036377,0.23859739920922693,0.20843939147889612,0.04442424327135086,0.46860604733228683,0.08659185253775319
casia_b_pose,ce,tcn,legacy,db530998948654ed1c47733c4e04d87e7ed03a93fc95af99a622c2920333991b,b060fe06dcb4298c31bdf3dbccb281438e81f18e,1776934f9c734c06a9f275ecbd5dd046382dc45097ba027fd95ceb0add4eb100,test,casia_b_pose_ce_seed55_20260918T113515725730Z,55,global,occluded_gallery,random_joint,0.5130302906036377,0.172926403688533,0.14460605811327695,0.039575757831335066,0.47345453277230265,0.07714117188825195
casia_b_pose,ce,tcn,legacy,db530998948654ed1c47733c4e04d87e7ed03a93fc95af99a622c2920333991b,b060fe06dcb4298c31bdf3dbccb281438e81f18e,1776934f9c734c06a9f275ecbd5dd046382dc45097ba027fd95ceb0add4eb100,test,casia_b_pose_ce_seed55_20260918T113515725730Z,55,global,occluded_gallery,temporal,0.5130302906036377,0.33864935338497165,0.3121212154626847,0.16151515245437623,0.3515151381492615,0.31482576255748085
casia_b_pose,ce,tcn,legacy,db530998948654ed1c47733c4e04d87e7ed03a93fc95af99a622c2920333991b,b060fe06dcb4298c31bdf3dbccb281438e81f18e,1776934f9c734c06a9f275ecbd5dd046382dc45097ba027fd95ceb0add4eb100,test,casia_b_pose_ce_seed55_20260918T113515725730Z,55,global_parts,clean_gallery,body_part,0.5136363506317139,0.1374242402613163,0.10339393820613622,0.027272727340459824,0.48636362329125404,0.053097346608972466
casia_b_pose,ce,tcn,legacy,db530998948654ed1c47733c4e04d87e7ed03a93fc95af99a622c2920333991b,b060fe06dcb4298c31bdf3dbccb281438e81f18e,1776934f9c734c06a9f275ecbd5dd046382dc45097ba027fd95ceb0add4eb100,test,casia_b_pose_ce_seed55_20260918T113515725730Z,55,global_parts,clean_gallery,dynamic_joint,0.5136363506317139,0.1082943704511438,0.08015151415020227,0.019999999552965164,0.4936363510787487,0.038938053212876106
casia_b_pose,ce,tcn,legacy,db530998948654ed1c47733c4e04d87e7ed03a93fc95af99a622c2920333991b,b060fe06dcb4298c31bdf3dbccb281438e81f18e,1776934f9c734c06a9f275ecbd5dd046382dc45097ba027fd95ceb0add4eb100,test,casia_b_pose_ce_seed55_20260918T113515725730Z,55,global_parts,clean_gallery,random_joint,0.5136363506317139,0.06668831046138492,0.03333333302289247,0.019999999552965164,0.4936363510787487,0.038938053212876106
casia_b_pose,ce,tcn,legacy,db530998948654ed1c47733c4e04d87e7ed03a93fc95af99a622c2920333991b,b060fe06dcb4298c31bdf3dbccb281438e81f18e,1776934f9c734c06a9f275ecbd5dd046382dc45097ba027fd95ceb0add4eb100,test,casia_b_pose_ce_seed55_20260918T113515725730Z,55,global_parts,clean_gallery,temporal,0.5136363506317139,0.1603766217827797,0.1284242417663336,0.05042424350976944,0.46321210712194444,0.09817109604441625
casia_b_pose,ce,tcn,legacy,db530998948654ed1c47733c4e04d87e7ed03a93fc95af99a622c2920333991b,b060fe06dcb4298c31bdf3dbccb281438e81f18e,1776934f9c734c06a9f275ecbd5dd046382dc45097ba027fd95ceb0add4eb100,test,casia_b_pose_ce_seed55_20260918T113515725730Z,55,global_parts,occluded_gallery,body_part,0.5136363506317139,0.22283116728067398,0.19733333252370355,0.11939393728971481,0.39424241334199905,0.23244837936971158
casia_b_pose,ce,tcn,legacy,db530998948654ed1c47733c4e04d87e7ed03a93fc95af99a622c2920333991b,b060fe06dcb4298c31bdf3dbccb281438e81f18e,1776934f9c734c06a9f275ecbd5dd046382dc45097ba027fd95ceb0add4eb100,test,casia_b_pose_ce_seed55_20260918T113515725730Z,55,global_parts,occluded_gallery,dynamic_joint,0.5136363506317139,0.23780086264014247,0.20978787671774626,0.05042424276471138,0.4632121078670025,0.09817109459386068
casia_b_pose,ce,tcn,legacy,db530998948654ed1c47733c4e04d87e7ed03a93fc95af99a622c2920333991b,b060fe06dcb4298c31bdf3dbccb281438e81f18e,1776934f9c734c06a9f275ecbd5dd046382dc45097ba027fd95ceb0add4eb100,test,casia_b_pose_ce_seed55_20260918T113515725730Z,55,global_parts,occluded_gallery,random_joint,0.5136363506317139,0.1742121216441904,0.14677272904664276,0.04696969762444496,0.4666666530072689,0.09144543131863157
casia_b_pose,ce,tcn,legacy,db530998948654ed1c47733c4e04d87e7ed03a93fc95af99a622c2920333991b,b060fe06dcb4298c31bdf3dbccb281438e81f18e,1776934f9c734c06a9f275ecbd5dd046382dc45097ba027fd95ceb0add4eb100,test,casia_b_pose_ce_seed55_20260918T113515725730Z,55,global_parts,occluded_gallery,temporal,0.5136363506317139,0.3616233778851373,0.3349545478820801,0.17478787899017334,0.3388484716415405,0.3402949942604418
casia_b_pose,generic_supcon,tcn,legacy,01135b144a779bb94b09b7a5dbeaeb76396cbf3a927cd9017dd385c363343aa6,b060fe06dcb4298c31bdf3dbccb281438e81f18e,1776934f9c734c06a9f275ecbd5dd046382dc45097ba027fd95ceb0add4eb100,test,casia_b_pose_generic_supcon_seed11_20260918T120104456714Z,11,global,clean_gallery,body_part,0.4333333373069763,0.0999350660613605,0.07204545550048351,0.022727273404598236,0.4106060639023781,0.052447553529670114
casia_b_pose,generic_supcon,tcn,legacy,01135b144a779bb94b09b7a5dbeaeb76396cbf3a927cd9017dd385c363343aa6,b060fe06dcb4298c31bdf3dbccb281438e81f18e,1776934f9c734c06a9f275ecbd5dd046382dc45097ba027fd95ceb0add4eb100,test,casia_b_pose_generic_supcon_seed11_20260918T120104456714Z,11,global,clean_gallery,dynamic_joint,0.4333333373069763,0.10240692592092923,0.07975757494568823,0.02733333334326744,0.4060000039637089,0.06307692252143601
casia_b_pose,generic_supcon,tcn,legacy,01135b144a779bb94b09b7a5dbeaeb76396cbf3a927cd9017dd385c363343aa6,b060fe06dcb4298c31bdf3dbccb281438e81f18e,1776934f9c734c06a9f275ecbd5dd046382dc45097ba027fd95ceb0add4eb100,test,casia_b_pose_generic_supcon_seed11_20260918T120104456714Z,11,global,clean_gallery,random_joint,0.4333333373069763,0.06319480533046382,0.033666666503995656,0.02072727270424366,0.41260606460273264,0.047832167340405476
casia_b_pose,generic_supcon,tcn,legacy,01135b144a779bb94b09b7a5dbeaeb76396cbf3a927cd9017dd385c363343aa6,b060fe06dcb4298c31bdf3dbccb281438e81f18e,1776934f9c734c06a9f275ecbd5dd046382dc45097ba027fd95ceb0add4eb100,test,casia_b_pose_generic_supcon_seed11_20260918T120104456714Z,11,global,clean_gallery,temporal,0.4333333373069763,0.1575324674802167,0.13162121158093215,0.055696969479322435,0.37763636782765386,0.1285314668505791
casia_b_pose,generic_supcon,tcn,legacy,01135b144a779bb94b09b7a5dbeaeb76396cbf3a927cd9017dd385c363343aa6,b060fe06dcb4298c31bdf3dbccb281438e81f18e,1776934f9c734c06a9f275ecbd5dd046382dc45097ba027fd95ceb0add4eb100,test,casia_b_pose_generic_supcon_seed11_20260918T120104456714Z,11,global,occluded_gallery,body_part,0.4333333373069763,0.24679653474262786,0.22296969443559644,0.09727272391319275,0.33606061339378357,0.2244755146643243
casia_b_pose,generic_supcon,tcn,legacy,01135b144a779bb94b09b7a5dbeaeb76396cbf3a927cd9017dd385c363343aa6,b060fe06dcb4298c31bdf3dbccb281438e81f18e,1776934f9c734c06a9f275ecbd5dd046382dc45097ba027fd95ceb0add4eb100,test,casia_b_pose_generic_supcon_seed11_20260918T120104456714Z,11,global,occluded_gallery,dynamic_joint,0.4333333373069763,0.2500129846589906,0.22486363388597966,0.04539393931627274,0.3879393979907036,0.10475524361541415
casia_b_pose,generic_supcon,tcn,legacy,01135b144a779bb94b09b7a5dbeaeb76396cbf3a927cd9017dd385c363343aa6,b060fe06dcb4298c31bdf3dbccb281438e81f18e,1776934f9c734c06a9f275ecbd5dd046382dc45097ba027fd95ceb0add4eb100,test,casia_b_pose_generic_supcon_seed11_20260918T120104456714Z,11,global,occluded_gallery,random_joint,0.4333333373069763,0.19038961008191108,0.16690909024327993,0.0427272729575634,0.3906060643494129,0.09860139822866919
casia_b_pose,generic_supcon,tcn,legacy,01135b144a779bb94b09b7a5dbeaeb76396cbf3a927cd9017dd385c363343aa6,b060fe06dcb4298c31bdf3dbccb281438e81f18e,1776934f9c734c06a9f275ecbd5dd046382dc45097ba027fd95ceb0add4eb100,test,casia_b_pose_generic_supcon_seed11_20260918T120104456714Z,11,global,occluded_gallery,temporal,0.4333333373069763,0.3634761903967176,0.3438030302524567,0.19327272772789,0.24006060957908631,0.4460139829744377
casia_b_pose,generic_supcon,tcn,legacy,01135b144a779bb94b09b7a5dbeaeb76396cbf3a927cd9017dd385c363343aa6,b060fe06dcb4298c31bdf3dbccb281438e81f18e,1776934f9c734c06a9f275ecbd5dd046382dc45097ba027fd95ceb0add4eb100,test,casia_b_pose_generic_supcon_seed11_20260918T120104456714Z,11,global_parts,clean_gallery,body_part,0.4227272868156433,0.09928571533943926,0.07218181816861033,0.021515151485800743,0.40121213532984257,0.05089605558200876
casia_b_pose,generic_supcon,tcn,legacy,01135b144a779bb94b09b7a5dbeaeb76396cbf3a927cd9017dd385c363343aa6,b060fe06dcb4298c31bdf3dbccb281438e81f18e,1776934f9c734c06a9f275ecbd5dd046382dc45097ba027fd95ceb0add4eb100,test,casia_b_pose_generic_supcon_seed11_20260918T120104456714Z,11,global_parts,clean_gallery,dynamic_joint,0.4227272868156433,0.10683982680950846,0.08549999874085187,0.019757575541734695,0.40272728726267815,0.04731182532271075
casia_b_pose,generic_supcon,tcn,legacy,01135b144a779bb94b09b7a5dbeaeb76396cbf3a927cd9017dd385c363343aa6,b060fe06dcb4298c31bdf3dbccb281438e81f18e,1776934f9c734c06a9f275ecbd5dd046382dc45097ba027fd95ceb0add4eb100,test,casia_b_pose_generic_supcon_seed11_20260918T120104456714Z,11,global_parts,clean_gallery,random_joint,0.4227272868156433,0.05774458955441203,0.03049999978393316,0.019696969538927078,0.40272728726267815,0.04731182532271075
casia_b_pose,generic_supcon,tcn,legacy,01135b144a779bb94b09b7a5dbeaeb76396cbf3a927cd9017dd385c363343aa6,b060fe06dcb4298c31bdf3dbccb281438e81f18e,1776934f9c734c06a9f275ecbd5dd046382dc45097ba027fd95ceb0add4eb100,test,casia_b_pose_generic_supcon_seed11_20260918T120104456714Z,11,global_parts,clean_gallery,temporal,0.4227272868156433,0.18604761766535896,0.15992423966526986,0.057818181812763214,0.3649091050028801,0.1367741889772506
casia_b_pose,generic_supcon,tcn,legacy,01135b144a779bb94b09b7a5dbeaeb76396cbf3a927cd9017dd385c363343aa6,b060fe06dcb4298c31bdf3dbccb281438e81f18e,1776934f9c734c06a9f275ecbd5dd046382dc45097ba027fd95ceb0add4eb100,test,casia_b_pose_generic_supcon_seed11_20260918T120104456714Z,11,global_parts,occluded_gallery,body_part,0.4227272868156433,0.2272770583629608,0.20478787943720816,0.09727272391319275,0.32545456290245056,0.2301075112655659
casia_b_pose,generic_supcon,tcn,legacy,01135b144a779bb94b09b7a5dbeaeb76396cbf3a927cd9017dd385c363343aa6,b060fe06dcb4298c31bdf3dbccb281438e81f18e,1776934f9c734c06a9f275ecbd5dd046382dc45097ba027fd95ceb0add4eb100,test,casia_b_pose_generic_supcon_seed11_20260918T120104456714Z,11,global_parts,occluded_gallery,dynamic_joint,0.4227272868156433,0.23583982959389685,0.2128484869375825,0.04848484918475151,0.3742424376308918,0.1146953383349875
casia_b_pose,generic_supcon,tcn,legacy,01135b144a779bb94b09b7a5dbeaeb76396cbf3a927cd9017dd385c363343aa6,b060fe06dcb4298c31bdf3dbccb281438e81f18e,1776934f9c734c06a9f275ecbd5dd046382dc45097ba027fd95ceb0add4eb100,test,casia_b_pose_generic_supcon_seed11_20260918T120104456714Z,11,global_parts,occluded_gallery,random_joint,0.4227272868156433,0.18278355023690634,0.16006060540676117,0.05187878757715225,0.37084849923849106,0.12272400953330757
casia_b_pose,generic_supcon,tcn,legacy,01135b144a779bb94b09b7a5dbeaeb76396cbf3a927cd9017dd385c363343aa6,b060fe06dcb4298c31bdf3dbccb281438e81f18e,1776934f9c734c06a9f275ecbd5dd046382dc45097ba027fd95ceb0add4eb100,test,casia_b_pose_generic_supcon_seed11_20260918T120104456714Z,11,global_parts,occluded_gallery,temporal,0.4227272868156433,0.36335497966834485,0.3450909100472927,0.2008484870195389,0.22187879979610442,0.4751254373298392
casia_b_pose,generic_supcon,tcn,legacy,01135b144a779bb94b09b7a5dbeaeb76396cbf3a927cd9017dd385c363343aa6,b060fe06dcb4298c31bdf3dbccb281438e81f18e,1776934f9c734c06a9f275ecbd5dd046382dc45097ba027fd95ceb0add4eb100,test,casia_b_pose_generic_supcon_seed22_20260918T120125188973Z,22,global,clean_gallery,body_part,0.4312121272087097,0.09639826858682293,0.06843939376994967,0.021515151485800743,0.409696975722909,0.04989458813477956
casia_b_pose,generic_supcon,tcn,legacy,01135b144a779bb94b09b7a5dbeaeb76396cbf3a927cd9017dd385c363343aa6,b060fe06dcb4298c31bdf3dbccb281438e81f18e,1776934f9c734c06a9f275ecbd5dd046382dc45097ba027fd95ceb0add4eb100,test,casia_b_pose_generic_supcon_seed22_20260918T120125188973Z,22,global,clean_gallery,dynamic_joint,0.4312121272087097,0.09745021723210814,0.07540909135714173,0.02242424227297306,0.40878788493573665,0.0520028098887849
casia_b_pose,generic_supcon,tcn,legacy,01135b144a779bb94b09b7a5dbeaeb76396cbf3a927cd9017dd385c363343aa6,b060fe06dcb4298c31bdf3dbccb281438e81f18e,1776934f9c734c06a9f275ecbd5dd046382dc45097ba027fd95ceb0add4eb100,test,casia_b_pose_generic_supcon_seed22_20260918T120125188973Z,22,global,clean_gallery,random_joint,0.4312121272087097,0.05402164549699851,0.025060606095939873,0.022606060653924943,0.40860606655478476,0.05242445475793275
casia_b_pose,generic_supcon,tcn,legacy,01135b144a779bb94b09b7a5dbeaeb76396cbf3a927cd9017dd385c363343aa6,b060fe06dcb4298c31bdf3dbccb281438e81f18e,1776934f9c734c06a9f275ecbd5dd046382dc45097ba027fd95ceb0add4eb100,test,casia_b_pose_generic_supcon_seed22_20260918T120125188973Z,22,global,clean_gallery,temporal,0.4312121272087097,0.19124675286667686,0.16553030200302601,0.07393939346075058,0.35727273374795915,0.1714687245448535
casia_b_pose,generic_supcon,tcn,legacy,01135b144a779bb94b09b7a5dbeaeb76396cbf3a927cd9017dd385c363343aa6,b060fe06dcb4298c31bdf3dbccb281438e81f18e,1776934f9c734c06a9f275ecbd5dd046382dc45097ba027fd95ceb0add4eb100,test,casia_b_pose_generic_supcon_seed22_20260918T120125188973Z,22,global,occluded_gallery,body_part,0.4312121272087097,0.23749783826725826,0.21240909360349178,0.0854545459151268,0.3457575812935829,0.1981728725216631
casia_b_pose,generic_supcon,tcn,legacy,01135b144a779bb94b09b7a5dbeaeb76396cbf3a927cd9017dd385c363343aa6,b060fe06dcb4298c31bdf3dbccb281438e81f18e,1776934f9c734c06a9f275ecbd5dd046382dc45097ba027fd95ceb0add4eb100,test,casia_b_pose_generic_supcon_seed22_20260918T120125188973Z,22,global,occluded_gallery,dynamic_joint,0.4312121272087097,0.24151948317885405,0.21680303234606982,0.041939393430948255,0.38927273377776145,0.09725930878249464
casia_b_pose,generic_supcon,tcn,legacy,01135b144a779bb94b09b7a5dbeaeb76396cbf3a927cd9017dd385c363343aa6,b060fe06dcb4298c31bdf3dbccb281438e81f18e,1776934f9c734c06a9f275ecbd5dd046382dc45097ba027fd95ceb0add4eb100,test,casia_b_pose_generic_supcon_seed22_20260918T120125188973Z,22,global,occluded_gallery,random_joint,0.4312121272087097,0.18448484859296255,0.16154545396566392,0.04309090822935104,0.3881212189793587,0.09992972254348204
casia_b_pose,generic_supcon,tcn,legacy,01135b144a779bb94b09b7a5dbeaeb76396cbf3a927cd9017dd385c363343aa6,b060fe06dcb4298c31bdf3dbccb281438e81f18e,1776934f9c734c06a9f275ecbd5dd046382dc45097ba027fd95ceb0add4eb100,test,casia_b_pose_generic_supcon_seed22_20260918T120125188973Z,22,global,occluded_gallery,temporal,0.4312121272087097,0.36384415285927907,0.3445757538080216,0.20133333206176757,0.22987879514694215,0.4669009041211886
casia_b_pose,generic_supcon,tcn,legacy,01135b144a779bb94b09b7a5dbeaeb76396cbf3a927cd9017dd385c363343aa6,b060fe06dcb4298c31bdf3dbccb281438e81f18e,1776934f9c734c06a9f275ecbd5dd046382dc45097ba027fd95ceb0add4eb100,test,casia_b_pose_generic_supcon_seed22_20260918T120125188973Z,22,global_parts,clean_gallery,body_part,0.4084848463535309,0.10440259762108327,0.07795454589650035,0.02181818149983883,0.38666666485369205,0.053412462407371346
casia_b_pose,generic_supcon,tcn,legacy,01135b144a779bb94b09b7a5dbeaeb76396cbf3a927cd9017dd385c363343aa6,b060fe06dcb4298c31bdf3dbccb281438e81f18e,1776934f9c734c06a9f275ecbd5dd046382dc45097ba027fd95ceb0add4eb100,test,casia_b_pose_generic_supcon_seed22_20260918T120125188973Z,22,global_parts,clean_gallery,dynamic_joint,0.4084848463535309,0.10717315923954758,0.08713636267930268,0.02133333347737789,0.3842424225062132,0.059347180351303985
casia_b_pose,generic_supcon,tcn,legacy,01135b144a779bb94b09b7a5dbeaeb76396cbf3a927cd9017dd385c363343aa6,b060fe06dcb4298c31bdf3dbccb281438e81f18e,1776934f9c734c06a9f275ecbd5dd046382dc45097ba027fd95ceb0add4eb100,test,casia_b_pose_generic_supcon_seed22_20260918T120125188973Z,22,global_parts,clean_gallery,random_joint,0.4084848463535309,0.05851948011134354,0.0318787875585258,0.019999999552965164,0.3884848468005657,0.04896142349343307
casia_b_pose,generic_supcon,tcn,legacy,01135b144a779bb94b09b7a5dbeaeb76396cbf3a927cd9017dd385c363343aa6,b060fe06dcb4298c31bdf3dbccb281438e81f18e,1776934f9c734c06a9f275ecbd5dd046382dc45097ba027fd95ceb0add4eb100,test,casia_b_pose_generic_supcon_seed22_20260918T120125188973Z,22,global_parts,clean_gallery,temporal,0.4084848463535309,0.21322943823678153,0.18893939554691314,0.08496969938278198,0.3235151469707489,0.2080118764289321
casia_b_pose,generic_supcon,tcn,legacy,01135b144a779bb94b09b7a5dbeaeb76396cbf3a927cd9017dd385c363343aa6,b060fe06dcb4298c31bdf3dbccb281438e81f18e,1776934f9c734c06a9f275ecbd5dd046382dc45097ba027fd95ceb0add4eb100,test,casia_b_pose_generic_supcon_seed22_20260918T120125188973Z,22,global_parts,occluded_gallery,body_part,0.4084848463535309,0.221316017636231,0.19840909130871295,0.0854545459151268,0.3230303004384041,0.2091988152754351
casia_b_pose,generic_supcon,tcn,legacy,01135b144a779bb94b09b7a5dbeaeb76396cbf3a927cd9017dd385c363343aa6,b060fe06dcb4298c31bdf3dbccb281438e81f18e,1776934f9c734c06a9f275ecbd5dd046382dc45097ba027fd95ceb0add4eb100,test,casia_b_pose_generic_supcon_seed22_20260918T120125188973Z,22,global_parts,occluded_gallery,dynamic_joint,0.4084848463535309,0.2318961051957948,0.2102424256503582,0.051999999582767485,0.3564848467707634,0.12729970290688117
casia_b_pose,generic_supcon,tcn,legacy,01135b144a779bb94b09b7a5dbeaeb76396cbf3a927cd9017dd385c363343aa6,b060fe06dcb4298c31bdf3dbccb281438e81f18e,1776934f9c734c06a9f275ecbd5dd046382dc45097ba027fd95ceb0add4eb100,test,casia_b_pose_generic_supcon_seed22_20260918T120125188973Z,22,global_parts,occluded_gallery,random_joint,0.4084848463535309,0.18253679903490203,0.15983333606272934,0.05163636431097984,0.35684848204255104,0.1264094978600263
casia_b_pose,generic_supcon,tcn,legacy,01135b144a779bb94b09b7a5dbeaeb76396cbf3a927cd9017dd385c363343aa6,b060fe06dcb4298c31bdf3dbccb281438e81f18e,1776934f9c734c06a9f275ecbd5dd046382dc45097ba027fd95ceb0add4eb100,test,casia_b_pose_generic_supcon_seed22_20260918T120125188973Z,22,global_parts,occluded_gallery,temporal,0.4084848463535309,0.3580000004598073,0.34024242460727694,0.19775757789611817,0.21072726845741271,0.4841246368413999
casia_b_pose,generic_supcon,tcn,legacy,01135b144a779bb94b09b7a5dbeaeb76396cbf3a927cd9017dd385c363343aa6,b060fe06dcb4298c31bdf3dbccb281438e81f18e,1776934f9c734c06a9f275ecbd5dd046382dc45097ba027fd95ceb0add4eb100,test,casia_b_pose_generic_supcon_seed33_20260918T120846776795Z,33,global,clean_gallery,body_part,0.4381818175315857,0.09651082237916334,0.06871212115511298,0.028787879273295403,0.4093939382582903,0.0656984797668385
casia_b_pose,generic_supcon,tcn,legacy,01135b144a779bb94b09b7a5dbeaeb76396cbf3a927cd9017dd385c363343aa6,b060fe06dcb4298c31bdf3dbccb281438e81f18e,1776934f9c734c06a9f275ecbd5dd046382dc45097ba027fd95ceb0add4eb100,test,casia_b_pose_generic_supcon_seed33_20260918T120846776795Z,33,global,clean_gallery,dynamic_joint,0.4381818175315857,0.09750216454267502,0.07395454552024602,0.027030302584171294,0.4111515149474144,0.06168741262803049
casia_b_pose,generic_supcon,tcn,legacy,01135b144a779bb94b09b7a5dbeaeb76396cbf3a927cd9017dd385c363343aa6,b060fe06dcb4298c31bdf3dbccb281438e81f18e,1776934f9c734c06a9f275ecbd5dd046382dc45097ba027fd95ceb0add4eb100,test,casia_b_pose_generic_supcon_seed33_20260918T120846776795Z,33,global,clean_gallery,random_joint,0.4381818175315857,0.05796969692621914,0.02850000001490116,0.02115151509642601,0.4170303024351597,0.048271092615341876
casia_b_pose,generic_supcon,tcn,legacy,01135b144a779bb94b09b7a5dbeaeb76396cbf3a927cd9017dd385c363343aa6,b060fe06dcb4298c31bdf3dbccb281438e81f18e,1776934f9c734c06a9f275ecbd5dd046382dc45097ba027fd95ceb0add4eb100,test,casia_b_pose_generic_supcon_seed33_20260918T120846776795Z,33,global,clean_gallery,temporal,0.4381818175315857,0.1515974028834275,0.12437878828495741,0.04909090921282768,0.38909090831875803,0.1120331954652341
casia_b_pose,generic_supcon,tcn,legacy,01135b144a779bb94b09b7a5dbeaeb76396cbf3a927cd9017dd385c363343aa6,b060fe06dcb4298c31bdf3dbccb281438e81f18e,1776934f9c734c06a9f275ecbd5dd046382dc45097ba027fd95ceb0add4eb100,test,casia_b_pose_generic_supcon_seed33_20260918T120846776795Z,33,global,occluded_gallery,body_part,0.4381818175315857,0.2386666672570365,0.21421212181448934,0.09333333373069763,0.34484848380088806,0.21300138434879223
casia_b_pose,generic_supcon,tcn,legacy,01135b144a779bb94b09b7a5dbeaeb76396cbf3a927cd9017dd385c363343aa6,b060fe06dcb4298c31bdf3dbccb281438e81f18e,1776934f9c734c06a9f275ecbd5dd046382dc45097ba027fd95ceb0add4eb100,test,casia_b_pose_generic_supcon_seed33_20260918T120846776795Z,33,global,occluded_gallery,dynamic_joint,0.4381818175315857,0.2511645006281989,0.2255151502788067,0.04575757682323456,0.39242424070835114,0.10442600535321435
casia_b_pose,generic_supcon,tcn,legacy,01135b144a779bb94b09b7a5dbeaeb76396cbf3a927cd9017dd385c363343aa6,b060fe06dcb4298c31bdf3dbccb281438e81f18e,1776934f9c734c06a9f275ecbd5dd046382dc45097ba027fd95ceb0add4eb100,test,casia_b_pose_generic_supcon_seed33_20260918T120846776795Z,33,global,occluded_gallery,random_joint,0.4381818175315857,0.19146753326058386,0.16839394029229876,0.042969696968793866,0.3952121205627918,0.0980636239332237
casia_b_pose,generic_supcon,tcn,legacy,01135b144a779bb94b09b7a5dbeaeb76396cbf3a927cd9017dd385c363343aa6,b060fe06dcb4298c31bdf3dbccb281438e81f18e,1776934f9c734c06a9f275ecbd5dd046382dc45097ba027fd95ceb0add4eb100,test,casia_b_pose_generic_supcon_seed33_20260918T120846776795Z,33,global,occluded_gallery,temporal,0.4381818175315857,0.3648441544600896,0.34516666531562806,0.20109090805053711,0.23709090948104858,0.45892116013244155
casia_b_pose,generic_supcon,tcn,legacy,01135b144a779bb94b09b7a5dbeaeb76396cbf3a927cd9017dd385c363343aa6,b060fe06dcb4298c31bdf3dbccb281438e81f18e,1776934f9c734c06a9f275ecbd5dd046382dc45097ba027fd95ceb0add4eb100,test,casia_b_pose_generic_supcon_seed33_20260918T120846776795Z,33,global_parts,clean_gallery,body_part,0.4245454668998718,0.0972424257014479,0.07063636425882577,0.026969697326421738,0.3975757695734501,0.06352605181103603
casia_b_pose,generic_supcon,tcn,legacy,01135b144a779bb94b09b7a5dbeaeb76396cbf3a927cd9017dd385c363343aa6,b060fe06dcb4298c31bdf3dbccb281438e81f18e,1776934f9c734c06a9f275ecbd5dd046382dc45097ba027fd95ceb0add4eb100,test,casia_b_pose_generic_supcon_seed33_20260918T120846776795Z,33,global_parts,clean_gallery,dynamic_joint,0.4245454668998718,0.10547619078840528,0.08319696905091405,0.019999999552965164,0.40454546734690666,0.047109205284912685
casia_b_pose,generic_supcon,tcn,legacy,01135b144a779bb94b09b7a5dbeaeb76396cbf3a927cd9017dd385c363343aa6,b060fe06dcb4298c31bdf3dbccb281438e81f18e,1776934f9c734c06a9f275ecbd5dd046382dc45097ba027fd95ceb0add4eb100,test,casia_b_pose_generic_supcon_seed33_20260918T120846776795Z,33,global_parts,clean_gallery,random_joint,0.4245454668998718,0.05923809590084212,0.03206060584634543,0.019999999552965164,0.40454546734690666,0.047109205284912685
casia_b_pose,generic_supcon,tcn,legacy,01135b144a779bb94b09b7a5dbeaeb76396cbf3a927cd9017dd385c363343aa6,b060fe06dcb4298c31bdf3dbccb281438e81f18e,1776934f9c734c06a9f275ecbd5dd046382dc45097ba027fd95ceb0add4eb100,test,casia_b_pose_generic_supcon_seed33_20260918T120846776795Z,33,global_parts,clean_gallery,temporal,0.4245454668998718,0.1765151530504227,0.15059090964496136,0.06375757604837418,0.36078789085149765,0.15017844028331426
casia_b_pose,generic_supcon,tcn,legacy,01135b144a779bb94b09b7a5dbeaeb76396cbf3a927cd9017dd385c363343aa6,b060fe06dcb4298c31bdf3dbccb281438e81f18e,1776934f9c734c06a9f275ecbd5dd046382dc45097ba027fd95ceb0add4eb100,test,casia_b_pose_generic_supcon_seed33_20260918T120846776795Z,33,global_parts,occluded_gallery,body_part,0.4245454668998718,0.22512554100581578,0.20209090784192085,0.09333333373069763,0.3312121331691742,0.21984296384610816
casia_b_pose,generic_supcon,tcn,legacy,01135b144a779bb94b09b7a5dbeaeb76396cbf3a927cd9017dd385c363343aa6,b060fe06dcb4298c31bdf3dbccb281438e81f18e,1776934f9c734c06a9f275ecbd5dd046382dc45097ba027fd95ceb0add4eb100,test,casia_b_pose_generic_supcon_seed33_20260918T120846776795Z,33,global_parts,occluded_gallery,dynamic_joint,0.4245454668998718,0.24495671082820214,0.22190909069031475,0.052666666358709334,0.3718788005411625,0.12405424263105054
casia_b_pose,generic_supcon,tcn,legacy,01135b144a779bb94b09b7a5dbeaeb76396cbf3a927cd9017dd385c363343aa6,b060fe06dcb4298c31bdf3dbccb281438e81f18e,1776934f9c734c06a9f275ecbd5dd046382dc45097ba027fd95ceb0add4eb100,test,casia_b_pose_generic_supcon_seed33_20260918T120846776795Z,33,global_parts,occluded_gallery,random_joint,0.4245454668998718,0.19140692672559195,0.16842424161732195,0.04915151447057724,0.3753939524292946,0.1157744418506994
casia_b_pose,generic_supcon,tcn,legacy,01135b144a779bb94b09b7a5dbeaeb76396cbf3a927cd9017dd385c363343aa6,b060fe06dcb4298c31bdf3dbccb281438e81f18e,1776934f9c734c06a9f275ecbd5dd046382dc45097ba027fd95ceb0add4eb100,test,casia_b_pose_generic_supcon_seed33_20260918T120846776795Z,33,global_parts,occluded_gallery,temporal,0.4245454668998718,0.3661904769284385,0.3478181816637516,0.2050909072160721,0.21945455968379973,0.4830834933033035
casia_b_pose,generic_supcon,tcn,legacy,01135b144a779bb94b09b7a5dbeaeb76396cbf3a927cd9017dd385c363343aa6,b060fe06dcb4298c31bdf3dbccb281438e81f18e,1776934f9c734c06a9f275ecbd5dd046382dc45097ba027fd95ceb0add4eb100,test,casia_b_pose_generic_supcon_seed44_20260918T122633463704Z,44,global,clean_gallery,body_part,0.4424242377281189,0.09830735852675779,0.06998484795913101,0.02909090928733349,0.4133333284407854,0.06575342579944864
casia_b_pose,generic_supcon,tcn,legacy,01135b144a779bb94b09b7a5dbeaeb76396cbf3a927cd9017dd385c363343aa6,b060fe06dcb4298c31bdf3dbccb281438e81f18e,1776934f9c734c06a9f275ecbd5dd046382dc45097ba027fd95ceb0add4eb100,test,casia_b_pose_generic_supcon_seed44_20260918T122633463704Z,44,global,clean_gallery,dynamic_joint,0.4424242377281189,0.09631601752979413,0.072484849113971,0.020363636314868927,0.42206060141324997,0.0460273976386052
casia_b_pose,generic_supcon,tcn,legacy,01135b144a779bb94b09b7a5dbeaeb76396cbf3a927cd9017dd385c363343aa6,b060fe06dcb4298c31bdf3dbccb281438e81f18e,1776934f9c734c06a9f275ecbd5dd046382dc45097ba027fd95ceb0add4eb100,test,casia_b_pose_generic_supcon_seed44_20260918T122633463704Z,44,global,clean_gallery,random_joint,0.4424242377281189,0.05416450159890311,0.0243484846316278,0.019999999552965164,0.42242423817515373,0.04520547892146831
casia_b_pose,generic_supcon,tcn,legacy,01135b144a779bb94b09b7a5dbeaeb76396cbf3a927cd9017dd385c363343aa6,b060fe06dcb4298c31bdf3dbccb281438e81f18e,1776934f9c734c06a9f275ecbd5dd046382dc45097ba027fd95ceb0add4eb100,test,casia_b_pose_generic_supcon_seed44_20260918T122633463704Z,44,global,clean_gallery,temporal,0.4424242377281189,0.16254545386348454,0.1344999995082617,0.04739393889904022,0.3950302988290787,0.10712328768968805
casia_b_pose,generic_supcon,tcn,legacy,01135b144a779bb94b09b7a5dbeaeb76396cbf3a927cd9017dd385c363343aa6,b060fe06dcb4298c31bdf3dbccb281438e81f18e,1776934f9c734c06a9f275ecbd5dd046382dc45097ba027fd95ceb0add4eb100,test,casia_b_pose_generic_supcon_seed44_20260918T122633463704Z,44,global,occluded_gallery,body_part,0.4424242377281189,0.24630302829401834,0.22160605862736704,0.09424242377281189,0.348181813955307,0.21301369982972382
casia_b_pose,generic_supcon,tcn,legacy,01135b144a779bb94b09b7a5dbeaeb76396cbf3a927cd9017dd385c363343aa6,b060fe06dcb4298c31bdf3dbccb281438e81f18e,1776934f9c734c06a9f275ecbd5dd046382dc45097ba027fd95ceb0add4eb100,test,casia_b_pose_generic_supcon_seed44_20260918T122633463704Z,44,global,occluded_gallery,dynamic_joint,0.4424242377281189,0.2393982701003552,0.21403030473738913,0.04127272740006447,0.4011515103280544,0.09328767251089808
casia_b_pose,generic_supcon,tcn,legacy,01135b144a779bb94b09b7a5dbeaeb76396cbf3a927cd9017dd385c363343aa6,b060fe06dcb4298c31bdf3dbccb281438e81f18e,1776934f9c734c06a9f275ecbd5dd046382dc45097ba027fd95ceb0add4eb100,test,casia_b_pose_generic_supcon_seed44_20260918T122633463704Z,44,global,occluded_gallery,random_joint,0.4424242377281189,0.18229004251105443,0.15906060561537744,0.041757576167583466,0.40066666156053543,0.09438356357240214
casia_b_pose,generic_supcon,tcn,legacy,01135b144a779bb94b09b7a5dbeaeb76396cbf3a927cd9017dd385c363343aa6,b060fe06dcb4298c31bdf3dbccb281438e81f18e,1776934f9c734c06a9f275ecbd5dd046382dc45097ba027fd95ceb0add4eb100,test,casia_b_pose_generic_supcon_seed44_20260918T122633463704Z,44,global,occluded_gallery,temporal,0.4424242377281189,0.37557142887796674,0.3561212129890919,0.20903030335903167,0.23339393436908723,0.4724657591826743
casia_b_pose,generic_supcon,tcn,legacy,01135b144a779bb94b09b7a5dbeaeb76396cbf3a927cd9017dd385c363343aa6,b060fe06dcb4298c31bdf3dbccb281438e81f18e,1776934f9c734c06a9f275ecbd5dd046382dc45097ba027fd95ceb0add4eb100,test,casia_b_pose_generic_supcon_seed44_20260918T122633463704Z,44,global_parts,clean_gallery,body_part,0.44969695806503296,0.11035930716565678,0.08054545521736145,0.019999999552965164,0.4296969585120678,0.04447439368729922
casia_b_pose,generic_supcon,tcn,legacy,01135b144a779bb94b09b7a5dbeaeb76396cbf3a927cd9017dd385c363343aa6,b060fe06dcb4298c31bdf3dbccb281438e81f18e,1776934f9c734c06a9f275ecbd5dd046382dc45097ba027fd95ceb0add4eb100,test,casia_b_pose_generic_supcon_seed44_20260918T122633463704Z,44,global_parts,clean_gallery,dynamic_joint,0.44969695806503296,0.10568831025489739,0.08315151445567609,0.020484848693013192,0.42921210937201976,0.04555256228807039
casia_b_pose,generic_supcon,tcn,legacy,01135b144a779bb94b09b7a5dbeaeb76396cbf3a927cd9017dd385c363343aa6,b060fe06dcb4298c31bdf3dbccb281438e81f18e,1776934f9c734c06a9f275ecbd5dd046382dc45097ba027fd95ceb0add4eb100,test,casia_b_pose_generic_supcon_seed44_20260918T122633463704Z,44,global_parts,clean_gallery,random_joint,0.44969695806503296,0.05746320262551308,0.02827272731810808,0.0203636359423399,0.424363624304533,0.05633423421297943
casia_b_pose,generic_supcon,tcn,legacy,01135b144a779bb94b09b7a5dbeaeb76396cbf3a927cd9017dd385c363343aa6,b060fe06dcb4298c31bdf3dbccb281438e81f18e,1776934f9c734c06a9f275ecbd5dd046382dc45097ba027fd95ceb0add4eb100,test,casia_b_pose_generic_supcon_seed44_20260918T122633463704Z,44,global_parts,clean_gallery,temporal,0.44969695806503296,0.20180952517049655,0.17345454785972833,0.06272727325558662,0.3869696848094463,0.1394878754027847
casia_b_pose,generic_supcon,tcn,legacy,01135b144a779bb94b09b7a5dbeaeb76396cbf3a927cd9017dd385c363343aa6,b060fe06dcb4298c31bdf3dbccb281438e81f18e,1776934f9c734c06a9f275ecbd5dd046382dc45097ba027fd95ceb0add4eb100,test,casia_b_pose_generic_supcon_seed44_20260918T122633463704Z,44,global_parts,occluded_gallery,body_part,0.44969695806503296,0.23018614649772648,0.20590909123420714,0.09424242377281189,0.35545453429222107,0.20956873753009247
casia_b_pose,generic_supcon,tcn,legacy,01135b144a779bb94b09b7a5dbeaeb76396cbf3a927cd9017dd385c363343aa6,b060fe06dcb4298c31bdf3dbccb281438e81f18e,1776934f9c734c06a9f275ecbd5dd046382dc45097ba027fd95ceb0add4eb100,test,casia_b_pose_generic_supcon_seed44_20260918T122633463704Z,44,global_parts,occluded_gallery,dynamic_joint,0.44969695806503296,0.24688744204384944,0.22233333066105843,0.05272727310657501,0.39696968495845797,0.11725067773073496
casia_b_pose,generic_supcon,tcn,legacy,01135b144a779bb94b09b7a5dbeaeb76396cbf3a927cd9017dd385c363343aa6,b060fe06dcb4298c31bdf3dbccb281438e81f18e,1776934f9c734c06a9f275ecbd5dd046382dc45097ba027fd95ceb0add4eb100,test,casia_b_pose_generic_supcon_seed44_20260918T122633463704Z,44,global_parts,occluded_gallery,random_joint,0.44969695806503296,0.19293073639273645,0.16821212265640498,0.051151514798402783,0.39854544326663016,0.11374663288472923
casia_b_pose,generic_supcon,tcn,legacy,01135b144a779bb94b09b7a5dbeaeb76396cbf3a927cd9017dd385c363343aa6,b060fe06dcb4298c31bdf3dbccb281438e81f18e,1776934f9c734c06a9f275ecbd5dd046382dc45097ba027fd95ceb0add4eb100,test,casia_b_pose_generic_supcon_seed44_20260918T122633463704Z,44,global_parts,occluded_gallery,temporal,0.44969695806503296,0.37877922015530713,0.35936363637447355,0.21333333253860473,0.23636362552642823,0.4743935415007933
casia_b_pose,generic_supcon,tcn,legacy,01135b144a779bb94b09b7a5dbeaeb76396cbf3a927cd9017dd385c363343aa6,b060fe06dcb4298c31bdf3dbccb281438e81f18e,1776934f9c734c06a9f275ecbd5dd046382dc45097ba027fd95ceb0add4eb100,test,casia_b_pose_generic_supcon_seed55_20260918T122636126238Z,55,global,clean_gallery,body_part,0.41818180680274963,0.09106060466063874,0.06333333267830313,0.01484848465770483,0.4033333221450448,0.03550724688677967
casia_b_pose,generic_supcon,tcn,legacy,01135b144a779bb94b09b7a5dbeaeb76396cbf3a927cd9017dd385c363343aa6,b060fe06dcb4298c31bdf3dbccb281438e81f18e,1776934f9c734c06a9f275ecbd5dd046382dc45097ba027fd95ceb0add4eb100,test,casia_b_pose_generic_supcon_seed55_20260918T122636126238Z,55,global,clean_gallery,dynamic_joint,0.41818180680274963,0.09762770485665118,0.07634848486632109,0.020787878707051278,0.39739392809569835,0.0497101460869067
casia_b_pose,generic_supcon,tcn,legacy,01135b144a779bb94b09b7a5dbeaeb76396cbf3a927cd9017dd385c363343aa6,b060fe06dcb4298c31bdf3dbccb281438e81f18e,1776934f9c734c06a9f275ecbd5dd046382dc45097ba027fd95ceb0add4eb100,test,casia_b_pose_generic_supcon_seed55_20260918T122636126238Z,55,global,clean_gallery,random_joint,0.41818180680274963,0.0599350640816348,0.03225757572799921,0.026727272570133208,0.39145453423261645,0.06391304484161857
casia_b_pose,generic_supcon,tcn,legacy,01135b144a779bb94b09b7a5dbeaeb76396cbf3a927cd9017dd385c363343aa6,b060fe06dcb4298c31bdf3dbccb281438e81f18e,1776934f9c734c06a9f275ecbd5dd046382dc45097ba027fd95ceb0add4eb100,test,casia_b_pose_generic_supcon_seed55_20260918T122636126238Z,55,global,clean_gallery,temporal,0.41818180680274963,0.15073160209826061,0.12553030401468276,0.046606060862541196,0.3715757459402084,0.11144927900826783
casia_b_pose,generic_supcon,tcn,legacy,01135b144a779bb94b09b7a5dbeaeb76396cbf3a927cd9017dd385c363343aa6,b060fe06dcb4298c31bdf3dbccb281438e81f18e,1776934f9c734c06a9f275ecbd5dd046382dc45097ba027fd95ceb0add4eb100,test,casia_b_pose_generic_supcon_seed55_20260918T122636126238Z,55,global,occluded_gallery,body_part,0.41818180680274963,0.23741991370916368,0.2149090927094221,0.09848485141992569,0.31969695538282394,0.2355072598038192
casia_b_pose,generic_supcon,tcn,legacy,01135b144a779bb94b09b7a5dbeaeb76396cbf3a927cd9017dd385c363343aa6,b060fe06dcb4298c31bdf3dbccb281438e81f18e,1776934f9c734c06a9f275ecbd5dd046382dc45097ba027fd95ceb0add4eb100,test,casia_b_pose_generic_supcon_seed55_20260918T122636126238Z,55,global,occluded_gallery,dynamic_joint,0.41818180680274963,0.24120346563202993,0.21772727593779562,0.04684848487377167,0.37133332192897794,0.11202898861611507
casia_b_pose,generic_supcon,tcn,legacy,01135b144a779bb94b09b7a5dbeaeb76396cbf3a927cd9017dd385c363343aa6,b060fe06dcb4298c31bdf3dbccb281438e81f18e,1776934f9c734c06a9f275ecbd5dd046382dc45097ba027fd95ceb0add4eb100,test,casia_b_pose_generic_supcon_seed55_20260918T122636126238Z,55,global,occluded_gallery,random_joint,0.41818180680274963,0.18378787796412194,0.16130303014069797,0.0396969698369503,0.3784848369657993,0.0949275391496761
casia_b_pose,generic_supcon,tcn,legacy,01135b144a779bb94b09b7a5dbeaeb76396cbf3a927cd9017dd385c363343aa6,b060fe06dcb4298c31bdf3dbccb281438e81f18e,1776934f9c734c06a9f275ecbd5dd046382dc45097ba027fd95ceb0add4eb100,test,casia_b_pose_generic_supcon_seed55_20260918T122636126238Z,55,global,occluded_gallery,temporal,0.41818180680274963,0.3604112518685205,0.3424999974668026,0.20139394104480743,0.2167878657579422,0.4815942199508504
casia_b_pose,generic_supcon,tcn,legacy,01135b144a779bb94b09b7a5dbeaeb76396cbf3a927cd9017dd385c363343aa6,b060fe06dcb4298c31bdf3dbccb281438e81f18e,1776934f9c734c06a9f275ecbd5dd046382dc45097ba027fd95ceb0add4eb100,test,casia_b_pose_generic_supcon_seed55_20260918T122636126238Z,55,global_parts,clean_gallery,body_part,0.40939393639564514,0.09427705609372684,0.06859090905636549,0.02757575735449791,0.38181817904114723,0.06735751290622008
casia_b_pose,generic_supcon,tcn,legacy,01135b144a779bb94b09b7a5dbeaeb76396cbf3a927cd9017dd385c363343aa6,b060fe06dcb4298c31bdf3dbccb281438e81f18e,1776934f9c734c06a9f275ecbd5dd046382dc45097ba027fd95ceb0add4eb100,test,casia_b_pose_generic_supcon_seed55_20260918T122636126238Z,55,global_parts,clean_gallery,dynamic_joint,0.40939393639564514,0.10740259789994787,0.08774242512881755,0.019999999552965164,0.38939393684268,0.04885270096828408
casia_b_pose,generic_supcon,tcn,legacy,01135b144a779bb94b09b7a5dbeaeb76396cbf3a927cd9017dd385c363343aa6,b060fe06dcb4298c31bdf3dbccb281438e81f18e,1776934f9c734c06a9f275ecbd5dd046382dc45097ba027fd95ceb0add4eb100,test,casia_b_pose_generic_supcon_seed55_20260918T122636126238Z,55,global_parts,clean_gallery,random_joint,0.40939393639564514,0.05677489122109755,0.030454545095562936,0.019999999552965164,0.38939393684268,0.04885270096828408
casia_b_pose,generic_supcon,tcn,legacy,01135b144a779bb94b09b7a5dbeaeb76396cbf3a927cd9017dd385c363343aa6,b060fe06dcb4298c31bdf3dbccb281438e81f18e,1776934f9c734c06a9f275ecbd5dd046382dc45097ba027fd95ceb0add4eb100,test,casia_b_pose_generic_supcon_seed55_20260918T122636126238Z,55,global_parts,clean_gallery,temporal,0.40939393639564514,0.17971428760460445,0.1544545479118824,0.04733333289623261,0.36206060349941255,0.1156180604748598
casia_b_pose,generic_supcon,tcn,legacy,01135b144a779bb94b09b7a5dbeaeb76396cbf3a927cd9017dd385c363343aa6,b060fe06dcb4298c31bdf3dbccb281438e81f18e,1776934f9c734c06a9f275ecbd5dd046382dc45097ba027fd95ceb0add4eb100,test,casia_b_pose_generic_supcon_seed55_20260918T122636126238Z,55,global_parts,occluded_gallery,body_part,0.40939393639564514,0.22017316030604503,0.19906060658395291,0.09848485141992569,0.31090908497571945,0.240562555193168
casia_b_pose,generic_supcon,tcn,legacy,01135b144a779bb94b09b7a5dbeaeb76396cbf3a927cd9017dd385c363343aa6,b060fe06dcb4298c31bdf3dbccb281438e81f18e,1776934f9c734c06a9f275ecbd5dd046382dc45097ba027fd95ceb0add4eb100,test,casia_b_pose_generic_supcon_seed55_20260918T122636126238Z,55,global_parts,occluded_gallery,dynamic_joint,0.40939393639564514,0.2341385265546186,0.21234848368912934,0.05242424234747887,0.35696969404816625,0.12805329460672618
casia_b_pose,generic_supcon,tcn,legacy,01135b144a779bb94b09b7a5dbeaeb76396cbf3a927cd9017dd385c363343aa6,b060fe06dcb4298c31bdf3dbccb281438e81f18e,1776934f9c734c06a9f275ecbd5dd046382dc45097ba027fd95ceb0add4eb100,test,casia_b_pose_generic_supcon_seed55_20260918T122636126238Z,55,global_parts,occluded_gallery,random_joint,0.40939393639564514,0.1851904770093305,0.16369697097688912,0.05236363634467125,0.3570303000509739,0.1279052562568151
casia_b_pose,generic_supcon,tcn,legacy,01135b144a779bb94b09b7a5dbeaeb76396cbf3a927cd9017dd385c363343aa6,b060fe06dcb4298c31bdf3dbccb281438e81f18e,1776934f9c734c06a9f275ecbd5dd046382dc45097ba027fd95ceb0add4eb100,test,casia_b_pose_generic_supcon_seed55_20260918T122636126238Z,55,global_parts,occluded_gallery,temporal,0.40939393639564514,0.3614328988960811,0.34477272555232047,0.20993939340114592,0.19945454299449922,0.5128053318265491
casia_b_pose,global_occlusion_supcon,tcn,legacy,631d7c8c11284d270be06c885fe49a7e894fd4ccf81bbc944066ba0890d5a30a,b060fe06dcb4298c31bdf3dbccb281438e81f18e,1776934f9c734c06a9f275ecbd5dd046382dc45097ba027fd95ceb0add4eb100,test,casia_b_pose_global_occlusion_supcon_seed11_20260918T123239656884Z,11,global,clean_gallery,body_part,0.3657575845718384,0.08726839848927088,0.06322727221995592,0.027878787368535995,0.3378787972033024,0.0762220348791163
casia_b_pose,global_occlusion_supcon,tcn,legacy,631d7c8c11284d270be06c885fe49a7e894fd4ccf81bbc944066ba0890d5a30a,b060fe06dcb4298c31bdf3dbccb281438e81f18e,1776934f9c734c06a9f275ecbd5dd046382dc45097ba027fd95ceb0add4eb100,test,casia_b_pose_global_occlusion_supcon_seed11_20260918T123239656884Z,11,global,clean_gallery,dynamic_joint,0.3657575845718384,0.14665800950356891,0.12330303043127058,0.07115151584148408,0.29460606873035433,0.1945318944644037
casia_b_pose,global_occlusion_supcon,tcn,legacy,631d7c8c11284d270be06c885fe49a7e894fd4ccf81bbc944066ba0890d5a30a,b060fe06dcb4298c31bdf3dbccb281438e81f18e,1776934f9c734c06a9f275ecbd5dd046382dc45097ba027fd95ceb0add4eb100,test,casia_b_pose_global_occlusion_supcon_seed11_20260918T123239656884Z,11,global,clean_gallery,random_joint,0.3657575845718384,0.1452554104583604,0.1195606045424938,0.04933333247900009,0.3164242520928383,0.1348798618537206
casia_b_pose,global_occlusion_supcon,tcn,legacy,631d7c8c11284d270be06c885fe49a7e894fd4ccf81bbc944066ba0890d5a30a,b060fe06dcb4298c31bdf3dbccb281438e81f18e,1776934f9c734c06a9f275ecbd5dd046382dc45097ba027fd95ceb0add4eb100,test,casia_b_pose_global_occlusion_supcon_seed11_20260918T123239656884Z,11,global,clean_gallery,temporal,0.3657575845718384,0.1520173160093171,0.13301515057682992,0.11133333146572114,0.25442425310611727,0.30439103975396625
casia_b_pose,global_occlusion_supcon,tcn,legacy,631d7c8c11284d270be06c885fe49a7e894fd4ccf81bbc944066ba0890d5a30a,b060fe06dcb4298c31bdf3dbccb281438e81f18e,1776934f9c734c06a9f275ecbd5dd046382dc45097ba027fd95ceb0add4eb100,test,casia_b_pose_global_occlusion_supcon_seed11_20260918T123239656884Z,11,global,occluded_gallery,body_part,0.3657575845718384,0.20578355086701255,0.18492424301803112,0.08393939584493637,0.281818188726902,0.22949461442664862
casia_b_pose,global_occlusion_supcon,tcn,legacy,631d7c8c11284d270be06c885fe49a7e894fd4ccf81bbc944066ba0890d5a30a,b060fe06dcb4298c31bdf3dbccb281438e81f18e,1776934f9c734c06a9f275ecbd5dd046382dc45097ba027fd95ceb0add4eb100,test,casia_b_pose_global_occlusion_supcon_seed11_20260918T123239656884Z,11,global,occluded_gallery,dynamic_joint,0.3657575845718384,0.2870779222675732,0.26606060527265074,0.1111515149474144,0.254606069624424,0.3038939440655212
casia_b_pose,global_occlusion_supcon,tcn,legacy,631d7c8c11284d270be06c885fe49a7e894fd4ccf81bbc944066ba0890d5a30a,b060fe06dcb4298c31bdf3dbccb281438e81f18e,1776934f9c734c06a9f275ecbd5dd046382dc45097ba027fd95ceb0add4eb100,test,casia_b_pose_global_occlusion_supcon_seed11_20260918T123239656884Z,11,global,occluded_gallery,random_joint,0.3657575845718384,0.3126709963594164,0.29619696959853176,0.1719393938779831,0.19381819069385528,0.4700911235491072
casia_b_pose,global_occlusion_supcon,tcn,legacy,631d7c8c11284d270be06c885fe49a7e894fd4ccf81bbc944066ba0890d5a30a,b060fe06dcb4298c31bdf3dbccb281438e81f18e,1776934f9c734c06a9f275ecbd5dd046382dc45097ba027fd95ceb0add4eb100,test,casia_b_pose_global_occlusion_supcon_seed11_20260918T123239656884Z,11,global,occluded_gallery,temporal,0.3657575845718384,0.2946580082178116,0.2810454539954662,0.18266666829586028,0.1830909162759781,0.4994200421289767
casia_b_pose,global_occlusion_supcon,tcn,legacy,631d7c8c11284d270be06c885fe49a7e894fd4ccf81bbc944066ba0890d5a30a,b060fe06dcb4298c31bdf3dbccb281438e81f18e,1776934f9c734c06a9f275ecbd5dd046382dc45097ba027fd95ceb0add4eb100,test,casia_b_pose_global_occlusion_supcon_seed11_20260918T123239656884Z,11,global_parts,clean_gallery,body_part,0.3439393937587738,0.09258008673787116,0.07045454569160937,0.03030303120613098,0.3136363625526428,0.08810572954427079
casia_b_pose,global_occlusion_supcon,tcn,legacy,631d7c8c11284d270be06c885fe49a7e894fd4ccf81bbc944066ba0890d5a30a,b060fe06dcb4298c31bdf3dbccb281438e81f18e,1776934f9c734c06a9f275ecbd5dd046382dc45097ba027fd95ceb0add4eb100,test,casia_b_pose_global_occlusion_supcon_seed11_20260918T123239656884Z,11,global_parts,clean_gallery,dynamic_joint,0.3439393937587738,0.1801255415592875,0.15818181857466698,0.0743030309677124,0.2696363627910614,0.21603524433675592
casia_b_pose,global_occlusion_supcon,tcn,legacy,631d7c8c11284d270be06c885fe49a7e894fd4ccf81bbc944066ba0890d5a30a,b060fe06dcb4298c31bdf3dbccb281438e81f18e,1776934f9c734c06a9f275ecbd5dd046382dc45097ba027fd95ceb0add4eb100,test,casia_b_pose_global_occlusion_supcon_seed11_20260918T123239656884Z,11,global_parts,clean_gallery,random_joint,0.3439393937587738,0.16761904773967606,0.1449090911075473,0.05054545477032661,0.2933939389884472,0.14696035315389694
casia_b_pose,global_occlusion_supcon,tcn,legacy,631d7c8c11284d270be06c885fe49a7e894fd4ccf81bbc944066ba0890d5a30a,b060fe06dcb4298c31bdf3dbccb281438e81f18e,1776934f9c734c06a9f275ecbd5dd046382dc45097ba027fd95ceb0add4eb100,test,casia_b_pose_global_occlusion_supcon_seed11_20260918T123239656884Z,11,global_parts,clean_gallery,temporal,0.3439393937587738,0.20414285638502666,0.19046969637274744,0.1648484855890274,0.1790909081697464,0.4792951565898437
casia_b_pose,global_occlusion_supcon,tcn,legacy,631d7c8c11284d270be06c885fe49a7e894fd4ccf81bbc944066ba0890d5a30a,b060fe06dcb4298c31bdf3dbccb281438e81f18e,1776934f9c734c06a9f275ecbd5dd046382dc45097ba027fd95ceb0add4eb100,test,casia_b_pose_global_occlusion_supcon_seed11_20260918T123239656884Z,11,global_parts,occluded_gallery,body_part,0.3439393937587738,0.19701731737170902,0.17831818349659442,0.08393939584493637,0.25999999791383743,0.24405286910463161
casia_b_pose,global_occlusion_supcon,tcn,legacy,631d7c8c11284d270be06c885fe49a7e894fd4ccf81bbc944066ba0890d5a30a,b060fe06dcb4298c31bdf3dbccb281438e81f18e,1776934f9c734c06a9f275ecbd5dd046382dc45097ba027fd95ceb0add4eb100,test,casia_b_pose_global_occlusion_supcon_seed11_20260918T123239656884Z,11,global_parts,occluded_gallery,dynamic_joint,0.3439393937587738,0.30432034411600656,0.28496969453990456,0.12539393752813338,0.21854545623064042,0.36458149256400674
casia_b_pose,global_occlusion_supcon,tcn,legacy,631d7c8c11284d270be06c885fe49a7e894fd4ccf81bbc944066ba0890d5a30a,b060fe06dcb4298c31bdf3dbccb281438e81f18e,1776934f9c734c06a9f275ecbd5dd046382dc45097ba027fd95ceb0add4eb100,test,casia_b_pose_global_occlusion_supcon_seed11_20260918T123239656884Z,11,global_parts,occluded_gallery,random_joint,0.3439393937587738,0.32754978367260523,0.31316666677594185,0.18733333051204681,0.156606063246727,0.5446695956074034
casia_b_pose,global_occlusion_supcon,tcn,legacy,631d7c8c11284d270be06c885fe49a7e894fd4ccf81bbc944066ba0890d5a30a,b060fe06dcb4298c31bdf3dbccb281438e81f18e,1776934f9c734c06a9f275ecbd5dd046382dc45097ba027fd95ceb0add4eb100,test,casia_b_pose_global_occlusion_supcon_seed11_20260918T123239656884Z,11,global_parts,occluded_gallery,temporal,0.3439393937587738,0.30134198793343137,0.28951514810323714,0.19060605764389038,0.15333333611488342,0.5541850137049853
casia_b_pose,global_occlusion_supcon,tcn,legacy,631d7c8c11284d270be06c885fe49a7e894fd4ccf81bbc944066ba0890d5a30a,b060fe06dcb4298c31bdf3dbccb281438e81f18e,1776934f9c734c06a9f275ecbd5dd046382dc45097ba027fd95ceb0add4eb100,test,casia_b_pose_global_occlusion_supcon_seed22_20260918T125143744019Z,22,global,clean_gallery,body_part,0.3696969747543335,0.09375757617609841,0.06892424244433641,0.02393939346075058,0.3457575812935829,0.06475409618014454
casia_b_pose,global_occlusion_supcon,tcn,legacy,631d7c8c11284d270be06c885fe49a7e894fd4ccf81bbc944066ba0890d5a30a,b060fe06dcb4298c31bdf3dbccb281438e81f18e,1776934f9c734c06a9f275ecbd5dd046382dc45097ba027fd95ceb0add4eb100,test,casia_b_pose_global_occlusion_supcon_seed22_20260918T125143744019Z,22,global,clean_gallery,dynamic_joint,0.3696969747543335,0.1976103893348149,0.1695757567882538,0.06884848475456237,0.3008484899997711,0.18622950539509478
casia_b_pose,global_occlusion_supcon,tcn,legacy,631d7c8c11284d270be06c885fe49a7e894fd4ccf81bbc944066ba0890d5a30a,b060fe06dcb4298c31bdf3dbccb281438e81f18e,1776934f9c734c06a9f275ecbd5dd046382dc45097ba027fd95ceb0add4eb100,test,casia_b_pose_global_occlusion_supcon_seed22_20260918T125143744019Z,22,global,clean_gallery,random_joint,0.3696969747543335,0.15408658044678825,0.129090909101069,0.029999999701976775,0.33969697505235674,0.08114753906739974
casia_b_pose,global_occlusion_supcon,tcn,legacy,631d7c8c11284d270be06c885fe49a7e894fd4ccf81bbc944066ba0890d5a30a,b060fe06dcb4298c31bdf3dbccb281438e81f18e,1776934f9c734c06a9f275ecbd5dd046382dc45097ba027fd95ceb0add4eb100,test,casia_b_pose_global_occlusion_supcon_seed22_20260918T125143744019Z,22,global,clean_gallery,temporal,0.3696969747543335,0.19047186310802183,0.17231818288564682,0.13896969556808472,0.23072727918624877,0.375901630410774
casia_b_pose,global_occlusion_supcon,tcn,legacy,631d7c8c11284d270be06c885fe49a7e894fd4ccf81bbc944066ba0890d5a30a,b060fe06dcb4298c31bdf3dbccb281438e81f18e,1776934f9c734c06a9f275ecbd5dd046382dc45097ba027fd95ceb0add4eb100,test,casia_b_pose_global_occlusion_supcon_seed22_20260918T125143744019Z,22,global,occluded_gallery,body_part,0.3696969747543335,0.19576190667493004,0.1766969718039036,0.09121212363243103,0.27848485112190247,0.24672131464706248
casia_b_pose,global_occlusion_supcon,tcn,legacy,631d7c8c11284d270be06c885fe49a7e894fd4ccf81bbc944066ba0890d5a30a,b060fe06dcb4298c31bdf3dbccb281438e81f18e,1776934f9c734c06a9f275ecbd5dd046382dc45097ba027fd95ceb0add4eb100,test,casia_b_pose_global_occlusion_supcon_seed22_20260918T125143744019Z,22,global,occluded_gallery,dynamic_joint,0.3696969747543335,0.2879090917961938,0.2659393943846226,0.1053333342075348,0.26436364054679873,0.2849180312539198
casia_b_pose,global_occlusion_supcon,tcn,legacy,631d7c8c11284d270be06c885fe49a7e894fd4ccf81bbc944066ba0890d5a30a,b060fe06dcb4298c31bdf3dbccb281438e81f18e,1776934f9c734c06a9f275ecbd5dd046382dc45097ba027fd95ceb0add4eb100,test,casia_b_pose_global_occlusion_supcon_seed22_20260918T125143744019Z,22,global,occluded_gallery,random_joint,0.3696969747543335,0.3027315999780382,0.28404545187950136,0.14830302596092224,0.22139394879341126,0.40114752375096047
casia_b_pose,global_occlusion_supcon,tcn,legacy,631d7c8c11284d270be06c885fe49a7e894fd4ccf81bbc944066ba0890d5a30a,b060fe06dcb4298c31bdf3dbccb281438e81f18e,1776934f9c734c06a9f275ecbd5dd046382dc45097ba027fd95ceb0add4eb100,test,casia_b_pose_global_occlusion_supcon_seed22_20260918T125143744019Z,22,global,occluded_gallery,temporal,0.3696969747543335,0.2961948024375098,0.28204545229673383,0.18654545545578002,0.18315151929855347,0.5045901594941125
casia_b_pose,global_occlusion_supcon,tcn,legacy,631d7c8c11284d270be06c885fe49a7e894fd4ccf81bbc944066ba0890d5a30a,b060fe06dcb4298c31bdf3dbccb281438e81f18e,1776934f9c734c06a9f275ecbd5dd046382dc45097ba027fd95ceb0add4eb100,test,casia_b_pose_global_occlusion_supcon_seed22_20260918T125143744019Z,22,global_parts,clean_gallery,body_part,0.3521212041378021,0.09984848339642798,0.07609090823680162,0.019393939524888992,0.33272726461291313,0.05507745428843644
casia_b_pose,global_occlusion_supcon,tcn,legacy,631d7c8c11284d270be06c885fe49a7e894fd4ccf81bbc944066ba0890d5a30a,b060fe06dcb4298c31bdf3dbccb281438e81f18e,1776934f9c734c06a9f275ecbd5dd046382dc45097ba027fd95ceb0add4eb100,test,casia_b_pose_global_occlusion_supcon_seed22_20260918T125143744019Z,22,global_parts,clean_gallery,dynamic_joint,0.3521212041378021,0.22733766117266246,0.20265151448547838,0.09539393931627274,0.2567272648215294,0.2709122262314554
casia_b_pose,global_occlusion_supcon,tcn,legacy,631d7c8c11284d270be06c885fe49a7e894fd4ccf81bbc944066ba0890d5a30a,b060fe06dcb4298c31bdf3dbccb281438e81f18e,1776934f9c734c06a9f275ecbd5dd046382dc45097ba027fd95ceb0add4eb100,test,casia_b_pose_global_occlusion_supcon_seed22_20260918T125143744019Z,22,global_parts,clean_gallery,random_joint,0.3521212041378021,0.18741558364459443,0.16345454528927802,0.047090908885002135,0.3050302952528,0.13373494220635795
casia_b_pose,global_occlusion_supcon,tcn,legacy,631d7c8c11284d270be06c885fe49a7e894fd4ccf81bbc944066ba0890d5a30a,b060fe06dcb4298c31bdf3dbccb281438e81f18e,1776934f9c734c06a9f275ecbd5dd046382dc45097ba027fd95ceb0add4eb100,test,casia_b_pose_global_occlusion_supcon_seed22_20260918T125143744019Z,22,global_parts,clean_gallery,temporal,0.3521212041378021,0.22665367892810276,0.21215151473879812,0.17666666507720946,0.17545453906059266,0.5017211772571106
casia_b_pose,global_occlusion_supcon,tcn,legacy,631d7c8c11284d270be06c885fe49a7e894fd4ccf81bbc944066ba0890d5a30a,b060fe06dcb4298c31bdf3dbccb281438e81f18e,1776934f9c734c06a9f275ecbd5dd046382dc45097ba027fd95ceb0add4eb100,test,casia_b_pose_global_occlusion_supcon_seed22_20260918T125143744019Z,22,global_parts,occluded_gallery,body_part,0.3521212041378021,0.18225973887102948,0.16472727209329605,0.09121212363243103,0.2609090805053711,0.25903615732478097
casia_b_pose,global_occlusion_supcon,tcn,legacy,631d7c8c11284d270be06c885fe49a7e894fd4ccf81bbc944066ba0890d5a30a,b060fe06dcb4298c31bdf3dbccb281438e81f18e,1776934f9c734c06a9f275ecbd5dd046382dc45097ba027fd95ceb0add4eb100,test,casia_b_pose_global_occlusion_supcon_seed22_20260918T125143744019Z,22,global_parts,occluded_gallery,dynamic_joint,0.3521212041378021,0.29684848125491825,0.27583332993090154,0.1115151509642601,0.24060605317354203,0.31669535845566066
casia_b_pose,global_occlusion_supcon,tcn,legacy,631d7c8c11284d270be06c885fe49a7e894fd4ccf81bbc944066ba0890d5a30a,b060fe06dcb4298c31bdf3dbccb281438e81f18e,1776934f9c734c06a9f275ecbd5dd046382dc45097ba027fd95ceb0add4eb100,test,casia_b_pose_global_occlusion_supcon_seed22_20260918T125143744019Z,22,global_parts,occluded_gallery,random_joint,0.3521212041378021,0.3101341950041907,0.29207575395703317,0.14818181693553925,0.20393938720226287,0.4208261677917826
casia_b_pose,global_occlusion_supcon,tcn,legacy,631d7c8c11284d270be06c885fe49a7e894fd4ccf81bbc944066ba0890d5a30a,b060fe06dcb4298c31bdf3dbccb281438e81f18e,1776934f9c734c06a9f275ecbd5dd046382dc45097ba027fd95ceb0add4eb100,test,casia_b_pose_global_occlusion_supcon_seed22_20260918T125143744019Z,22,global_parts,occluded_gallery,temporal,0.3521212041378021,0.2973809518984386,0.28434848561882975,0.1863030344247818,0.16581816971302032,0.5290878033913357
casia_b_pose,global_occlusion_supcon,tcn,legacy,631d7c8c11284d270be06c885fe49a7e894fd4ccf81bbc944066ba0890d5a30a,b060fe06dcb4298c31bdf3dbccb281438e81f18e,1776934f9c734c06a9f275ecbd5dd046382dc45097ba027fd95ceb0add4eb100,test,casia_b_pose_global_occlusion_supcon_seed33_20260918T125154084039Z,33,global,clean_gallery,body_part,0.34969696402549744,0.08177489148718971,0.05918181817978621,0.02818181738257408,0.32151514664292336,0.08058925378751433
casia_b_pose,global_occlusion_supcon,tcn,legacy,631d7c8c11284d270be06c885fe49a7e894fd4ccf81bbc944066ba0890d5a30a,b060fe06dcb4298c31bdf3dbccb281438e81f18e,1776934f9c734c06a9f275ecbd5dd046382dc45097ba027fd95ceb0add4eb100,test,casia_b_pose_global_occlusion_supcon_seed33_20260918T125154084039Z,33,global,clean_gallery,dynamic_joint,0.34969696402549744,0.1387532453451838,0.11756060495972633,0.07139393985271454,0.2783030241727829,0.20415945003030966
casia_b_pose,global_occlusion_supcon,tcn,legacy,631d7c8c11284d270be06c885fe49a7e894fd4ccf81bbc944066ba0890d5a30a,b060fe06dcb4298c31bdf3dbccb281438e81f18e,1776934f9c734c06a9f275ecbd5dd046382dc45097ba027fd95ceb0add4eb100,test,casia_b_pose_global_occlusion_supcon_seed33_20260918T125154084039Z,33,global,clean_gallery,random_joint,0.34969696402549744,0.15517748892307281,0.13227272741496565,0.06527272760868072,0.2844242364168167,0.18665511663956422
casia_b_pose,global_occlusion_supcon,tcn,legacy,631d7c8c11284d270be06c885fe49a7e894fd4ccf81bbc944066ba0890d5a30a,b060fe06dcb4298c31bdf3dbccb281438e81f18e,1776934f9c734c06a9f275ecbd5dd046382dc45097ba027fd95ceb0add4eb100,test,casia_b_pose_global_occlusion_supcon_seed33_20260918T125154084039Z,33,global,clean_gallery,temporal,0.34969696402549744,0.15128138533660343,0.1334848489612341,0.11460606008768082,0.23509090393781662,0.32772963988135895
casia_b_pose,global_occlusion_supcon,tcn,legacy,631d7c8c11284d270be06c885fe49a7e894fd4ccf81bbc944066ba0890d5a30a,b060fe06dcb4298c31bdf3dbccb281438e81f18e,1776934f9c734c06a9f275ecbd5dd046382dc45097ba027fd95ceb0add4eb100,test,casia_b_pose_global_occlusion_supcon_seed33_20260918T125154084039Z,33,global,occluded_gallery,body_part,0.34969696402549744,0.19925974032708577,0.18042424283921718,0.08696969598531723,0.2627272680401802,0.24870017452875573
casia_b_pose,global_occlusion_supcon,tcn,legacy,631d7c8c11284d270be06c885fe49a7e894fd4ccf81bbc944066ba0890d5a30a,b060fe06dcb4298c31bdf3dbccb281438e81f18e,1776934f9c734c06a9f275ecbd5dd046382dc45097ba027fd95ceb0add4eb100,test,casia_b_pose_global_occlusion_supcon_seed33_20260918T125154084039Z,33,global,occluded_gallery,dynamic_joint,0.34969696402549744,0.2816450208425522,0.26143939420580864,0.11266666650772095,0.2370302975177765,0.3221837136095528
casia_b_pose,global_occlusion_supcon,tcn,legacy,631d7c8c11284d270be06c885fe49a7e894fd4ccf81bbc944066ba0890d5a30a,b060fe06dcb4298c31bdf3dbccb281438e81f18e,1776934f9c734c06a9f275ecbd5dd046382dc45097ba027fd95ceb0add4eb100,test,casia_b_pose_global_occlusion_supcon_seed33_20260918T125154084039Z,33,global,occluded_gallery,random_joint,0.34969696402549744,0.30515151705060684,0.2890757597982883,0.16666666567325591,0.18303029835224152,0.4766031244729473
casia_b_pose,global_occlusion_supcon,tcn,legacy,631d7c8c11284d270be06c885fe49a7e894fd4ccf81bbc944066ba0890d5a30a,b060fe06dcb4298c31bdf3dbccb281438e81f18e,1776934f9c734c06a9f275ecbd5dd046382dc45097ba027fd95ceb0add4eb100,test,casia_b_pose_global_occlusion_supcon_seed33_20260918T125154084039Z,33,global,occluded_gallery,temporal,0.34969696402549744,0.28597835344927647,0.2730151504278183,0.1824848473072052,0.16721211671829223,0.5218370934838876
casia_b_pose,global_occlusion_supcon,tcn,legacy,631d7c8c11284d270be06c885fe49a7e894fd4ccf81bbc944066ba0890d5a30a,b060fe06dcb4298c31bdf3dbccb281438e81f18e,1776934f9c734c06a9f275ecbd5dd046382dc45097ba027fd95ceb0add4eb100,test,casia_b_pose_global_occlusion_supcon_seed33_20260918T125154084039Z,33,global_parts,clean_gallery,body_part,0.35121211409568787,0.08527272678911685,0.062045454513281584,0.022424241527915,0.32878787256777287,0.06384814369417083
casia_b_pose,global_occlusion_supcon,tcn,legacy,631d7c8c11284d270be06c885fe49a7e894fd4ccf81bbc944066ba0890d5a30a,b060fe06dcb4298c31bdf3dbccb281438e81f18e,1776934f9c734c06a9f275ecbd5dd046382dc45097ba027fd95ceb0add4eb100,test,casia_b_pose_global_occlusion_supcon_seed33_20260918T125154084039Z,33,global_parts,clean_gallery,dynamic_joint,0.35121211409568787,0.14194372296333313,0.12142424322664738,0.07624242603778839,0.27496968805789945,0.2170837023492194
casia_b_pose,global_occlusion_supcon,tcn,legacy,631d7c8c11284d270be06c885fe49a7e894fd4ccf81bbc944066ba0890d5a30a,b060fe06dcb4298c31bdf3dbccb281438e81f18e,1776934f9c734c06a9f275ecbd5dd046382dc45097ba027fd95ceb0add4eb100,test,casia_b_pose_global_occlusion_supcon_seed33_20260918T125154084039Z,33,global_parts,clean_gallery,random_joint,0.35121211409568787,0.15440259788717545,0.1326212130486965,0.07751515209674835,0.2736969619989395,0.2207075125991506
casia_b_pose,global_occlusion_supcon,tcn,legacy,631d7c8c11284d270be06c885fe49a7e894fd4ccf81bbc944066ba0890d5a30a,b060fe06dcb4298c31bdf3dbccb281438e81f18e,1776934f9c734c06a9f275ecbd5dd046382dc45097ba027fd95ceb0add4eb100,test,casia_b_pose_global_occlusion_supcon_seed33_20260918T125154084039Z,33,global_parts,clean_gallery,temporal,0.35121211409568787,0.17496969785009114,0.15845454707741738,0.1414545476436615,0.20975756645202637,0.40276101525678626
casia_b_pose,global_occlusion_supcon,tcn,legacy,631d7c8c11284d270be06c885fe49a7e894fd4ccf81bbc944066ba0890d5a30a,b060fe06dcb4298c31bdf3dbccb281438e81f18e,1776934f9c734c06a9f275ecbd5dd046382dc45097ba027fd95ceb0add4eb100,test,casia_b_pose_global_occlusion_supcon_seed33_20260918T125154084039Z,33,global_parts,occluded_gallery,body_part,0.35121211409568787,0.19025541096925738,0.17198484875261782,0.08696969598531723,0.26424241811037064,0.24762726709825933
casia_b_pose,global_occlusion_supcon,tcn,legacy,631d7c8c11284d270be06c885fe49a7e894fd4ccf81bbc944066ba0890d5a30a,b060fe06dcb4298c31bdf3dbccb281438e81f18e,1776934f9c734c06a9f275ecbd5dd046382dc45097ba027fd95ceb0add4eb100,test,casia_b_pose_global_occlusion_supcon_seed33_20260918T125154084039Z,33,global_parts,occluded_gallery,dynamic_joint,0.35121211409568787,0.29986146773610795,0.27962120845913885,0.12187878787517548,0.2293333262205124,0.3470233029660519
casia_b_pose,global_occlusion_supcon,tcn,legacy,631d7c8c11284d270be06c885fe49a7e894fd4ccf81bbc944066ba0890d5a30a,b060fe06dcb4298c31bdf3dbccb281438e81f18e,1776934f9c734c06a9f275ecbd5dd046382dc45097ba027fd95ceb0add4eb100,test,casia_b_pose_global_occlusion_supcon_seed33_20260918T125154084039Z,33,global_parts,occluded_gallery,random_joint,0.35121211409568787,0.3281428592545646,0.31301515400409696,0.18727272748947144,0.16393938660621643,0.5332183030521803
casia_b_pose,global_occlusion_supcon,tcn,legacy,631d7c8c11284d270be06c885fe49a7e894fd4ccf81bbc944066ba0890d5a30a,b060fe06dcb4298c31bdf3dbccb281438e81f18e,1776934f9c734c06a9f275ecbd5dd046382dc45097ba027fd95ceb0add4eb100,test,casia_b_pose_global_occlusion_supcon_seed33_20260918T125154084039Z,33,global_parts,occluded_gallery,temporal,0.35121211409568787,0.29999999787126264,0.28707575649023054,0.18806060552597045,0.1631515085697174,0.5354616141592806
casia_b_pose,global_occlusion_supcon,tcn,legacy,631d7c8c11284d270be06c885fe49a7e894fd4ccf81bbc944066ba0890d5a30a,b060fe06dcb4298c31bdf3dbccb281438e81f18e,1776934f9c734c06a9f275ecbd5dd046382dc45097ba027fd95ceb0add4eb100,test,casia_b_pose_global_occlusion_supcon_seed44_20260918T125712695298Z,44,global,clean_gallery,body_part,0.355151504278183,0.08737229369580746,0.06424242435023189,0.02606060542166233,0.32909089885652065,0.07337884003793937
casia_b_pose,global_occlusion_supcon,tcn,legacy,631d7c8c11284d270be06c885fe49a7e894fd4ccf81bbc944066ba0890d5a30a,b060fe06dcb4298c31bdf3dbccb281438e81f18e,1776934f9c734c06a9f275ecbd5dd046382dc45097ba027fd95ceb0add4eb100,test,casia_b_pose_global_occlusion_supcon_seed44_20260918T125712695298Z,44,global,clean_gallery,dynamic_joint,0.355151504278183,0.18309956501637187,0.15713636260479688,0.05533333346247673,0.2998181708157063,0.1558020529152405
casia_b_pose,global_occlusion_supcon,tcn,legacy,631d7c8c11284d270be06c885fe49a7e894fd4ccf81bbc944066ba0890d5a30a,b060fe06dcb4298c31bdf3dbccb281438e81f18e,1776934f9c734c06a9f275ecbd5dd046382dc45097ba027fd95ceb0add4eb100,test,casia_b_pose_global_occlusion_supcon_seed44_20260918T125712695298Z,44,global,clean_gallery,random_joint,0.355151504278183,0.16492640557033678,0.1417575752362609,0.04521212056279182,0.30993938371539115,0.12730375633543167
casia_b_pose,global_occlusion_supcon,tcn,legacy,631d7c8c11284d270be06c885fe49a7e894fd4ccf81bbc944066ba0890d5a30a,b060fe06dcb4298c31bdf3dbccb281438e81f18e,1776934f9c734c06a9f275ecbd5dd046382dc45097ba027fd95ceb0add4eb100,test,casia_b_pose_global_occlusion_supcon_seed44_20260918T125712695298Z,44,global,clean_gallery,temporal,0.355151504278183,0.19487878722803936,0.1787878789007664,0.14642424285411834,0.20872726142406464,0.41228670325278194
casia_b_pose,global_occlusion_supcon,tcn,legacy,631d7c8c11284d270be06c885fe49a7e894fd4ccf81bbc944066ba0890d5a30a,b060fe06dcb4298c31bdf3dbccb281438e81f18e,1776934f9c734c06a9f275ecbd5dd046382dc45097ba027fd95ceb0add4eb100,test,casia_b_pose_global_occlusion_supcon_seed44_20260918T125712695298Z,44,global,occluded_gallery,body_part,0.355151504278183,0.20082683967692513,0.1813787888735533,0.08484848588705063,0.27030301839113235,0.2389078600680529
casia_b_pose,global_occlusion_supcon,tcn,legacy,631d7c8c11284d270be06c885fe49a7e894fd4ccf81bbc944066ba0890d5a30a,b060fe06dcb4298c31bdf3dbccb281438e81f18e,1776934f9c734c06a9f275ecbd5dd046382dc45097ba027fd95ceb0add4eb100,test,casia_b_pose_global_occlusion_supcon_seed44_20260918T125712695298Z,44,global,occluded_gallery,dynamic_joint,0.355151504278183,0.28434632079941885,0.2633787892758846,0.10824242532253266,0.24690907895565034,0.30477816936894786
casia_b_pose,global_occlusion_supcon,tcn,legacy,631d7c8c11284d270be06c885fe49a7e894fd4ccf81bbc944066ba0890d5a30a,b060fe06dcb4298c31bdf3dbccb281438e81f18e,1776934f9c734c06a9f275ecbd5dd046382dc45097ba027fd95ceb0add4eb100,test,casia_b_pose_global_occlusion_supcon_seed44_20260918T125712695298Z,44,global,occluded_gallery,random_joint,0.355151504278183,0.30447619216782706,0.2875757597386837,0.15903030335903168,0.1961212009191513,0.44778158460076933
casia_b_pose,global_occlusion_supcon,tcn,legacy,631d7c8c11284d270be06c885fe49a7e894fd4ccf81bbc944066ba0890d5a30a,b060fe06dcb4298c31bdf3dbccb281438e81f18e,1776934f9c734c06a9f275ecbd5dd046382dc45097ba027fd95ceb0add4eb100,test,casia_b_pose_global_occlusion_supcon_seed44_20260918T125712695298Z,44,global,occluded_gallery,temporal,0.355151504278183,0.29239393430096766,0.2795151472091675,0.1882424235343933,0.16690908074378968,0.5300341439267756
casia_b_pose,global_occlusion_supcon,tcn,legacy,631d7c8c11284d270be06c885fe49a7e894fd4ccf81bbc944066ba0890d5a30a,b060fe06dcb4298c31bdf3dbccb281438e81f18e,1776934f9c734c06a9f275ecbd5dd046382dc45097ba027fd95ceb0add4eb100,test,casia_b_pose_global_occlusion_supcon_seed44_20260918T125712695298Z,44,global_parts,clean_gallery,body_part,0.35848483443260193,0.09593073448964529,0.07148484811186791,0.019090909510850906,0.339393924921751,0.053254441128778494
casia_b_pose,global_occlusion_supcon,tcn,legacy,631d7c8c11284d270be06c885fe49a7e894fd4ccf81bbc944066ba0890d5a30a,b060fe06dcb4298c31bdf3dbccb281438e81f18e,1776934f9c734c06a9f275ecbd5dd046382dc45097ba027fd95ceb0add4eb100,test,casia_b_pose_global_occlusion_supcon_seed44_20260918T125712695298Z,44,global_parts,clean_gallery,dynamic_joint,0.35848483443260193,0.18826839817421778,0.16413636431097986,0.07236363589763642,0.28612119853496554,0.2018596853955376
casia_b_pose,global_occlusion_supcon,tcn,legacy,631d7c8c11284d270be06c885fe49a7e894fd4ccf81bbc944066ba0890d5a30a,b060fe06dcb4298c31bdf3dbccb281438e81f18e,1776934f9c734c06a9f275ecbd5dd046382dc45097ba027fd95ceb0add4eb100,test,casia_b_pose_global_occlusion_supcon_seed44_20260918T125712695298Z,44,global_parts,clean_gallery,random_joint,0.35848483443260193,0.1705541104078293,0.14766666553914548,0.05527272820472717,0.30321210622787476,0.15418428590490038
casia_b_pose,global_occlusion_supcon,tcn,legacy,631d7c8c11284d270be06c885fe49a7e894fd4ccf81bbc944066ba0890d5a30a,b060fe06dcb4298c31bdf3dbccb281438e81f18e,1776934f9c734c06a9f275ecbd5dd046382dc45097ba027fd95ceb0add4eb100,test,casia_b_pose_global_occlusion_supcon_seed44_20260918T125712695298Z,44,global_parts,clean_gallery,temporal,0.35848483443260193,0.211999999838216,0.19703030362725257,0.16842424273490905,0.19006059169769288,0.4698225044902818
casia_b_pose,global_occlusion_supcon,tcn,legacy,631d7c8c11284d270be06c885fe49a7e894fd4ccf81bbc944066ba0890d5a30a,b060fe06dcb4298c31bdf3dbccb281438e81f18e,1776934f9c734c06a9f275ecbd5dd046382dc45097ba027fd95ceb0add4eb100,test,casia_b_pose_global_occlusion_supcon_seed44_20260918T125712695298Z,44,global_parts,occluded_gallery,body_part,0.35848483443260193,0.19141125530004502,0.1725000012665987,0.08484848588705063,0.2736363485455513,0.23668640270751212
casia_b_pose,global_occlusion_supcon,tcn,legacy,631d7c8c11284d270be06c885fe49a7e894fd4ccf81bbc944066ba0890d5a30a,b060fe06dcb4298c31bdf3dbccb281438e81f18e,1776934f9c734c06a9f275ecbd5dd046382dc45097ba027fd95ceb0add4eb100,test,casia_b_pose_global_occlusion_supcon_seed44_20260918T125712695298Z,44,global_parts,occluded_gallery,dynamic_joint,0.35848483443260193,0.29608657551663264,0.27503029964864256,0.1164848491549492,0.24199998527765273,0.32493661646612637
casia_b_pose,global_occlusion_supcon,tcn,legacy,631d7c8c11284d270be06c885fe49a7e894fd4ccf81bbc944066ba0890d5a30a,b060fe06dcb4298c31bdf3dbccb281438e81f18e,1776934f9c734c06a9f275ecbd5dd046382dc45097ba027fd95ceb0add4eb100,test,casia_b_pose_global_occlusion_supcon_seed44_20260918T125712695298Z,44,global_parts,occluded_gallery,random_joint,0.35848483443260193,0.31900432535580225,0.30272726938128475,0.17357575595378877,0.18490907847881316,0.4841927448019351
casia_b_pose,global_occlusion_supcon,tcn,legacy,631d7c8c11284d270be06c885fe49a7e894fd4ccf81bbc944066ba0890d5a30a,b060fe06dcb4298c31bdf3dbccb281438e81f18e,1776934f9c734c06a9f275ecbd5dd046382dc45097ba027fd95ceb0add4eb100,test,casia_b_pose_global_occlusion_supcon_seed44_20260918T125712695298Z,44,global_parts,occluded_gallery,temporal,0.35848483443260193,0.30305627627032145,0.29080303087830545,0.2008484870195389,0.15763634741306304,0.5602705267502747
casia_b_pose,global_occlusion_supcon,tcn,legacy,631d7c8c11284d270be06c885fe49a7e894fd4ccf81bbc944066ba0890d5a30a,b060fe06dcb4298c31bdf3dbccb281438e81f18e,1776934f9c734c06a9f275ecbd5dd046382dc45097ba027fd95ceb0add4eb100,test,casia_b_pose_global_occlusion_supcon_seed55_20260918T131725828814Z,55,global,clean_gallery,body_part,0.35363635420799255,0.09184415457504136,0.06887878738343715,0.02666666731238365,0.3269696868956089,0.07540703040021601
casia_b_pose,global_occlusion_supcon,tcn,legacy,631d7c8c11284d270be06c885fe49a7e894fd4ccf81bbc944066ba0890d5a30a,b060fe06dcb4298c31bdf3dbccb281438e81f18e,1776934f9c734c06a9f275ecbd5dd046382dc45097ba027fd95ceb0add4eb100,test,casia_b_pose_global_occlusion_supcon_seed55_20260918T131725828814Z,55,global,clean_gallery,dynamic_joint,0.35363635420799255,0.1785064920783043,0.15371212027966977,0.060787878930568695,0.29284847527742386,0.1718937496307749
casia_b_pose,global_occlusion_supcon,tcn,legacy,631d7c8c11284d270be06c885fe49a7e894fd4ccf81bbc944066ba0890d5a30a,b060fe06dcb4298c31bdf3dbccb281438e81f18e,1776934f9c734c06a9f275ecbd5dd046382dc45097ba027fd95ceb0add4eb100,test,casia_b_pose_global_occlusion_supcon_seed55_20260918T131725828814Z,55,global,clean_gallery,random_joint,0.35363635420799255,0.15248051807284355,0.1290606053546071,0.03345454558730125,0.3201818086206913,0.0946015453140455
casia_b_pose,global_occlusion_supcon,tcn,legacy,631d7c8c11284d270be06c885fe49a7e894fd4ccf81bbc944066ba0890d5a30a,b060fe06dcb4298c31bdf3dbccb281438e81f18e,1776934f9c734c06a9f275ecbd5dd046382dc45097ba027fd95ceb0add4eb100,test,casia_b_pose_global_occlusion_supcon_seed55_20260918T131725828814Z,55,global,clean_gallery,temporal,0.35363635420799255,0.19283116757869723,0.17643939331173897,0.14442424178123475,0.2092121124267578,0.4083976097556166
casia_b_pose,global_occlusion_supcon,tcn,legacy,631d7c8c11284d270be06c885fe49a7e894fd4ccf81bbc944066ba0890d5a30a,b060fe06dcb4298c31bdf3dbccb281438e81f18e,1776934f9c734c06a9f275ecbd5dd046382dc45097ba027fd95ceb0add4eb100,test,casia_b_pose_global_occlusion_supcon_seed55_20260918T131725828814Z,55,global,occluded_gallery,body_part,0.35363635420799255,0.19596969634294512,0.17669696994125844,0.08575757592916489,0.26787877827882767,0.24250214919568547
casia_b_pose,global_occlusion_supcon,tcn,legacy,631d7c8c11284d270be06c885fe49a7e894fd4ccf81bbc944066ba0890d5a30a,b060fe06dcb4298c31bdf3dbccb281438e81f18e,1776934f9c734c06a9f275ecbd5dd046382dc45097ba027fd95ceb0add4eb100,test,casia_b_pose_global_occlusion_supcon_seed55_20260918T131725828814Z,55,global,occluded_gallery,dynamic_joint,0.35363635420799255,0.2818787896207401,0.26096969954669474,0.10806060582399368,0.24557574838399887,0.3055698446671505
casia_b_pose,global_occlusion_supcon,tcn,legacy,631d7c8c11284d270be06c885fe49a7e894fd4ccf81bbc944066ba0890d5a30a,b060fe06dcb4298c31bdf3dbccb281438e81f18e,1776934f9c734c06a9f275ecbd5dd046382dc45097ba027fd95ceb0add4eb100,test,casia_b_pose_global_occlusion_supcon_seed55_20260918T131725828814Z,55,global,occluded_gallery,random_joint,0.35363635420799255,0.30527705507619046,0.28818181753158567,0.15884848237037658,0.19478787183761598,0.4491859518406562
casia_b_pose,global_occlusion_supcon,tcn,legacy,631d7c8c11284d270be06c885fe49a7e894fd4ccf81bbc944066ba0890d5a30a,b060fe06dcb4298c31bdf3dbccb281438e81f18e,1776934f9c734c06a9f275ecbd5dd046382dc45097ba027fd95ceb0add4eb100,test,casia_b_pose_global_occlusion_supcon_seed55_20260918T131725828814Z,55,global,occluded_gallery,temporal,0.35363635420799255,0.29160172598702566,0.27872726768255235,0.18854545354843139,0.16509090065956117,0.5331619651229004
casia_b_pose,global_occlusion_supcon,tcn,legacy,631d7c8c11284d270be06c885fe49a7e894fd4ccf81bbc944066ba0890d5a30a,b060fe06dcb4298c31bdf3dbccb281438e81f18e,1776934f9c734c06a9f275ecbd5dd046382dc45097ba027fd95ceb0add4eb100,test,casia_b_pose_global_occlusion_supcon_seed55_20260918T131725828814Z,55,global_parts,clean_gallery,body_part,0.35969698429107666,0.10489610534693512,0.08103030351921915,0.020606061443686485,0.3390909228473902,0.057287278858616994
casia_b_pose,global_occlusion_supcon,tcn,legacy,631d7c8c11284d270be06c885fe49a7e894fd4ccf81bbc944066ba0890d5a30a,b060fe06dcb4298c31bdf3dbccb281438e81f18e,1776934f9c734c06a9f275ecbd5dd046382dc45097ba027fd95ceb0add4eb100,test,casia_b_pose_global_occlusion_supcon_seed55_20260918T131725828814Z,55,global_parts,clean_gallery,dynamic_joint,0.35969698429107666,0.21485281160899575,0.18977272398769857,0.07484848350286484,0.28484850078821183,0.20808760365445653
casia_b_pose,global_occlusion_supcon,tcn,legacy,631d7c8c11284d270be06c885fe49a7e894fd4ccf81bbc944066ba0890d5a30a,b060fe06dcb4298c31bdf3dbccb281438e81f18e,1776934f9c734c06a9f275ecbd5dd046382dc45097ba027fd95ceb0add4eb100,test,casia_b_pose_global_occlusion_supcon_seed55_20260918T131725828814Z,55,global_parts,clean_gallery,random_joint,0.35969698429107666,0.18933766101087848,0.16481817923486233,0.04466666579246521,0.31503031849861146,0.12417859404770468
casia_b_pose,global_occlusion_supcon,tcn,legacy,631d7c8c11284d270be06c885fe49a7e894fd4ccf81bbc944066ba0890d5a30a,b060fe06dcb4298c31bdf3dbccb281438e81f18e,1776934f9c734c06a9f275ecbd5dd046382dc45097ba027fd95ceb0add4eb100,test,casia_b_pose_global_occlusion_supcon_seed55_20260918T131725828814Z,55,global_parts,clean_gallery,temporal,0.35969698429107666,0.23498268531901498,0.2211212120950222,0.18703030049800873,0.17266668379306793,0.5199662734638294
casia_b_pose,global_occlusion_supcon,tcn,legacy,631d7c8c11284d270be06c885fe49a7e894fd4ccf81bbc944066ba0890d5a30a,b060fe06dcb4298c31bdf3dbccb281438e81f18e,1776934f9c734c06a9f275ecbd5dd046382dc45097ba027fd95ceb0add4eb100,test,casia_b_pose_global_occlusion_supcon_seed55_20260918T131725828814Z,55,global_parts,occluded_gallery,body_part,0.35969698429107666,0.1883333348802158,0.1696515154093504,0.08575757592916489,0.2739394083619118,0.23841616603537466
casia_b_pose,global_occlusion_supcon,tcn,legacy,631d7c8c11284d270be06c885fe49a7e894fd4ccf81bbc944066ba0890d5a30a,b060fe06dcb4298c31bdf3dbccb281438e81f18e,1776934f9c734c06a9f275ecbd5dd046382dc45097ba027fd95ceb0add4eb100,test,casia_b_pose_global_occlusion_supcon_seed55_20260918T131725828814Z,55,global_parts,occluded_gallery,dynamic_joint,0.35969698429107666,0.29826406538486483,0.2766818135976791,0.11181818246841431,0.24787880182266236,0.31086772297742693
casia_b_pose,global_occlusion_supcon,tcn,legacy,631d7c8c11284d270be06c885fe49a7e894fd4ccf81bbc944066ba0890d5a30a,b060fe06dcb4298c31bdf3dbccb281438e81f18e,1776934f9c734c06a9f275ecbd5dd046382dc45097ba027fd95ceb0add4eb100,test,casia_b_pose_global_occlusion_supcon_seed55_20260918T131725828814Z,55,global_parts,occluded_gallery,random_joint,0.35969698429107666,0.31313420491559163,0.29572727680206295,0.15836363434791564,0.20133334994316102,0.4402695637274608
casia_b_pose,global_occlusion_supcon,tcn,legacy,631d7c8c11284d270be06c885fe49a7e894fd4ccf81bbc944066ba0890d5a30a,b060fe06dcb4298c31bdf3dbccb281438e81f18e,1776934f9c734c06a9f275ecbd5dd046382dc45097ba027fd95ceb0add4eb100,test,casia_b_pose_global_occlusion_supcon_seed55_20260918T131725828814Z,55,global_parts,occluded_gallery,temporal,0.35969698429107666,0.30672727610383715,0.29339394196867946,0.192363640666008,0.16733334362506866,0.5347935875668673
casia_b_pose,masked_ce,tcn,legacy,4abf17d5cf95ca0c3f9a0d287da2764aaf243158d61ceed5b1a8a7054e74c277,b060fe06dcb4298c31bdf3dbccb281438e81f18e,1776934f9c734c06a9f275ecbd5dd046382dc45097ba027fd95ceb0add4eb100,test,casia_b_pose_masked_ce_seed11_20260918T113528265427Z,11,global,clean_gallery,body_part,0.4166666567325592,0.1477445888732161,0.11972727347165346,0.03545454517006874,0.38121211156249046,0.08509091043689038
casia_b_pose,masked_ce,tcn,legacy,4abf17d5cf95ca0c3f9a0d287da2764aaf243158d61ceed5b1a8a7054e74c277,b060fe06dcb4298c31bdf3dbccb281438e81f18e,1776934f9c734c06a9f275ecbd5dd046382dc45097ba027fd95ceb0add4eb100,test,casia_b_pose_masked_ce_seed11_20260918T113528265427Z,11,global,clean_gallery,dynamic_joint,0.4166666567325592,0.2487359268324716,0.2285302996635437,0.16290909051895142,0.2537575662136078,0.39098182656721653
casia_b_pose,masked_ce,tcn,legacy,4abf17d5cf95ca0c3f9a0d287da2764aaf243158d61ceed5b1a8a7054e74c277,b060fe06dcb4298c31bdf3dbccb281438e81f18e,1776934f9c734c06a9f275ecbd5dd046382dc45097ba027fd95ceb0add4eb100,test,casia_b_pose_masked_ce_seed11_20260918T113528265427Z,11,global,clean_gallery,random_joint,0.4166666567325592,0.24250649000917163,0.22324242144823075,0.16654545664787293,0.2501212000846863,0.39970910548470273
casia_b_pose,masked_ce,tcn,legacy,4abf17d5cf95ca0c3f9a0d287da2764aaf243158d61ceed5b1a8a7054e74c277,b060fe06dcb4298c31bdf3dbccb281438e81f18e,1776934f9c734c06a9f275ecbd5dd046382dc45097ba027fd95ceb0add4eb100,test,casia_b_pose_masked_ce_seed11_20260918T113528265427Z,11,global,clean_gallery,temporal,0.4166666567325592,0.24609523372990746,0.2275606021285057,0.17563636302948,0.2410302937030792,0.4215272813207455
casia_b_pose,masked_ce,tcn,legacy,4abf17d5cf95ca0c3f9a0d287da2764aaf243158d61ceed5b1a8a7054e74c277,b060fe06dcb4298c31bdf3dbccb281438e81f18e,1776934f9c734c06a9f275ecbd5dd046382dc45097ba027fd95ceb0add4eb100,test,casia_b_pose_masked_ce_seed11_20260918T113528265427Z,11,global,occluded_gallery,body_part,0.4166666567325592,0.2265281366450446,0.20233333185315133,0.07969696819782257,0.33696968853473663,0.19127272823507138
casia_b_pose,masked_ce,tcn,legacy,4abf17d5cf95ca0c3f9a0d287da2764aaf243158d61ceed5b1a8a7054e74c277,b060fe06dcb4298c31bdf3dbccb281438e81f18e,1776934f9c734c06a9f275ecbd5dd046382dc45097ba027fd95ceb0add4eb100,test,casia_b_pose_masked_ce_seed11_20260918T113528265427Z,11,global,occluded_gallery,dynamic_joint,0.4166666567325592,0.37406060269900726,0.3527424208819866,0.18775757253170014,0.22890908420085906,0.45061818481965504
casia_b_pose,masked_ce,tcn,legacy,4abf17d5cf95ca0c3f9a0d287da2764aaf243158d61ceed5b1a8a7054e74c277,b060fe06dcb4298c31bdf3dbccb281438e81f18e,1776934f9c734c06a9f275ecbd5dd046382dc45097ba027fd95ceb0add4eb100,test,casia_b_pose_masked_ce_seed11_20260918T113528265427Z,11,global,occluded_gallery,random_joint,0.4166666567325592,0.40744155645370483,0.3950303018093109,0.2919393956661224,0.12472726106643678,0.7006545663036005
casia_b_pose,masked_ce,tcn,legacy,4abf17d5cf95ca0c3f9a0d287da2764aaf243158d61ceed5b1a8a7054e74c277,b060fe06dcb4298c31bdf3dbccb281438e81f18e,1776934f9c734c06a9f275ecbd5dd046382dc45097ba027fd95ceb0add4eb100,test,casia_b_pose_masked_ce_seed11_20260918T113528265427Z,11,global,occluded_gallery,temporal,0.4166666567325592,0.334038959656443,0.3169999986886978,0.1963636338710785,0.2203030228614807,0.4712727325266059
casia_b_pose,masked_ce,tcn,legacy,4abf17d5cf95ca0c3f9a0d287da2764aaf243158d61ceed5b1a8a7054e74c277,b060fe06dcb4298c31bdf3dbccb281438e81f18e,1776934f9c734c06a9f275ecbd5dd046382dc45097ba027fd95ceb0add4eb100,test,casia_b_pose_masked_ce_seed11_20260918T113528265427Z,11,global_parts,clean_gallery,body_part,0.41787877678871155,0.15222510855112759,0.12462121341377497,0.03333333507180214,0.3845454417169094,0.07976795406543508
casia_b_pose,masked_ce,tcn,legacy,4abf17d5cf95ca0c3f9a0d287da2764aaf243158d61ceed5b1a8a7054e74c277,b060fe06dcb4298c31bdf3dbccb281438e81f18e,1776934f9c734c06a9f275ecbd5dd046382dc45097ba027fd95ceb0add4eb100,test,casia_b_pose_masked_ce_seed11_20260918T113528265427Z,11,global_parts,clean_gallery,dynamic_joint,0.41787877678871155,0.2791298657655716,0.26087878495454786,0.1881818175315857,0.22969695925712585,0.45032633381793985
casia_b_pose,masked_ce,tcn,legacy,4abf17d5cf95ca0c3f9a0d287da2764aaf243158d61ceed5b1a8a7054e74c277,b060fe06dcb4298c31bdf3dbccb281438e81f18e,1776934f9c734c06a9f275ecbd5dd046382dc45097ba027fd95ceb0add4eb100,test,casia_b_pose_masked_ce_seed11_20260918T113528265427Z,11,global_parts,clean_gallery,random_joint,0.41787877678871155,0.2661818214825221,0.24813636839389802,0.17981818616390227,0.23806059062480928,0.43031184197904887
casia_b_pose,masked_ce,tcn,legacy,4abf17d5cf95ca0c3f9a0d287da2764aaf243158d61ceed5b1a8a7054e74c277,b060fe06dcb4298c31bdf3dbccb281438e81f18e,1776934f9c734c06a9f275ecbd5dd046382dc45097ba027fd95ceb0add4eb100,test,casia_b_pose_masked_ce_seed11_20260918T113528265427Z,11,global_parts,clean_gallery,temporal,0.41787877678871155,0.2906493502003806,0.27490909174084666,0.22036363780498505,0.1975151389837265,0.5273386686407519
casia_b_pose,masked_ce,tcn,legacy,4abf17d5cf95ca0c3f9a0d287da2764aaf243158d61ceed5b1a8a7054e74c277,b060fe06dcb4298c31bdf3dbccb281438e81f18e,1776934f9c734c06a9f275ecbd5dd046382dc45097ba027fd95ceb0add4eb100,test,casia_b_pose_masked_ce_seed11_20260918T113528265427Z,11,global_parts,occluded_gallery,body_part,0.41787877678871155,0.21429437271186286,0.19021212235093116,0.07969696819782257,0.338181808590889,0.19071791300403626
casia_b_pose,masked_ce,tcn,legacy,4abf17d5cf95ca0c3f9a0d287da2764aaf243158d61ceed5b1a8a7054e74c277,b060fe06dcb4298c31bdf3dbccb281438e81f18e,1776934f9c734c06a9f275ecbd5dd046382dc45097ba027fd95ceb0add4eb100,test,casia_b_pose_masked_ce_seed11_20260918T113528265427Z,11,global_parts,occluded_gallery,dynamic_joint,0.41787877678871155,0.3733506458146231,0.35351514890789987,0.20448484718799592,0.21339392960071563,0.4893401114060115
casia_b_pose,masked_ce,tcn,legacy,4abf17d5cf95ca0c3f9a0d287da2764aaf243158d61ceed5b1a8a7054e74c277,b060fe06dcb4298c31bdf3dbccb281438e81f18e,1776934f9c734c06a9f275ecbd5dd046382dc45097ba027fd95ceb0add4eb100,test,casia_b_pose_masked_ce_seed11_20260918T113528265427Z,11,global_parts,occluded_gallery,random_joint,0.41787877678871155,0.3988614716700145,0.3866515144705772,0.2903030216693878,0.12757575511932373,0.6947063066956646
casia_b_pose,masked_ce,tcn,legacy,4abf17d5cf95ca0c3f9a0d287da2764aaf243158d61ceed5b1a8a7054e74c277,b060fe06dcb4298c31bdf3dbccb281438e81f18e,1776934f9c734c06a9f275ecbd5dd046382dc45097ba027fd95ceb0add4eb100,test,casia_b_pose_masked_ce_seed11_20260918T113528265427Z,11,global_parts,occluded_gallery,temporal,0.41787877678871155,0.3428917748587472,0.32607575803995126,0.20587878823280334,0.2119999885559082,0.49267586598900204
casia_b_pose,masked_ce,tcn,legacy,4abf17d5cf95ca0c3f9a0d287da2764aaf243158d61ceed5b1a8a7054e74c277,b060fe06dcb4298c31bdf3dbccb281438e81f18e,1776934f9c734c06a9f275ecbd5dd046382dc45097ba027fd95ceb0add4eb100,test,casia_b_pose_masked_ce_seed22_20260918T114535711840Z,22,global,clean_gallery,body_part,0.38787877559661865,0.13376623136656626,0.10801514983177185,0.033030301332473755,0.3548484742641449,0.08515624831925374
casia_b_pose,masked_ce,tcn,legacy,4abf17d5cf95ca0c3f9a0d287da2764aaf243158d61ceed5b1a8a7054e74c277,b060fe06dcb4298c31bdf3dbccb281438e81f18e,1776934f9c734c06a9f275ecbd5dd046382dc45097ba027fd95ceb0add4eb100,test,casia_b_pose_masked_ce_seed22_20260918T114535711840Z,22,global,clean_gallery,dynamic_joint,0.38787877559661865,0.22087012891258515,0.20101515129208564,0.13672727346420288,0.25115150213241577,0.3525000130617995
casia_b_pose,masked_ce,tcn,legacy,4abf17d5cf95ca0c3f9a0d287da2764aaf243158d61ceed5b1a8a7054e74c277,b060fe06dcb4298c31bdf3dbccb281438e81f18e,1776934f9c734c06a9f275ecbd5dd046382dc45097ba027fd95ceb0add4eb100,test,casia_b_pose_masked_ce_seed22_20260918T114535711840Z,22,global,clean_gallery,random_joint,0.38787877559661865,0.21169696854693548,0.19354545399546624,0.1432727247476578,0.24460605084896087,0.3693750051863028
casia_b_pose,masked_ce,tcn,legacy,4abf17d5cf95ca0c3f9a0d287da2764aaf243158d61ceed5b1a8a7054e74c277,b060fe06dcb4298c31bdf3dbccb281438e81f18e,1776934f9c734c06a9f275ecbd5dd046382dc45097ba027fd95ceb0add4eb100,test,casia_b_pose_masked_ce_seed22_20260918T114535711840Z,22,global,clean_gallery,temporal,0.38787877559661865,0.21635930687189103,0.1973333336412907,0.13963636457920076,0.2482424110174179,0.3600000138301407
casia_b_pose,masked_ce,tcn,legacy,4abf17d5cf95ca0c3f9a0d287da2764aaf243158d61ceed5b1a8a7054e74c277,b060fe06dcb4298c31bdf3dbccb281438e81f18e,1776934f9c734c06a9f275ecbd5dd046382dc45097ba027fd95ceb0add4eb100,test,casia_b_pose_masked_ce_seed22_20260918T114535711840Z,22,global,occluded_gallery,body_part,0.38787877559661865,0.2222467545952116,0.19945454746484753,0.07939393818378448,0.30848483741283417,0.20468750336149252
casia_b_pose,masked_ce,tcn,legacy,4abf17d5cf95ca0c3f9a0d287da2764aaf243158d61ceed5b1a8a7054e74c277,b060fe06dcb4298c31bdf3dbccb281438e81f18e,1776934f9c734c06a9f275ecbd5dd046382dc45097ba027fd95ceb0add4eb100,test,casia_b_pose_masked_ce_seed22_20260918T114535711840Z,22,global,occluded_gallery,dynamic_joint,0.38787877559661865,0.3553549792085375,0.33501515313982966,0.17539394199848174,0.2124848335981369,0.4521875210333389
casia_b_pose,masked_ce,tcn,legacy,4abf17d5cf95ca0c3f9a0d287da2764aaf243158d61ceed5b1a8a7054e74c277,b060fe06dcb4298c31bdf3dbccb281438e81f18e,1776934f9c734c06a9f275ecbd5dd046382dc45097ba027fd95ceb0add4eb100,test,casia_b_pose_masked_ce_seed22_20260918T114535711840Z,22,global,occluded_gallery,random_joint,0.38787877559661865,0.3967186161449977,0.38548485040664676,0.2846060574054718,0.10327271819114686,0.7337500149826524
casia_b_pose,masked_ce,tcn,legacy,4abf17d5cf95ca0c3f9a0d287da2764aaf243158d61ceed5b1a8a7054e74c277,b060fe06dcb4298c31bdf3dbccb281438e81f18e,1776934f9c734c06a9f275ecbd5dd046382dc45097ba027fd95ceb0add4eb100,test,casia_b_pose_masked_ce_seed22_20260918T114535711840Z,22,global,occluded_gallery,temporal,0.38787877559661865,0.30500866004398897,0.2881969727575779,0.16648484766483307,0.22139392793178558,0.4292187614770959
casia_b_pose,masked_ce,tcn,legacy,4abf17d5cf95ca0c3f9a0d287da2764aaf243158d61ceed5b1a8a7054e74c277,b060fe06dcb4298c31bdf3dbccb281438e81f18e,1776934f9c734c06a9f275ecbd5dd046382dc45097ba027fd95ceb0add4eb100,test,casia_b_pose_masked_ce_seed22_20260918T114535711840Z,22,global_parts,clean_gallery,body_part,0.4296969771385193,0.15029004407780513,0.12131818197667599,0.030606061220169067,0.3990909159183502,0.07122708059056869
casia_b_pose,masked_ce,tcn,legacy,4abf17d5cf95ca0c3f9a0d287da2764aaf243158d61ceed5b1a8a7054e74c277,b060fe06dcb4298c31bdf3dbccb281438e81f18e,1776934f9c734c06a9f275ecbd5dd046382dc45097ba027fd95ceb0add4eb100,test,casia_b_pose_masked_ce_seed22_20260918T114535711840Z,22,global_parts,clean_gallery,dynamic_joint,0.4296969771385193,0.24555844281400954,0.2237878799438477,0.14957575798034667,0.2801212191581726,0.3480959046452139
casia_b_pose,masked_ce,tcn,legacy,4abf17d5cf95ca0c3f9a0d287da2764aaf243158d61ceed5b1a8a7054e74c277,b060fe06dcb4298c31bdf3dbccb281438e81f18e,1776934f9c734c06a9f275ecbd5dd046382dc45097ba027fd95ceb0add4eb100,test,casia_b_pose_masked_ce_seed22_20260918T114535711840Z,22,global_parts,clean_gallery,random_joint,0.4296969771385193,0.22286579992089955,0.2019999980926514,0.14145454466342927,0.28824243247509,0.3291960432335768
casia_b_pose,masked_ce,tcn,legacy,4abf17d5cf95ca0c3f9a0d287da2764aaf243158d61ceed5b1a8a7054e74c277,b060fe06dcb4298c31bdf3dbccb281438e81f18e,1776934f9c734c06a9f275ecbd5dd046382dc45097ba027fd95ceb0add4eb100,test,casia_b_pose_masked_ce_seed22_20260918T114535711840Z,22,global_parts,clean_gallery,temporal,0.4296969771385193,0.2624545493296214,0.2437272757291794,0.1910909056663513,0.23860607147216797,0.4447108446954475
casia_b_pose,masked_ce,tcn,legacy,4abf17d5cf95ca0c3f9a0d287da2764aaf243158d61ceed5b1a8a7054e74c277,b060fe06dcb4298c31bdf3dbccb281438e81f18e,1776934f9c734c06a9f275ecbd5dd046382dc45097ba027fd95ceb0add4eb100,test,casia_b_pose_masked_ce_seed22_20260918T114535711840Z,22,global_parts,occluded_gallery,body_part,0.4296969771385193,0.22051515196050916,0.19565151482820511,0.07939393818378448,0.3503030389547348,0.18476727184001263
casia_b_pose,masked_ce,tcn,legacy,4abf17d5cf95ca0c3f9a0d287da2764aaf243158d61ceed5b1a8a7054e74c277,b060fe06dcb4298c31bdf3dbccb281438e81f18e,1776934f9c734c06a9f275ecbd5dd046382dc45097ba027fd95ceb0add4eb100,test,casia_b_pose_masked_ce_seed22_20260918T114535711840Z,22,global_parts,occluded_gallery,dynamic_joint,0.4296969771385193,0.3819350702422006,0.35915151983499527,0.18763636350631713,0.24206061363220216,0.43667136025913844
casia_b_pose,masked_ce,tcn,legacy,4abf17d5cf95ca0c3f9a0d287da2764aaf243158d61ceed5b1a8a7054e74c277,b060fe06dcb4298c31bdf3dbccb281438e81f18e,1776934f9c734c06a9f275ecbd5dd046382dc45097ba027fd95ceb0add4eb100,test,casia_b_pose_masked_ce_seed22_20260918T114535711840Z,22,global_parts,occluded_gallery,random_joint,0.4296969771385193,0.41299567350319455,0.40003030449151994,0.2963030219078064,0.1333939552307129,0.6895627329774969
casia_b_pose,masked_ce,tcn,legacy,4abf17d5cf95ca0c3f9a0d287da2764aaf243158d61ceed5b1a8a7054e74c277,b060fe06dcb4298c31bdf3dbccb281438e81f18e,1776934f9c734c06a9f275ecbd5dd046382dc45097ba027fd95ceb0add4eb100,test,casia_b_pose_masked_ce_seed22_20260918T114535711840Z,22,global_parts,occluded_gallery,temporal,0.4296969771385193,0.33893939469541823,0.32046969756484034,0.19006060659885407,0.23963637053966522,0.44231311065887524
casia_b_pose,masked_ce,tcn,legacy,4abf17d5cf95ca0c3f9a0d287da2764aaf243158d61ceed5b1a8a7054e74c277,b060fe06dcb4298c31bdf3dbccb281438e81f18e,1776934f9c734c06a9f275ecbd5dd046382dc45097ba027fd95ceb0add4eb100,test,casia_b_pose_masked_ce_seed33_20260918T114808471755Z,33,global,clean_gallery,body_part,0.4212121069431305,0.13422077745199204,0.10669696889817715,0.03272727131843567,0.3884848356246948,0.07769784101399134
casia_b_pose,masked_ce,tcn,legacy,4abf17d5cf95ca0c3f9a0d287da2764aaf243158d61ceed5b1a8a7054e74c277,b060fe06dcb4298c31bdf3dbccb281438e81f18e,1776934f9c734c06a9f275ecbd5dd046382dc45097ba027fd95ceb0add4eb100,test,casia_b_pose_masked_ce_seed33_20260918T114808471755Z,33,global,clean_gallery,dynamic_joint,0.4212121069431305,0.23403462937899996,0.20983333215117456,0.11315151453018188,0.3080605924129486,0.2686331011502927
casia_b_pose,masked_ce,tcn,legacy,4abf17d5cf95ca0c3f9a0d287da2764aaf243158d61ceed5b1a8a7054e74c277,b060fe06dcb4298c31bdf3dbccb281438e81f18e,1776934f9c734c06a9f275ecbd5dd046382dc45097ba027fd95ceb0add4eb100,test,casia_b_pose_masked_ce_seed33_20260918T114808471755Z,33,global,clean_gallery,random_joint,0.4212121069431305,0.19982683807611468,0.17610605992376804,0.08830303102731704,0.3329090759158134,0.20964029659109296
casia_b_pose,masked_ce,tcn,legacy,4abf17d5cf95ca0c3f9a0d287da2764aaf243158d61ceed5b1a8a7054e74c277,b060fe06dcb4298c31bdf3dbccb281438e81f18e,1776934f9c734c06a9f275ecbd5dd046382dc45097ba027fd95ceb0add4eb100,test,casia_b_pose_masked_ce_seed33_20260918T114808471755Z,33,global,clean_gallery,temporal,0.4212121069431305,0.2278311686856406,0.20627272874116898,0.13212121427059173,0.28909089267253874,0.3136690804769055
casia_b_pose,masked_ce,tcn,legacy,4abf17d5cf95ca0c3f9a0d287da2764aaf243158d61ceed5b1a8a7054e74c277,b060fe06dcb4298c31bdf3dbccb281438e81f18e,1776934f9c734c06a9f275ecbd5dd046382dc45097ba027fd95ceb0add4eb100,test,casia_b_pose_masked_ce_seed33_20260918T114808471755Z,33,global,occluded_gallery,body_part,0.4212121069431305,0.21873159940753667,0.19381817989051342,0.07393939048051834,0.34727271646261215,0.17553956608018675
casia_b_pose,masked_ce,tcn,legacy,4abf17d5cf95ca0c3f9a0d287da2764aaf243158d61ceed5b1a8a7054e74c277,b060fe06dcb4298c31bdf3dbccb281438e81f18e,1776934f9c734c06a9f275ecbd5dd046382dc45097ba027fd95ceb0add4eb100,test,casia_b_pose_masked_ce_seed33_20260918T114808471755Z,33,global,occluded_gallery,dynamic_joint,0.4212121069431305,0.36949350365570616,0.3478030279278755,0.18484848141670226,0.23636362552642823,0.4388489275823674
casia_b_pose,masked_ce,tcn,legacy,4abf17d5cf95ca0c3f9a0d287da2764aaf243158d61ceed5b1a8a7054e74c277,b060fe06dcb4298c31bdf3dbccb281438e81f18e,1776934f9c734c06a9f275ecbd5dd046382dc45097ba027fd95ceb0add4eb100,test,casia_b_pose_masked_ce_seed33_20260918T114808471755Z,33,global,occluded_gallery,random_joint,0.4212121069431305,0.40494804893221176,0.39196969419717786,0.28721211552619935,0.13399999141693114,0.681870513197231
casia_b_pose,masked_ce,tcn,legacy,4abf17d5cf95ca0c3f9a0d287da2764aaf243158d61ceed5b1a8a7054e74c277,b060fe06dcb4298c31bdf3dbccb281438e81f18e,1776934f9c734c06a9f275ecbd5dd046382dc45097ba027fd95ceb0add4eb100,test,casia_b_pose_masked_ce_seed33_20260918T114808471755Z,33,global,occluded_gallery,temporal,0.4212121069431305,0.31946752880300794,0.3008939363062382,0.1741212099790573,0.2470908969640732,0.4133813038820513
casia_b_pose,masked_ce,tcn,legacy,4abf17d5cf95ca0c3f9a0d287da2764aaf243158d61ceed5b1a8a7054e74c277,b060fe06dcb4298c31bdf3dbccb281438e81f18e,1776934f9c734c06a9f275ecbd5dd046382dc45097ba027fd95ceb0add4eb100,test,casia_b_pose_masked_ce_seed33_20260918T114808471755Z,33,global_parts,clean_gallery,body_part,0.4275757670402527,0.15211255438625815,0.1238787873648107,0.029999999329447746,0.39757576771080494,0.07016300183967979
casia_b_pose,masked_ce,tcn,legacy,4abf17d5cf95ca0c3f9a0d287da2764aaf243158d61ceed5b1a8a7054e74c277,b060fe06dcb4298c31bdf3dbccb281438e81f18e,1776934f9c734c06a9f275ecbd5dd046382dc45097ba027fd95ceb0add4eb100,test,casia_b_pose_masked_ce_seed33_20260918T114808471755Z,33,global_parts,clean_gallery,dynamic_joint,0.4275757670402527,0.25192207928214755,0.22872727327048778,0.12375757545232773,0.30381819158792495,0.2894401062740232
casia_b_pose,masked_ce,tcn,legacy,4abf17d5cf95ca0c3f9a0d287da2764aaf243158d61ceed5b1a8a7054e74c277,b060fe06dcb4298c31bdf3dbccb281438e81f18e,1776934f9c734c06a9f275ecbd5dd046382dc45097ba027fd95ceb0add4eb100,test,casia_b_pose_masked_ce_seed33_20260918T114808471755Z,33,global_parts,clean_gallery,random_joint,0.4275757670402527,0.20427705560411724,0.18121211975812912,0.08921212255954743,0.3383636444807053,0.2086463486391848
casia_b_pose,masked_ce,tcn,legacy,4abf17d5cf95ca0c3f9a0d287da2764aaf243158d61ceed5b1a8a7054e74c277,b060fe06dcb4298c31bdf3dbccb281438e81f18e,1776934f9c734c06a9f275ecbd5dd046382dc45097ba027fd95ceb0add4eb100,test,casia_b_pose_masked_ce_seed33_20260918T114808471755Z,33,global_parts,clean_gallery,temporal,0.4275757670402527,0.26681818195751733,0.24710606038570407,0.16993939280509948,0.2576363742351532,0.397448606550944
casia_b_pose,masked_ce,tcn,legacy,4abf17d5cf95ca0c3f9a0d287da2764aaf243158d61ceed5b1a8a7054e74c277,b060fe06dcb4298c31bdf3dbccb281438e81f18e,1776934f9c734c06a9f275ecbd5dd046382dc45097ba027fd95ceb0add4eb100,test,casia_b_pose_masked_ce_seed33_20260918T114808471755Z,33,global_parts,occluded_gallery,body_part,0.4275757670402527,0.212212122125285,0.18727272711694243,0.07393939048051834,0.35363637655973434,0.17292699020886645
casia_b_pose,masked_ce,tcn,legacy,4abf17d5cf95ca0c3f9a0d287da2764aaf243158d61ceed5b1a8a7054e74c277,b060fe06dcb4298c31bdf3dbccb281438e81f18e,1776934f9c734c06a9f275ecbd5dd046382dc45097ba027fd95ceb0add4eb100,test,casia_b_pose_masked_ce_seed33_20260918T114808471755Z,33,global_parts,occluded_gallery,dynamic_joint,0.4275757670402527,0.3799220813172204,0.3579393960535526,0.19133333265781402,0.23624243438243867,0.44748404237745676
casia_b_pose,masked_ce,tcn,legacy,4abf17d5cf95ca0c3f9a0d287da2764aaf243158d61ceed5b1a8a7054e74c277,b060fe06dcb4298c31bdf3dbccb281438e81f18e,1776934f9c734c06a9f275ecbd5dd046382dc45097ba027fd95ceb0add4eb100,test,casia_b_pose_masked_ce_seed33_20260918T114808471755Z,33,global_parts,occluded_gallery,random_joint,0.4275757670402527,0.4126709955079215,0.4005303025245666,0.30369697213172914,0.12387879490852355,0.7102763896887042
casia_b_pose,masked_ce,tcn,legacy,4abf17d5cf95ca0c3f9a0d287da2764aaf243158d61ceed5b1a8a7054e74c277,b060fe06dcb4298c31bdf3dbccb281438e81f18e,1776934f9c734c06a9f275ecbd5dd046382dc45097ba027fd95ceb0add4eb100,test,casia_b_pose_masked_ce_seed33_20260918T114808471755Z,33,global_parts,occluded_gallery,temporal,0.4275757670402527,0.3393852817160743,0.3206969700753689,0.19000000059604644,0.23757576644420625,0.4443656896443327
casia_b_pose,masked_ce,tcn,legacy,4abf17d5cf95ca0c3f9a0d287da2764aaf243158d61ceed5b1a8a7054e74c277,b060fe06dcb4298c31bdf3dbccb281438e81f18e,1776934f9c734c06a9f275ecbd5dd046382dc45097ba027fd95ceb0add4eb100,test,casia_b_pose_masked_ce_seed44_20260918T114831055677Z,44,global,clean_gallery,body_part,0.4169696867465973,0.13408657929727008,0.10646969713270665,0.03030303120613098,0.3866666555404663,0.07267442255232064
casia_b_pose,masked_ce,tcn,legacy,4abf17d5cf95ca0c3f9a0d287da2764aaf243158d61ceed5b1a8a7054e74c277,b060fe06dcb4298c31bdf3dbccb281438e81f18e,1776934f9c734c06a9f275ecbd5dd046382dc45097ba027fd95ceb0add4eb100,test,casia_b_pose_masked_ce_seed44_20260918T114831055677Z,44,global,clean_gallery,dynamic_joint,0.4169696867465973,0.22309090793132783,0.20189393907785413,0.13496969938278197,0.2819999873638153,0.32369187418846196
casia_b_pose,masked_ce,tcn,legacy,4abf17d5cf95ca0c3f9a0d287da2764aaf243158d61ceed5b1a8a7054e74c277,b060fe06dcb4298c31bdf3dbccb281438e81f18e,1776934f9c734c06a9f275ecbd5dd046382dc45097ba027fd95ceb0add4eb100,test,casia_b_pose_masked_ce_seed44_20260918T114831055677Z,44,global,clean_gallery,random_joint,0.4169696867465973,0.2061991338218961,0.1842727277427912,0.11684848517179489,0.3001212015748024,0.28023256578554734
casia_b_pose,masked_ce,tcn,legacy,4abf17d5cf95ca0c3f9a0d287da2764aaf243158d61ceed5b1a8a7054e74c277,b060fe06dcb4298c31bdf3dbccb281438e81f18e,1776934f9c734c06a9f275ecbd5dd046382dc45097ba027fd95ceb0add4eb100,test,casia_b_pose_masked_ce_seed44_20260918T114831055677Z,44,global,clean_gallery,temporal,0.4169696867465973,0.22849783386502942,0.20837878733873366,0.15060606300830842,0.26636362373828887,0.36119187508188194
casia_b_pose,masked_ce,tcn,legacy,4abf17d5cf95ca0c3f9a0d287da2764aaf243158d61ceed5b1a8a7054e74c277,b060fe06dcb4298c31bdf3dbccb281438e81f18e,1776934f9c734c06a9f275ecbd5dd046382dc45097ba027fd95ceb0add4eb100,test,casia_b_pose_masked_ce_seed44_20260918T114831055677Z,44,global,occluded_gallery,body_part,0.4169696867465973,0.22950649091175626,0.20521211922168733,0.07878787815570831,0.338181808590889,0.18895349148867419
casia_b_pose,masked_ce,tcn,legacy,4abf17d5cf95ca0c3f9a0d287da2764aaf243158d61ceed5b1a8a7054e74c277,b060fe06dcb4298c31bdf3dbccb281438e81f18e,1776934f9c734c06a9f275ecbd5dd046382dc45097ba027fd95ceb0add4eb100,test,casia_b_pose_masked_ce_seed44_20260918T114831055677Z,44,global,occluded_gallery,dynamic_joint,0.4169696867465973,0.3781082285302026,0.3570303075015545,0.18993939459323883,0.22703029215335846,0.45552326855038183
casia_b_pose,masked_ce,tcn,legacy,4abf17d5cf95ca0c3f9a0d287da2764aaf243158d61ceed5b1a8a7054e74c277,b060fe06dcb4298c31bdf3dbccb281438e81f18e,1776934f9c734c06a9f275ecbd5dd046382dc45097ba027fd95ceb0add4eb100,test,casia_b_pose_masked_ce_seed44_20260918T114831055677Z,44,global,occluded_gallery,random_joint,0.4169696867465973,0.4117922067642212,0.3986666664481163,0.28587878346443174,0.13109090328216555,0.6856104713390527
casia_b_pose,masked_ce,tcn,legacy,4abf17d5cf95ca0c3f9a0d287da2764aaf243158d61ceed5b1a8a7054e74c277,b060fe06dcb4298c31bdf3dbccb281438e81f18e,1776934f9c734c06a9f275ecbd5dd046382dc45097ba027fd95ceb0add4eb100,test,casia_b_pose_masked_ce_seed44_20260918T114831055677Z,44,global,occluded_gallery,temporal,0.4169696867465973,0.3322554128510612,0.3144848510622978,0.18660606145858766,0.23036362528800963,0.44752908278436254
casia_b_pose,masked_ce,tcn,legacy,4abf17d5cf95ca0c3f9a0d287da2764aaf243158d61ceed5b1a8a7054e74c277,b060fe06dcb4298c31bdf3dbccb281438e81f18e,1776934f9c734c06a9f275ecbd5dd046382dc45097ba027fd95ceb0add4eb100,test,casia_b_pose_masked_ce_seed44_20260918T114831055677Z,44,global_parts,clean_gallery,body_part,0.43484848737716675,0.1387835506349802,0.10943939490243794,0.028484849259257317,0.40636363811790943,0.06550522788078811
casia_b_pose,masked_ce,tcn,legacy,4abf17d5cf95ca0c3f9a0d287da2764aaf243158d61ceed5b1a8a7054e74c277,b060fe06dcb4298c31bdf3dbccb281438e81f18e,1776934f9c734c06a9f275ecbd5dd046382dc45097ba027fd95ceb0add4eb100,test,casia_b_pose_masked_ce_seed44_20260918T114831055677Z,44,global_parts,clean_gallery,dynamic_joint,0.43484848737716675,0.22705194652080538,0.20590908899903299,0.1432727247476578,0.29157576262950896,0.32947734419365676
casia_b_pose,masked_ce,tcn,legacy,4abf17d5cf95ca0c3f9a0d287da2764aaf243158d61ceed5b1a8a7054e74c277,b060fe06dcb4298c31bdf3dbccb281438e81f18e,1776934f9c734c06a9f275ecbd5dd046382dc45097ba027fd95ceb0add4eb100,test,casia_b_pose_masked_ce_seed44_20260918T114831055677Z,44,global_parts,clean_gallery,random_joint,0.43484848737716675,0.20082684180566243,0.1782727289944887,0.11406060606241226,0.3207878813147545,0.2622996500468025
casia_b_pose,masked_ce,tcn,legacy,4abf17d5cf95ca0c3f9a0d287da2764aaf243158d61ceed5b1a8a7054e74c277,b060fe06dcb4298c31bdf3dbccb281438e81f18e,1776934f9c734c06a9f275ecbd5dd046382dc45097ba027fd95ceb0add4eb100,test,casia_b_pose_masked_ce_seed44_20260918T114831055677Z,44,global_parts,clean_gallery,temporal,0.43484848737716675,0.2561125542436328,0.23671212121844293,0.18751515448093414,0.2473333328962326,0.4312195165078095
casia_b_pose,masked_ce,tcn,legacy,4abf17d5cf95ca0c3f9a0d287da2764aaf243158d61ceed5b1a8a7054e74c277,b060fe06dcb4298c31bdf3dbccb281438e81f18e,1776934f9c734c06a9f275ecbd5dd046382dc45097ba027fd95ceb0add4eb100,test,casia_b_pose_masked_ce_seed44_20260918T114831055677Z,44,global_parts,occluded_gallery,body_part,0.43484848737716675,0.21869697017329076,0.19340909123420713,0.07878787815570831,0.35606060922145844,0.18118466648217058
casia_b_pose,masked_ce,tcn,legacy,4abf17d5cf95ca0c3f9a0d287da2764aaf243158d61ceed5b1a8a7054e74c277,b060fe06dcb4298c31bdf3dbccb281438e81f18e,1776934f9c734c06a9f275ecbd5dd046382dc45097ba027fd95ceb0add4eb100,test,casia_b_pose_masked_ce_seed44_20260918T114831055677Z,44,global_parts,occluded_gallery,dynamic_joint,0.43484848737716675,0.37622077805655346,0.3551363624632358,0.19969697296619415,0.2351515144109726,0.45923345432494644
casia_b_pose,masked_ce,tcn,legacy,4abf17d5cf95ca0c3f9a0d287da2764aaf243158d61ceed5b1a8a7054e74c277,b060fe06dcb4298c31bdf3dbccb281438e81f18e,1776934f9c734c06a9f275ecbd5dd046382dc45097ba027fd95ceb0add4eb100,test,casia_b_pose_masked_ce_seed44_20260918T114831055677Z,44,global_parts,occluded_gallery,random_joint,0.43484848737716675,0.3977835510458265,0.38372727334499357,0.28121212124824524,0.1536363661289215,0.6466898917928978
casia_b_pose,masked_ce,tcn,legacy,4abf17d5cf95ca0c3f9a0d287da2764aaf243158d61ceed5b1a8a7054e74c277,b060fe06dcb4298c31bdf3dbccb281438e81f18e,1776934f9c734c06a9f275ecbd5dd046382dc45097ba027fd95ceb0add4eb100,test,casia_b_pose_masked_ce_seed44_20260918T114831055677Z,44,global_parts,occluded_gallery,temporal,0.43484848737716675,0.34513852809156687,0.32660606056451796,0.20006060600280762,0.23478788137435913,0.4600696836028882
casia_b_pose,masked_ce,tcn,legacy,4abf17d5cf95ca0c3f9a0d287da2764aaf243158d61ceed5b1a8a7054e74c277,b060fe06dcb4298c31bdf3dbccb281438e81f18e,1776934f9c734c06a9f275ecbd5dd046382dc45097ba027fd95ceb0add4eb100,test,casia_b_pose_masked_ce_seed55_20260918T115711778341Z,55,global,clean_gallery,body_part,0.3972727358341217,0.12487446037786347,0.09843939486891032,0.027272727340459824,0.3700000084936619,0.06864988427458397
casia_b_pose,masked_ce,tcn,legacy,4abf17d5cf95ca0c3f9a0d287da2764aaf243158d61ceed5b1a8a7054e74c277,b060fe06dcb4298c31bdf3dbccb281438e81f18e,1776934f9c734c06a9f275ecbd5dd046382dc45097ba027fd95ceb0add4eb100,test,casia_b_pose_masked_ce_seed55_20260918T115711778341Z,55,global,clean_gallery,dynamic_joint,0.3972727358341217,0.22549350751297814,0.20516666695475577,0.14987878799438475,0.24739394783973695,0.3772692522674537
casia_b_pose,masked_ce,tcn,legacy,4abf17d5cf95ca0c3f9a0d287da2764aaf243158d61ceed5b1a8a7054e74c277,b060fe06dcb4298c31bdf3dbccb281438e81f18e,1776934f9c734c06a9f275ecbd5dd046382dc45097ba027fd95ceb0add4eb100,test,casia_b_pose_masked_ce_seed55_20260918T115711778341Z,55,global,clean_gallery,random_joint,0.3972727358341217,0.21407792142459328,0.19360605925321578,0.13363636136054993,0.2636363744735718,0.33638442638144894
casia_b_pose,masked_ce,tcn,legacy,4abf17d5cf95ca0c3f9a0d287da2764aaf243158d61ceed5b1a8a7054e74c277,b060fe06dcb4298c31bdf3dbccb281438e81f18e,1776934f9c734c06a9f275ecbd5dd046382dc45097ba027fd95ceb0add4eb100,test,casia_b_pose_masked_ce_seed55_20260918T115711778341Z,55,global,clean_gallery,temporal,0.3972727358341217,0.20683982798031397,0.18680303096771242,0.13478788137435913,0.26248485445976255,0.3392829892828055
casia_b_pose,masked_ce,tcn,legacy,4abf17d5cf95ca0c3f9a0d287da2764aaf243158d61ceed5b1a8a7054e74c277,b060fe06dcb4298c31bdf3dbccb281438e81f18e,1776934f9c734c06a9f275ecbd5dd046382dc45097ba027fd95ceb0add4eb100,test,casia_b_pose_masked_ce_seed55_20260918T115711778341Z,55,global,occluded_gallery,body_part,0.3972727358341217,0.21010389711175645,0.18737878873944283,0.07787878811359406,0.31939394772052765,0.19603355853272492
casia_b_pose,masked_ce,tcn,legacy,4abf17d5cf95ca0c3f9a0d287da2764aaf243158d61ceed5b1a8a7054e74c277,b060fe06dcb4298c31bdf3dbccb281438e81f18e,1776934f9c734c06a9f275ecbd5dd046382dc45097ba027fd95ceb0add4eb100,test,casia_b_pose_masked_ce_seed55_20260918T115711778341Z,55,global,occluded_gallery,dynamic_joint,0.3972727358341217,0.3545238098927907,0.3342424236238003,0.18060605823993683,0.21666667759418487,0.45461478211116796
casia_b_pose,masked_ce,tcn,legacy,4abf17d5cf95ca0c3f9a0d287da2764aaf243158d61ceed5b1a8a7054e74c277,b060fe06dcb4298c31bdf3dbccb281438e81f18e,1776934f9c734c06a9f275ecbd5dd046382dc45097ba027fd95ceb0add4eb100,test,casia_b_pose_masked_ce_seed55_20260918T115711778341Z,55,global,occluded_gallery,random_joint,0.3972727358341217,0.3954718662159784,0.38356060981750484,0.2816969692707062,0.1155757665634155,0.7090770240732721
casia_b_pose,masked_ce,tcn,legacy,4abf17d5cf95ca0c3f9a0d287da2764aaf243158d61ceed5b1a8a7054e74c277,b060fe06dcb4298c31bdf3dbccb281438e81f18e,1776934f9c734c06a9f275ecbd5dd046382dc45097ba027fd95ceb0add4eb100,test,casia_b_pose_masked_ce_seed55_20260918T115711778341Z,55,global,occluded_gallery,temporal,0.3972727358341217,0.30719480855124337,0.29084848761558535,0.17527272701263427,0.22200000882148743,0.44118992118758965
casia_b_pose,masked_ce,tcn,legacy,4abf17d5cf95ca0c3f9a0d287da2764aaf243158d61ceed5b1a8a7054e74c277,b060fe06dcb4298c31bdf3dbccb281438e81f18e,1776934f9c734c06a9f275ecbd5dd046382dc45097ba027fd95ceb0add4eb100,test,casia_b_pose_masked_ce_seed55_20260918T115711778341Z,55,global_parts,clean_gallery,body_part,0.425151526927948,0.1400129877563034,0.11151515124365688,0.02969696931540966,0.39545455761253834,0.06985031790898993
casia_b_pose,masked_ce,tcn,legacy,4abf17d5cf95ca0c3f9a0d287da2764aaf243158d61ceed5b1a8a7054e74c277,b060fe06dcb4298c31bdf3dbccb281438e81f18e,1776934f9c734c06a9f275ecbd5dd046382dc45097ba027fd95ceb0add4eb100,test,casia_b_pose_masked_ce_seed55_20260918T115711778341Z,55,global_parts,clean_gallery,dynamic_joint,0.425151526927948,0.2548095273120063,0.23456060886383057,0.1683030307292938,0.2568484961986542,0.39586599146289025
casia_b_pose,masked_ce,tcn,legacy,4abf17d5cf95ca0c3f9a0d287da2764aaf243158d61ceed5b1a8a7054e74c277,b060fe06dcb4298c31bdf3dbccb281438e81f18e,1776934f9c734c06a9f275ecbd5dd046382dc45097ba027fd95ceb0add4eb100,test,casia_b_pose_masked_ce_seed55_20260918T115711778341Z,55,global_parts,clean_gallery,random_joint,0.425151526927948,0.2299826830625534,0.20822727084159853,0.13600000143051147,0.2891515254974365,0.31988595316408186
casia_b_pose,masked_ce,tcn,legacy,4abf17d5cf95ca0c3f9a0d287da2764aaf243158d61ceed5b1a8a7054e74c277,b060fe06dcb4298c31bdf3dbccb281438e81f18e,1776934f9c734c06a9f275ecbd5dd046382dc45097ba027fd95ceb0add4eb100,test,casia_b_pose_masked_ce_seed55_20260918T115711778341Z,55,global_parts,clean_gallery,temporal,0.425151526927948,0.25325108425957815,0.23357575908303257,0.1729696959257126,0.2521818310022354,0.40684246667430274
casia_b_pose,masked_ce,tcn,legacy,4abf17d5cf95ca0c3f9a0d287da2764aaf243158d61ceed5b1a8a7054e74c277,b060fe06dcb4298c31bdf3dbccb281438e81f18e,1776934f9c734c06a9f275ecbd5dd046382dc45097ba027fd95ceb0add4eb100,test,casia_b_pose_masked_ce_seed55_20260918T115711778341Z,55,global_parts,occluded_gallery,body_part,0.425151526927948,0.2058961033821106,0.18172727152705193,0.07787878811359406,0.34727273881435394,0.1831788978304492
casia_b_pose,masked_ce,tcn,legacy,4abf17d5cf95ca0c3f9a0d287da2764aaf243158d61ceed5b1a8a7054e74c277,b060fe06dcb4298c31bdf3dbccb281438e81f18e,1776934f9c734c06a9f275ecbd5dd046382dc45097ba027fd95ceb0add4eb100,test,casia_b_pose_masked_ce_seed55_20260918T115711778341Z,55,global_parts,occluded_gallery,dynamic_joint,0.425151526927948,0.3722813870225634,0.3508787885308266,0.19448484778404235,0.23066667914390565,0.45744831069841696
casia_b_pose,masked_ce,tcn,legacy,4abf17d5cf95ca0c3f9a0d287da2764aaf243158d61ceed5b1a8a7054e74c277,b060fe06dcb4298c31bdf3dbccb281438e81f18e,1776934f9c734c06a9f275ecbd5dd046382dc45097ba027fd95ceb0add4eb100,test,casia_b_pose_masked_ce_seed55_20260918T115711778341Z,55,global_parts,occluded_gallery,random_joint,0.425151526927948,0.4034848494189126,0.39080303013324735,0.29327272772789004,0.13187879920005796,0.6898075372021234
casia_b_pose,masked_ce,tcn,legacy,4abf17d5cf95ca0c3f9a0d287da2764aaf243158d61ceed5b1a8a7054e74c277,b060fe06dcb4298c31bdf3dbccb281438e81f18e,1776934f9c734c06a9f275ecbd5dd046382dc45097ba027fd95ceb0add4eb100,test,casia_b_pose_masked_ce_seed55_20260918T115711778341Z,55,global_parts,occluded_gallery,temporal,0.425151526927948,0.33917316411222725,0.3220000028610229,0.20266666412353515,0.22248486280441285,0.4766927819546131
casia_b_pose,no_ce,tcn,legacy,0918b1f5fab76facb1078a2592a904f68ec7afb3052393bb738d640e5bcdaffd,b060fe06dcb4298c31bdf3dbccb281438e81f18e,1776934f9c734c06a9f275ecbd5dd046382dc45097ba027fd95ceb0add4eb100,test,casia_b_pose_no_ce_seed11_20260918T201401417891Z,11,global,clean_gallery,body_part,0.35151514410972595,0.088826839572617,0.06524242451414466,0.0245454553514719,0.32696968875825405,0.06982758997094589
casia_b_pose,no_ce,tcn,legacy,0918b1f5fab76facb1078a2592a904f68ec7afb3052393bb738d640e5bcdaffd,b060fe06dcb4298c31bdf3dbccb281438e81f18e,1776934f9c734c06a9f275ecbd5dd046382dc45097ba027fd95ceb0add4eb100,test,casia_b_pose_no_ce_seed11_20260918T201401417891Z,11,global,clean_gallery,dynamic_joint,0.35151514410972595,0.19132467338017053,0.17177272588014603,0.13157575726509094,0.21993938684463502,0.37431035182944883
casia_b_pose,no_ce,tcn,legacy,0918b1f5fab76facb1078a2592a904f68ec7afb3052393bb738d640e5bcdaffd,b060fe06dcb4298c31bdf3dbccb281438e81f18e,1776934f9c734c06a9f275ecbd5dd046382dc45097ba027fd95ceb0add4eb100,test,casia_b_pose_no_ce_seed11_20260918T201401417891Z,11,global,clean_gallery,random_joint,0.35151514410972595,0.20463203511067798,0.1792727284133434,0.09175757765769958,0.25975756645202636,0.26103449366340054
casia_b_pose,no_ce,tcn,legacy,0918b1f5fab76facb1078a2592a904f68ec7afb3052393bb738d640e5bcdaffd,b060fe06dcb4298c31bdf3dbccb281438e81f18e,1776934f9c734c06a9f275ecbd5dd046382dc45097ba027fd95ceb0add4eb100,test,casia_b_pose_no_ce_seed11_20260918T201401417891Z,11,global,clean_gallery,temporal,0.35151514410972595,0.16258008480072023,0.14549999907612798,0.12266666889190674,0.2288484752178192,0.34896553092351595
casia_b_pose,no_ce,tcn,legacy,0918b1f5fab76facb1078a2592a904f68ec7afb3052393bb738d640e5bcdaffd,b060fe06dcb4298c31bdf3dbccb281438e81f18e,1776934f9c734c06a9f275ecbd5dd046382dc45097ba027fd95ceb0add4eb100,test,casia_b_pose_no_ce_seed11_20260918T201401417891Z,11,global,occluded_gallery,body_part,0.35151514410972595,0.1812727268253054,0.16259090937674045,0.08454545587301254,0.2669696882367134,0.2405172502229991
casia_b_pose,no_ce,tcn,legacy,0918b1f5fab76facb1078a2592a904f68ec7afb3052393bb738d640e5bcdaffd,b060fe06dcb4298c31bdf3dbccb281438e81f18e,1776934f9c734c06a9f275ecbd5dd046382dc45097ba027fd95ceb0add4eb100,test,casia_b_pose_no_ce_seed11_20260918T201401417891Z,11,global,occluded_gallery,dynamic_joint,0.35151514410972595,0.27661904458488734,0.25740908868610857,0.1192121222615242,0.23230302184820176,0.3391379411645262
casia_b_pose,no_ce,tcn,legacy,0918b1f5fab76facb1078a2592a904f68ec7afb3052393bb738d640e5bcdaffd,b060fe06dcb4298c31bdf3dbccb281438e81f18e,1776934f9c734c06a9f275ecbd5dd046382dc45097ba027fd95ceb0add4eb100,test,casia_b_pose_no_ce_seed11_20260918T201401417891Z,11,global,occluded_gallery,random_joint,0.35151514410972595,0.3065238075596945,0.29265151321887967,0.1931515157222748,0.15836362838745116,0.5494827718204434
casia_b_pose,no_ce,tcn,legacy,0918b1f5fab76facb1078a2592a904f68ec7afb3052393bb738d640e5bcdaffd,b060fe06dcb4298c31bdf3dbccb281438e81f18e,1776934f9c734c06a9f275ecbd5dd046382dc45097ba027fd95ceb0add4eb100,test,casia_b_pose_no_ce_seed11_20260918T201401417891Z,11,global,occluded_gallery,temporal,0.35151514410972595,0.2829437243086951,0.2697424255311489,0.17715151309967042,0.17436363101005553,0.5039655220213566
casia_b_pose,no_ce,tcn,legacy,0918b1f5fab76facb1078a2592a904f68ec7afb3052393bb738d640e5bcdaffd,b060fe06dcb4298c31bdf3dbccb281438e81f18e,1776934f9c734c06a9f275ecbd5dd046382dc45097ba027fd95ceb0add4eb100,test,casia_b_pose_no_ce_seed11_20260918T201401417891Z,11,global_parts,clean_gallery,body_part,0.4300000071525574,0.1238051957317761,0.09425757601857185,0.024242423474788666,0.4057575836777687,0.056377728073357516
casia_b_pose,no_ce,tcn,legacy,0918b1f5fab76facb1078a2592a904f68ec7afb3052393bb738d640e5bcdaffd,b060fe06dcb4298c31bdf3dbccb281438e81f18e,1776934f9c734c06a9f275ecbd5dd046382dc45097ba027fd95ceb0add4eb100,test,casia_b_pose_no_ce_seed11_20260918T201401417891Z,11,global_parts,clean_gallery,dynamic_joint,0.4300000071525574,0.26264502235821313,0.23798484876751902,0.17066666781902312,0.25933333933353425,0.39689922088413643
casia_b_pose,no_ce,tcn,legacy,0918b1f5fab76facb1078a2592a904f68ec7afb3052393bb738d640e5bcdaffd,b060fe06dcb4298c31bdf3dbccb281438e81f18e,1776934f9c734c06a9f275ecbd5dd046382dc45097ba027fd95ceb0add4eb100,test,casia_b_pose_no_ce_seed11_20260918T201401417891Z,11,global_parts,clean_gallery,random_joint,0.4300000071525574,0.26242857107094353,0.23030302971601485,0.09951515197753906,0.3304848551750183,0.23143058214469428
casia_b_pose,no_ce,tcn,legacy,0918b1f5fab76facb1078a2592a904f68ec7afb3052393bb738d640e5bcdaffd,b060fe06dcb4298c31bdf3dbccb281438e81f18e,1776934f9c734c06a9f275ecbd5dd046382dc45097ba027fd95ceb0add4eb100,test,casia_b_pose_no_ce_seed11_20260918T201401417891Z,11,global_parts,clean_gallery,temporal,0.4300000071525574,0.2530519472701209,0.23560605943202972,0.21848484873771667,0.2115151584148407,0.508104290938306
casia_b_pose,no_ce,tcn,legacy,0918b1f5fab76facb1078a2592a904f68ec7afb3052393bb738d640e5bcdaffd,b060fe06dcb4298c31bdf3dbccb281438e81f18e,1776934f9c734c06a9f275ecbd5dd046382dc45097ba027fd95ceb0add4eb100,test,casia_b_pose_no_ce_seed11_20260918T201401417891Z,11,global_parts,occluded_gallery,body_part,0.4300000071525574,0.20655844019992012,0.18272727094590663,0.08454545587301254,0.34545455127954483,0.19661733596905992
casia_b_pose,no_ce,tcn,legacy,0918b1f5fab76facb1078a2592a904f68ec7afb3052393bb738d640e5bcdaffd,b060fe06dcb4298c31bdf3dbccb281438e81f18e,1776934f9c734c06a9f275ecbd5dd046382dc45097ba027fd95ceb0add4eb100,test,casia_b_pose_no_ce_seed11_20260918T201401417891Z,11,global_parts,occluded_gallery,dynamic_joint,0.4300000071525574,0.340956711769104,0.3156363651156425,0.1372121214866638,0.29278788566589353,0.31909795163790095
casia_b_pose,no_ce,tcn,legacy,0918b1f5fab76facb1078a2592a904f68ec7afb3052393bb738d640e5bcdaffd,b060fe06dcb4298c31bdf3dbccb281438e81f18e,1776934f9c734c06a9f275ecbd5dd046382dc45097ba027fd95ceb0add4eb100,test,casia_b_pose_no_ce_seed11_20260918T201401417891Z,11,global_parts,occluded_gallery,random_joint,0.4300000071525574,0.3761471859046391,0.3581969693303108,0.23121212124824525,0.19878788590431212,0.537702598609992
casia_b_pose,no_ce,tcn,legacy,0918b1f5fab76facb1078a2592a904f68ec7afb3052393bb738d640e5bcdaffd,b060fe06dcb4298c31bdf3dbccb281438e81f18e,1776934f9c734c06a9f275ecbd5dd046382dc45097ba027fd95ceb0add4eb100,test,casia_b_pose_no_ce_seed11_20260918T201401417891Z,11,global_parts,occluded_gallery,temporal,0.4300000071525574,0.34497402608394623,0.32831818088889125,0.21587878763675689,0.2141212195158005,0.5020436838275829
casia_b_pose,no_ce,tcn,legacy,0918b1f5fab76facb1078a2592a904f68ec7afb3052393bb738d640e5bcdaffd,b060fe06dcb4298c31bdf3dbccb281438e81f18e,1776934f9c734c06a9f275ecbd5dd046382dc45097ba027fd95ceb0add4eb100,test,casia_b_pose_no_ce_seed22_20260918T201729733081Z,22,global,clean_gallery,body_part,0.32393938302993774,0.09091341910617692,0.07086363639682532,0.02666666731238365,0.2972727157175541,0.08231992992935712
casia_b_pose,no_ce,tcn,legacy,0918b1f5fab76facb1078a2592a904f68ec7afb3052393bb738d640e5bcdaffd,b060fe06dcb4298c31bdf3dbccb281438e81f18e,1776934f9c734c06a9f275ecbd5dd046382dc45097ba027fd95ceb0add4eb100,test,casia_b_pose_no_ce_seed22_20260918T201729733081Z,22,global,clean_gallery,dynamic_joint,0.32393938302993774,0.1817445863570486,0.16436363495886325,0.0922424241900444,0.23169695883989333,0.28475211419884555
casia_b_pose,no_ce,tcn,legacy,0918b1f5fab76facb1078a2592a904f68ec7afb3052393bb738d640e5bcdaffd,b060fe06dcb4298c31bdf3dbccb281438e81f18e,1776934f9c734c06a9f275ecbd5dd046382dc45097ba027fd95ceb0add4eb100,test,casia_b_pose_no_ce_seed22_20260918T201729733081Z,22,global,clean_gallery,random_joint,0.32393938302993774,0.15297835405383792,0.1356212120503187,0.07442424297332764,0.2495151400566101,0.22974743693467342
casia_b_pose,no_ce,tcn,legacy,0918b1f5fab76facb1078a2592a904f68ec7afb3052393bb738d640e5bcdaffd,b060fe06dcb4298c31bdf3dbccb281438e81f18e,1776934f9c734c06a9f275ecbd5dd046382dc45097ba027fd95ceb0add4eb100,test,casia_b_pose_no_ce_seed22_20260918T201729733081Z,22,global,clean_gallery,temporal,0.32393938302993774,0.2076883118067469,0.1937272734940052,0.1463030308485031,0.17763635218143464,0.451637060860186
casia_b_pose,no_ce,tcn,legacy,0918b1f5fab76facb1078a2592a904f68ec7afb3052393bb738d640e5bcdaffd,b060fe06dcb4298c31bdf3dbccb281438e81f18e,1776934f9c734c06a9f275ecbd5dd046382dc45097ba027fd95ceb0add4eb100,test,casia_b_pose_no_ce_seed22_20260918T201729733081Z,22,global,occluded_gallery,body_part,0.32393938302993774,0.17061904732670102,0.1540909092873335,0.08666666597127914,0.2372727170586586,0.2675397636454398
casia_b_pose,no_ce,tcn,legacy,0918b1f5fab76facb1078a2592a904f68ec7afb3052393bb738d640e5bcdaffd,b060fe06dcb4298c31bdf3dbccb281438e81f18e,1776934f9c734c06a9f275ecbd5dd046382dc45097ba027fd95ceb0add4eb100,test,casia_b_pose_no_ce_seed22_20260918T201729733081Z,22,global,occluded_gallery,dynamic_joint,0.32393938302993774,0.24886580067021508,0.23063636496663095,0.09915151596069335,0.2247878670692444,0.3060804618237172
casia_b_pose,no_ce,tcn,legacy,0918b1f5fab76facb1078a2592a904f68ec7afb3052393bb738d640e5bcdaffd,b060fe06dcb4298c31bdf3dbccb281438e81f18e,1776934f9c734c06a9f275ecbd5dd046382dc45097ba027fd95ceb0add4eb100,test,casia_b_pose_no_ce_seed22_20260918T201729733081Z,22,global,occluded_gallery,random_joint,0.32393938302993774,0.2691731593438557,0.25628787875175474,0.1635757565498352,0.16036362648010255,0.504957918422404
casia_b_pose,no_ce,tcn,legacy,0918b1f5fab76facb1078a2592a904f68ec7afb3052393bb738d640e5bcdaffd,b060fe06dcb4298c31bdf3dbccb281438e81f18e,1776934f9c734c06a9f275ecbd5dd046382dc45097ba027fd95ceb0add4eb100,test,casia_b_pose_no_ce_seed22_20260918T201729733081Z,22,global,occluded_gallery,temporal,0.32393938302993774,0.26234631666115354,0.24933333024382592,0.15939393937587737,0.16454544365406037,0.49204866010733417
casia_b_pose,no_ce,tcn,legacy,0918b1f5fab76facb1078a2592a904f68ec7afb3052393bb738d640e5bcdaffd,b060fe06dcb4298c31bdf3dbccb281438e81f18e,1776934f9c734c06a9f275ecbd5dd046382dc45097ba027fd95ceb0add4eb100,test,casia_b_pose_no_ce_seed22_20260918T201729733081Z,22,global_parts,clean_gallery,body_part,0.3763636350631714,0.11981818228960038,0.09643939435482025,0.03272727131843567,0.3436363637447357,0.08695651829630804
casia_b_pose,no_ce,tcn,legacy,0918b1f5fab76facb1078a2592a904f68ec7afb3052393bb738d640e5bcdaffd,b060fe06dcb4298c31bdf3dbccb281438e81f18e,1776934f9c734c06a9f275ecbd5dd046382dc45097ba027fd95ceb0add4eb100,test,casia_b_pose_no_ce_seed22_20260918T201729733081Z,22,global_parts,clean_gallery,dynamic_joint,0.3763636350631714,0.24415584653615952,0.2218787904828787,0.11842424124479294,0.25793939381837844,0.31465378217243495
casia_b_pose,no_ce,tcn,legacy,0918b1f5fab76facb1078a2592a904f68ec7afb3052393bb738d640e5bcdaffd,b060fe06dcb4298c31bdf3dbccb281438e81f18e,1776934f9c734c06a9f275ecbd5dd046382dc45097ba027fd95ceb0add4eb100,test,casia_b_pose_no_ce_seed22_20260918T201729733081Z,22,global_parts,clean_gallery,random_joint,0.3763636350631714,0.22186147293874195,0.20121212266385555,0.10721212178468705,0.26915151327848436,0.2848631264991684
casia_b_pose,no_ce,tcn,legacy,0918b1f5fab76facb1078a2592a904f68ec7afb3052393bb738d640e5bcdaffd,b060fe06dcb4298c31bdf3dbccb281438e81f18e,1776934f9c734c06a9f275ecbd5dd046382dc45097ba027fd95ceb0add4eb100,test,casia_b_pose_no_ce_seed22_20260918T201729733081Z,22,global_parts,clean_gallery,temporal,0.3763636350631714,0.27517749283994947,0.26150000393390654,0.21721212267875672,0.15915151238441466,0.5771336612855766
casia_b_pose,no_ce,tcn,legacy,0918b1f5fab76facb1078a2592a904f68ec7afb3052393bb738d640e5bcdaffd,b060fe06dcb4298c31bdf3dbccb281438e81f18e,1776934f9c734c06a9f275ecbd5dd046382dc45097ba027fd95ceb0add4eb100,test,casia_b_pose_no_ce_seed22_20260918T201729733081Z,22,global_parts,occluded_gallery,body_part,0.3763636350631714,0.1889567092061043,0.16927272640168667,0.08666666597127914,0.28969696909189224,0.23027375096090894
casia_b_pose,no_ce,tcn,legacy,0918b1f5fab76facb1078a2592a904f68ec7afb3052393bb738d640e5bcdaffd,b060fe06dcb4298c31bdf3dbccb281438e81f18e,1776934f9c734c06a9f275ecbd5dd046382dc45097ba027fd95ceb0add4eb100,test,casia_b_pose_no_ce_seed22_20260918T201729733081Z,22,global_parts,occluded_gallery,dynamic_joint,0.3763636350631714,0.3060346294726644,0.28378787674009803,0.1155757561326027,0.2607878789305687,0.3070853434423963
casia_b_pose,no_ce,tcn,legacy,0918b1f5fab76facb1078a2592a904f68ec7afb3052393bb738d640e5bcdaffd,b060fe06dcb4298c31bdf3dbccb281438e81f18e,1776934f9c734c06a9f275ecbd5dd046382dc45097ba027fd95ceb0add4eb100,test,casia_b_pose_no_ce_seed22_20260918T201729733081Z,22,global_parts,occluded_gallery,random_joint,0.3763636350631714,0.3289610424212047,0.31324242800474167,0.19163636565208436,0.18472726941108703,0.509178751076519
casia_b_pose,no_ce,tcn,legacy,0918b1f5fab76facb1078a2592a904f68ec7afb3052393bb738d640e5bcdaffd,b060fe06dcb4298c31bdf3dbccb281438e81f18e,1776934f9c734c06a9f275ecbd5dd046382dc45097ba027fd95ceb0add4eb100,test,casia_b_pose_no_ce_seed22_20260918T201729733081Z,22,global_parts,occluded_gallery,temporal,0.3763636350631714,0.31336363341127127,0.29866666346788406,0.190666663646698,0.1856969714164734,0.5066022481547539
casia_b_pose,no_ce,tcn,legacy,0918b1f5fab76facb1078a2592a904f68ec7afb3052393bb738d640e5bcdaffd,b060fe06dcb4298c31bdf3dbccb281438e81f18e,1776934f9c734c06a9f275ecbd5dd046382dc45097ba027fd95ceb0add4eb100,test,casia_b_pose_no_ce_seed33_20260918T203132856131Z,33,global,clean_gallery,body_part,0.3075757622718811,0.08394805219556604,0.06493939394131303,0.024848485365509987,0.2827272769063711,0.08078817778738108
casia_b_pose,no_ce,tcn,legacy,0918b1f5fab76facb1078a2592a904f68ec7afb3052393bb738d640e5bcdaffd,b060fe06dcb4298c31bdf3dbccb281438e81f18e,1776934f9c734c06a9f275ecbd5dd046382dc45097ba027fd95ceb0add4eb100,test,casia_b_pose_no_ce_seed33_20260918T203132856131Z,33,global,clean_gallery,dynamic_joint,0.3075757622718811,0.1693852805665561,0.15284848362207412,0.08703030347824096,0.22054545879364013,0.2829556621607611
casia_b_pose,no_ce,tcn,legacy,0918b1f5fab76facb1078a2592a904f68ec7afb3052393bb738d640e5bcdaffd,b060fe06dcb4298c31bdf3dbccb281438e81f18e,1776934f9c734c06a9f275ecbd5dd046382dc45097ba027fd95ceb0add4eb100,test,casia_b_pose_no_ce_seed33_20260918T203132856131Z,33,global,clean_gallery,random_joint,0.3075757622718811,0.15600432732275557,0.1393484827131033,0.0801212102174759,0.2274545520544052,0.260492600670702
casia_b_pose,no_ce,tcn,legacy,0918b1f5fab76facb1078a2592a904f68ec7afb3052393bb738d640e5bcdaffd,b060fe06dcb4298c31bdf3dbccb281438e81f18e,1776934f9c734c06a9f275ecbd5dd046382dc45097ba027fd95ceb0add4eb100,test,casia_b_pose_no_ce_seed33_20260918T203132856131Z,33,global,clean_gallery,temporal,0.3075757622718811,0.18362337648868562,0.1696060601621866,0.12381818145513535,0.18375758081674576,0.4025615690279472
casia_b_pose,no_ce,tcn,legacy,0918b1f5fab76facb1078a2592a904f68ec7afb3052393bb738d640e5bcdaffd,b060fe06dcb4298c31bdf3dbccb281438e81f18e,1776934f9c734c06a9f275ecbd5dd046382dc45097ba027fd95ceb0add4eb100,test,casia_b_pose_no_ce_seed33_20260918T203132856131Z,33,global,occluded_gallery,body_part,0.3075757622718811,0.17280086555651256,0.1573181811720133,0.08636363595724106,0.22121212631464005,0.2807881717314905
casia_b_pose,no_ce,tcn,legacy,0918b1f5fab76facb1078a2592a904f68ec7afb3052393bb738d640e5bcdaffd,b060fe06dcb4298c31bdf3dbccb281438e81f18e,1776934f9c734c06a9f275ecbd5dd046382dc45097ba027fd95ceb0add4eb100,test,casia_b_pose_no_ce_seed33_20260918T203132856131Z,33,global,occluded_gallery,dynamic_joint,0.3075757622718811,0.2434329013739313,0.22713636420667171,0.10199999958276748,0.20557576268911362,0.33162560934370616
casia_b_pose,no_ce,tcn,legacy,0918b1f5fab76facb1078a2592a904f68ec7afb3052393bb738d640e5bcdaffd,b060fe06dcb4298c31bdf3dbccb281438e81f18e,1776934f9c734c06a9f275ecbd5dd046382dc45097ba027fd95ceb0add4eb100,test,casia_b_pose_no_ce_seed33_20260918T203132856131Z,33,global,occluded_gallery,random_joint,0.3075757622718811,0.2604199107204165,0.2479848451912403,0.15496969521045684,0.15260606706142427,0.5038423511195645
casia_b_pose,no_ce,tcn,legacy,0918b1f5fab76facb1078a2592a904f68ec7afb3052393bb738d640e5bcdaffd,b060fe06dcb4298c31bdf3dbccb281438e81f18e,1776934f9c734c06a9f275ecbd5dd046382dc45097ba027fd95ceb0add4eb100,test,casia_b_pose_no_ce_seed33_20260918T203132856131Z,33,global,occluded_gallery,temporal,0.3075757622718811,0.2560432881116867,0.24398484602570533,0.15296969711780548,0.15460606515407563,0.4973398943658901
casia_b_pose,no_ce,tcn,legacy,0918b1f5fab76facb1078a2592a904f68ec7afb3052393bb738d640e5bcdaffd,b060fe06dcb4298c31bdf3dbccb281438e81f18e,1776934f9c734c06a9f275ecbd5dd046382dc45097ba027fd95ceb0add4eb100,test,casia_b_pose_no_ce_seed33_20260918T203132856131Z,33,global_parts,clean_gallery,body_part,0.3669697046279907,0.1152943731950862,0.09171212157234548,0.02090909145772457,0.34606061317026615,0.05697770468251816
casia_b_pose,no_ce,tcn,legacy,0918b1f5fab76facb1078a2592a904f68ec7afb3052393bb738d640e5bcdaffd,b060fe06dcb4298c31bdf3dbccb281438e81f18e,1776934f9c734c06a9f275ecbd5dd046382dc45097ba027fd95ceb0add4eb100,test,casia_b_pose_no_ce_seed33_20260918T203132856131Z,33,global_parts,clean_gallery,dynamic_joint,0.3669697046279907,0.24562770894595554,0.22634848803281785,0.1359393984079361,0.23103030622005463,0.37043765927692135
casia_b_pose,no_ce,tcn,legacy,0918b1f5fab76facb1078a2592a904f68ec7afb3052393bb738d640e5bcdaffd,b060fe06dcb4298c31bdf3dbccb281438e81f18e,1776934f9c734c06a9f275ecbd5dd046382dc45097ba027fd95ceb0add4eb100,test,casia_b_pose_no_ce_seed33_20260918T203132856131Z,33,global_parts,clean_gallery,random_joint,0.3669697046279907,0.23416883093970162,0.21613636314868925,0.133030304312706,0.23393940031528473,0.36251031797723793
casia_b_pose,no_ce,tcn,legacy,0918b1f5fab76facb1078a2592a904f68ec7afb3052393bb738d640e5bcdaffd,b060fe06dcb4298c31bdf3dbccb281438e81f18e,1776934f9c734c06a9f275ecbd5dd046382dc45097ba027fd95ceb0add4eb100,test,casia_b_pose_no_ce_seed33_20260918T203132856131Z,33,global_parts,clean_gallery,temporal,0.3669697046279907,0.27716017535754617,0.26469697132706643,0.22072727382183074,0.14624243080615998,0.6014863653270486
casia_b_pose,no_ce,tcn,legacy,0918b1f5fab76facb1078a2592a904f68ec7afb3052393bb738d640e5bcdaffd,b060fe06dcb4298c31bdf3dbccb281438e81f18e,1776934f9c734c06a9f275ecbd5dd046382dc45097ba027fd95ceb0add4eb100,test,casia_b_pose_no_ce_seed33_20260918T203132856131Z,33,global_parts,occluded_gallery,body_part,0.3669697046279907,0.18825108259916304,0.16896969638764858,0.08636363595724106,0.28060606867074966,0.2353426859712867
casia_b_pose,no_ce,tcn,legacy,0918b1f5fab76facb1078a2592a904f68ec7afb3052393bb738d640e5bcdaffd,b060fe06dcb4298c31bdf3dbccb281438e81f18e,1776934f9c734c06a9f275ecbd5dd046382dc45097ba027fd95ceb0add4eb100,test,casia_b_pose_no_ce_seed33_20260918T203132856131Z,33,global_parts,occluded_gallery,dynamic_joint,0.3669697046279907,0.3009047629577773,0.27912121303379533,0.11157575696706772,0.255393947660923,0.30404623477073056
casia_b_pose,no_ce,tcn,legacy,0918b1f5fab76facb1078a2592a904f68ec7afb3052393bb738d640e5bcdaffd,b060fe06dcb4298c31bdf3dbccb281438e81f18e,1776934f9c734c06a9f275ecbd5dd046382dc45097ba027fd95ceb0add4eb100,test,casia_b_pose_no_ce_seed33_20260918T203132856131Z,33,global_parts,occluded_gallery,random_joint,0.3669697046279907,0.32619047803538187,0.31075757741928095,0.19042424559593202,0.1765454590320587,0.5189099895561443
casia_b_pose,no_ce,tcn,legacy,0918b1f5fab76facb1078a2592a904f68ec7afb3052393bb738d640e5bcdaffd,b060fe06dcb4298c31bdf3dbccb281438e81f18e,1776934f9c734c06a9f275ecbd5dd046382dc45097ba027fd95ceb0add4eb100,test,casia_b_pose_no_ce_seed33_20260918T203132856131Z,33,global_parts,occluded_gallery,temporal,0.3669697046279907,0.31354545567716874,0.29968181848526004,0.19272727370262147,0.17424243092536926,0.5251857885598361
casia_b_pose,no_ce,tcn,legacy,0918b1f5fab76facb1078a2592a904f68ec7afb3052393bb738d640e5bcdaffd,b060fe06dcb4298c31bdf3dbccb281438e81f18e,1776934f9c734c06a9f275ecbd5dd046382dc45097ba027fd95ceb0add4eb100,test,casia_b_pose_no_ce_seed44_20260918T204904446531Z,44,global,clean_gallery,body_part,0.3187878727912903,0.09161471676613603,0.07096969550475478,0.02181818149983883,0.29696969129145145,0.06844106492759573
casia_b_pose,no_ce,tcn,legacy,0918b1f5fab76facb1078a2592a904f68ec7afb3052393bb738d640e5bcdaffd,b060fe06dcb4298c31bdf3dbccb281438e81f18e,1776934f9c734c06a9f275ecbd5dd046382dc45097ba027fd95ceb0add4eb100,test,casia_b_pose_no_ce_seed44_20260918T204904446531Z,44,global,clean_gallery,dynamic_joint,0.3187878727912903,0.21290909094469887,0.1945909097790718,0.11387878954410553,0.20490908324718476,0.3572243465442668
casia_b_pose,no_ce,tcn,legacy,0918b1f5fab76facb1078a2592a904f68ec7afb3052393bb738d640e5bcdaffd,b060fe06dcb4298c31bdf3dbccb281438e81f18e,1776934f9c734c06a9f275ecbd5dd046382dc45097ba027fd95ceb0add4eb100,test,casia_b_pose_no_ce_seed44_20260918T204904446531Z,44,global,clean_gallery,random_joint,0.3187878727912903,0.21977055988141467,0.19859090633690357,0.07987878769636154,0.23890908509492875,0.25057034634644965
casia_b_pose,no_ce,tcn,legacy,0918b1f5fab76facb1078a2592a904f68ec7afb3052393bb738d640e5bcdaffd,b060fe06dcb4298c31bdf3dbccb281438e81f18e,1776934f9c734c06a9f275ecbd5dd046382dc45097ba027fd95ceb0add4eb100,test,casia_b_pose_no_ce_seed44_20260918T204904446531Z,44,global,clean_gallery,temporal,0.3187878727912903,0.19433766305446626,0.1800303041934967,0.13109090924263,0.18769696354866028,0.4112167382491834
casia_b_pose,no_ce,tcn,legacy,0918b1f5fab76facb1078a2592a904f68ec7afb3052393bb738d640e5bcdaffd,b060fe06dcb4298c31bdf3dbccb281438e81f18e,1776934f9c734c06a9f275ecbd5dd046382dc45097ba027fd95ceb0add4eb100,test,casia_b_pose_no_ce_seed44_20260918T204904446531Z,44,global,occluded_gallery,body_part,0.3187878727912903,0.16566233720098222,0.14963636361062527,0.08575757592916489,0.2330302968621254,0.26901141244262505
casia_b_pose,no_ce,tcn,legacy,0918b1f5fab76facb1078a2592a904f68ec7afb3052393bb738d640e5bcdaffd,b060fe06dcb4298c31bdf3dbccb281438e81f18e,1776934f9c734c06a9f275ecbd5dd046382dc45097ba027fd95ceb0add4eb100,test,casia_b_pose_no_ce_seed44_20260918T204904446531Z,44,global,occluded_gallery,dynamic_joint,0.3187878727912903,0.2504285705941064,0.2329242430627346,0.10496969819068909,0.2138181746006012,0.32927757656393825
casia_b_pose,no_ce,tcn,legacy,0918b1f5fab76facb1078a2592a904f68ec7afb3052393bb738d640e5bcdaffd,b060fe06dcb4298c31bdf3dbccb281438e81f18e,1776934f9c734c06a9f275ecbd5dd046382dc45097ba027fd95ceb0add4eb100,test,casia_b_pose_no_ce_seed44_20260918T204904446531Z,44,global,occluded_gallery,random_joint,0.3187878727912903,0.2782900427068983,0.2663333334028721,0.17824242413043975,0.14054544866085053,0.55912548545137
casia_b_pose,no_ce,tcn,legacy,0918b1f5fab76facb1078a2592a904f68ec7afb3052393bb738d640e5bcdaffd,b060fe06dcb4298c31bdf3dbccb281438e81f18e,1776934f9c734c06a9f275ecbd5dd046382dc45097ba027fd95ceb0add4eb100,test,casia_b_pose_no_ce_seed44_20260918T204904446531Z,44,global,occluded_gallery,temporal,0.3187878727912903,0.25755411343915124,0.24515151605010033,0.1571515142917633,0.16163635849952698,0.4929657860437183
casia_b_pose,no_ce,tcn,legacy,0918b1f5fab76facb1078a2592a904f68ec7afb3052393bb738d640e5bcdaffd,b060fe06dcb4298c31bdf3dbccb281438e81f18e,1776934f9c734c06a9f275ecbd5dd046382dc45097ba027fd95ceb0add4eb100,test,casia_b_pose_no_ce_seed44_20260918T204904446531Z,44,global_parts,clean_gallery,body_part,0.3893939256668091,0.13614718663905348,0.11110606202855706,0.025151515379548073,0.364242410287261,0.06459144255133902
casia_b_pose,no_ce,tcn,legacy,0918b1f5fab76facb1078a2592a904f68ec7afb3052393bb738d640e5bcdaffd,b060fe06dcb4298c31bdf3dbccb281438e81f18e,1776934f9c734c06a9f275ecbd5dd046382dc45097ba027fd95ceb0add4eb100,test,casia_b_pose_no_ce_seed44_20260918T204904446531Z,44,global_parts,clean_gallery,dynamic_joint,0.3893939256668091,0.2907662353345326,0.26824242547154425,0.1458181768655777,0.2435757488012314,0.3744747086536457
casia_b_pose,no_ce,tcn,legacy,0918b1f5fab76facb1078a2592a904f68ec7afb3052393bb738d640e5bcdaffd,b060fe06dcb4298c31bdf3dbccb281438e81f18e,1776934f9c734c06a9f275ecbd5dd046382dc45097ba027fd95ceb0add4eb100,test,casia_b_pose_no_ce_seed44_20260918T204904446531Z,44,global_parts,clean_gallery,random_joint,0.3893939256668091,0.27513852630342756,0.2515606045722961,0.10436363518238068,0.2850302904844284,0.2680155706169927
casia_b_pose,no_ce,tcn,legacy,0918b1f5fab76facb1078a2592a904f68ec7afb3052393bb738d640e5bcdaffd,b060fe06dcb4298c31bdf3dbccb281438e81f18e,1776934f9c734c06a9f275ecbd5dd046382dc45097ba027fd95ceb0add4eb100,test,casia_b_pose_no_ce_seed44_20260918T204904446531Z,44,global_parts,clean_gallery,temporal,0.3893939256668091,0.30397402090685705,0.29053029939532277,0.23175757825374604,0.15763634741306304,0.5951751246681054
casia_b_pose,no_ce,tcn,legacy,0918b1f5fab76facb1078a2592a904f68ec7afb3052393bb738d640e5bcdaffd,b060fe06dcb4298c31bdf3dbccb281438e81f18e,1776934f9c734c06a9f275ecbd5dd046382dc45097ba027fd95ceb0add4eb100,test,casia_b_pose_no_ce_seed44_20260918T204904446531Z,44,global_parts,occluded_gallery,body_part,0.3893939256668091,0.18975757509469984,0.1693636368960142,0.08575757592916489,0.3036363497376442,0.22023347123946838
casia_b_pose,no_ce,tcn,legacy,0918b1f5fab76facb1078a2592a904f68ec7afb3052393bb738d640e5bcdaffd,b060fe06dcb4298c31bdf3dbccb281438e81f18e,1776934f9c734c06a9f275ecbd5dd046382dc45097ba027fd95ceb0add4eb100,test,casia_b_pose_no_ce_seed44_20260918T204904446531Z,44,global_parts,occluded_gallery,dynamic_joint,0.3893939256668091,0.3170562750526837,0.293893938139081,0.12054545432329178,0.2688484713435173,0.309571994778466
casia_b_pose,no_ce,tcn,legacy,0918b1f5fab76facb1078a2592a904f68ec7afb3052393bb738d640e5bcdaffd,b060fe06dcb4298c31bdf3dbccb281438e81f18e,1776934f9c734c06a9f275ecbd5dd046382dc45097ba027fd95ceb0add4eb100,test,casia_b_pose_no_ce_seed44_20260918T204904446531Z,44,global_parts,occluded_gallery,random_joint,0.3893939256668091,0.34115151166915897,0.32415151223540306,0.1937575727701187,0.19563635289669037,0.49758755850729514
casia_b_pose,no_ce,tcn,legacy,0918b1f5fab76facb1078a2592a904f68ec7afb3052393bb738d640e5bcdaffd,b060fe06dcb4298c31bdf3dbccb281438e81f18e,1776934f9c734c06a9f275ecbd5dd046382dc45097ba027fd95ceb0add4eb100,test,casia_b_pose_no_ce_seed44_20260918T204904446531Z,44,global_parts,occluded_gallery,temporal,0.3893939256668091,0.3264848483460291,0.3113787889480591,0.20090909004211427,0.1884848356246948,0.5159533233551907
casia_b_pose,no_ce,tcn,legacy,0918b1f5fab76facb1078a2592a904f68ec7afb3052393bb738d640e5bcdaffd,b060fe06dcb4298c31bdf3dbccb281438e81f18e,1776934f9c734c06a9f275ecbd5dd046382dc45097ba027fd95ceb0add4eb100,test,casia_b_pose_no_ce_seed55_20260918T205218601974Z,55,global,clean_gallery,body_part,0.34272727370262146,0.08765800829444613,0.06574242375791073,0.02818181738257408,0.3145454563200474,0.0822281141448549
casia_b_pose,no_ce,tcn,legacy,0918b1f5fab76facb1078a2592a904f68ec7afb3052393bb738d640e5bcdaffd,b060fe06dcb4298c31bdf3dbccb281438e81f18e,1776934f9c734c06a9f275ecbd5dd046382dc45097ba027fd95ceb0add4eb100,test,casia_b_pose_no_ce_seed55_20260918T205218601974Z,55,global,clean_gallery,dynamic_joint,0.34272727370262146,0.1771428570151329,0.15707575716078284,0.10854545384645461,0.23418181985616685,0.31671087239073253
casia_b_pose,no_ce,tcn,legacy,0918b1f5fab76facb1078a2592a904f68ec7afb3052393bb738d640e5bcdaffd,b060fe06dcb4298c31bdf3dbccb281438e81f18e,1776934f9c734c06a9f275ecbd5dd046382dc45097ba027fd95ceb0add4eb100,test,casia_b_pose_no_ce_seed55_20260918T205218601974Z,55,global,clean_gallery,random_joint,0.34272727370262146,0.18555411291973928,0.1648787882179022,0.1033333346247673,0.23939393907785417,0.3015030975166215
casia_b_pose,no_ce,tcn,legacy,0918b1f5fab76facb1078a2592a904f68ec7afb3052393bb738d640e5bcdaffd,b060fe06dcb4298c31bdf3dbccb281438e81f18e,1776934f9c734c06a9f275ecbd5dd046382dc45097ba027fd95ceb0add4eb100,test,casia_b_pose_no_ce_seed55_20260918T205218601974Z,55,global,clean_gallery,temporal,0.34272727370262146,0.16471428445407324,0.14848484694957734,0.12666666507720947,0.216060608625412,0.36958443286050224
casia_b_pose,no_ce,tcn,legacy,0918b1f5fab76facb1078a2592a904f68ec7afb3052393bb738d640e5bcdaffd,b060fe06dcb4298c31bdf3dbccb281438e81f18e,1776934f9c734c06a9f275ecbd5dd046382dc45097ba027fd95ceb0add4eb100,test,casia_b_pose_no_ce_seed55_20260918T205218601974Z,55,global,occluded_gallery,body_part,0.34272727370262146,0.17471428577389037,0.15631818175315856,0.0790909081697464,0.26363636553287506,0.2307692274247547
casia_b_pose,no_ce,tcn,legacy,0918b1f5fab76facb1078a2592a904f68ec7afb3052393bb738d640e5bcdaffd,b060fe06dcb4298c31bdf3dbccb281438e81f18e,1776934f9c734c06a9f275ecbd5dd046382dc45097ba027fd95ceb0add4eb100,test,casia_b_pose_no_ce_seed55_20260918T205218601974Z,55,global,occluded_gallery,dynamic_joint,0.34272727370262146,0.2694372258016041,0.2502575717866421,0.11060605943202972,0.23212121427059174,0.32272324941376185
casia_b_pose,no_ce,tcn,legacy,0918b1f5fab76facb1078a2592a904f68ec7afb3052393bb738d640e5bcdaffd,b060fe06dcb4298c31bdf3dbccb281438e81f18e,1776934f9c734c06a9f275ecbd5dd046382dc45097ba027fd95ceb0add4eb100,test,casia_b_pose_no_ce_seed55_20260918T205218601974Z,55,global,occluded_gallery,random_joint,0.34272727370262146,0.29197402383599963,0.27730302810668944,0.1685454547405243,0.17418181896209717,0.4917771874985598
casia_b_pose,no_ce,tcn,legacy,0918b1f5fab76facb1078a2592a904f68ec7afb3052393bb738d640e5bcdaffd,b060fe06dcb4298c31bdf3dbccb281438e81f18e,1776934f9c734c06a9f275ecbd5dd046382dc45097ba027fd95ceb0add4eb100,test,casia_b_pose_no_ce_seed55_20260918T205218601974Z,55,global,occluded_gallery,temporal,0.34272727370262146,0.2815238122429167,0.2688636384904385,0.17612121105194092,0.16660606265068054,0.5138815161957558
casia_b_pose,no_ce,tcn,legacy,0918b1f5fab76facb1078a2592a904f68ec7afb3052393bb738d640e5bcdaffd,b060fe06dcb4298c31bdf3dbccb281438e81f18e,1776934f9c734c06a9f275ecbd5dd046382dc45097ba027fd95ceb0add4eb100,test,casia_b_pose_no_ce_seed55_20260918T205218601974Z,55,global_parts,clean_gallery,body_part,0.401818186044693,0.12390043384262493,0.09634848553687334,0.019999999552965164,0.38181818649172783,0.04977375402003489
casia_b_pose,no_ce,tcn,legacy,0918b1f5fab76facb1078a2592a904f68ec7afb3052393bb738d640e5bcdaffd,b060fe06dcb4298c31bdf3dbccb281438e81f18e,1776934f9c734c06a9f275ecbd5dd046382dc45097ba027fd95ceb0add4eb100,test,casia_b_pose_no_ce_seed55_20260918T205218601974Z,55,global_parts,clean_gallery,dynamic_joint,0.401818186044693,0.27098701106650486,0.2479999981820583,0.16757575869560243,0.23424242734909057,0.41704373897343583
casia_b_pose,no_ce,tcn,legacy,0918b1f5fab76facb1078a2592a904f68ec7afb3052393bb738d640e5bcdaffd,b060fe06dcb4298c31bdf3dbccb281438e81f18e,1776934f9c734c06a9f275ecbd5dd046382dc45097ba027fd95ceb0add4eb100,test,casia_b_pose_no_ce_seed55_20260918T205218601974Z,55,global_parts,clean_gallery,random_joint,0.401818186044693,0.2868441615785871,0.2629545509815216,0.1600606083869934,0.2417575776576996,0.39834087641117955
casia_b_pose,no_ce,tcn,legacy,0918b1f5fab76facb1078a2592a904f68ec7afb3052393bb738d640e5bcdaffd,b060fe06dcb4298c31bdf3dbccb281438e81f18e,1776934f9c734c06a9f275ecbd5dd046382dc45097ba027fd95ceb0add4eb100,test,casia_b_pose_no_ce_seed55_20260918T205218601974Z,55,global_parts,clean_gallery,temporal,0.401818186044693,0.26449350437947683,0.249484845995903,0.2240606039762497,0.1777575820684433,0.5576168818584237
casia_b_pose,no_ce,tcn,legacy,0918b1f5fab76facb1078a2592a904f68ec7afb3052393bb738d640e5bcdaffd,b060fe06dcb4298c31bdf3dbccb281438e81f18e,1776934f9c734c06a9f275ecbd5dd046382dc45097ba027fd95ceb0add4eb100,test,casia_b_pose_no_ce_seed55_20260918T205218601974Z,55,global_parts,occluded_gallery,body_part,0.401818186044693,0.19259307554789953,0.1702575773000717,0.0790909081697464,0.3227272778749466,0.19683257482265715
casia_b_pose,no_ce,tcn,legacy,0918b1f5fab76facb1078a2592a904f68ec7afb3052393bb738d640e5bcdaffd,b060fe06dcb4298c31bdf3dbccb281438e81f18e,1776934f9c734c06a9f275ecbd5dd046382dc45097ba027fd95ceb0add4eb100,test,casia_b_pose_no_ce_seed55_20260918T205218601974Z,55,global_parts,occluded_gallery,dynamic_joint,0.401818186044693,0.3247359284332821,0.3015151485800743,0.13157575726509094,0.27024242877960203,0.3274509761747224
casia_b_pose,no_ce,tcn,legacy,0918b1f5fab76facb1078a2592a904f68ec7afb3052393bb738d640e5bcdaffd,b060fe06dcb4298c31bdf3dbccb281438e81f18e,1776934f9c734c06a9f275ecbd5dd046382dc45097ba027fd95ceb0add4eb100,test,casia_b_pose_no_ce_seed55_20260918T205218601974Z,55,global_parts,occluded_gallery,random_joint,0.401818186044693,0.3506190448999405,0.3319848455488682,0.1958787888288498,0.2059393972158432,0.487481143541529
casia_b_pose,no_ce,tcn,legacy,0918b1f5fab76facb1078a2592a904f68ec7afb3052393bb738d640e5bcdaffd,b060fe06dcb4298c31bdf3dbccb281438e81f18e,1776934f9c734c06a9f275ecbd5dd046382dc45097ba027fd95ceb0add4eb100,test,casia_b_pose_no_ce_seed55_20260918T205218601974Z,55,global_parts,occluded_gallery,temporal,0.401818186044693,0.3352813865457262,0.32045454680919644,0.2156969726085663,0.1861212134361267,0.5368024148727181
casia_b_pose,no_complete_partial,tcn,legacy,b8d9105c26f20bebdd2215bc1ad8c7d6691838a969aa6a49d4fa4570813f0a4d,b060fe06dcb4298c31bdf3dbccb281438e81f18e,1776934f9c734c06a9f275ecbd5dd046382dc45097ba027fd95ceb0add4eb100,test,casia_b_pose_no_complete_partial_seed11_20260918T153815883657Z,11,global,clean_gallery,body_part,0.35757574439048767,0.10663636284215111,0.08328787870705129,0.033030301332473755,0.3245454430580139,0.0923728800139287
casia_b_pose,no_complete_partial,tcn,legacy,b8d9105c26f20bebdd2215bc1ad8c7d6691838a969aa6a49d4fa4570813f0a4d,b060fe06dcb4298c31bdf3dbccb281438e81f18e,1776934f9c734c06a9f275ecbd5dd046382dc45097ba027fd95ceb0add4eb100,test,casia_b_pose_no_complete_partial_seed11_20260918T153815883657Z,11,global,clean_gallery,dynamic_joint,0.35757574439048767,0.20050649217196873,0.18259090855717658,0.13199999928474426,0.2255757451057434,0.3691525539847433
casia_b_pose,no_complete_partial,tcn,legacy,b8d9105c26f20bebdd2215bc1ad8c7d6691838a969aa6a49d4fa4570813f0a4d,b060fe06dcb4298c31bdf3dbccb281438e81f18e,1776934f9c734c06a9f275ecbd5dd046382dc45097ba027fd95ceb0add4eb100,test,casia_b_pose_no_complete_partial_seed11_20260918T153815883657Z,11,global,clean_gallery,random_joint,0.35757574439048767,0.21736796413149154,0.20219696909189225,0.1693939357995987,0.18818180859088898,0.47372882097565716
casia_b_pose,no_complete_partial,tcn,legacy,b8d9105c26f20bebdd2215bc1ad8c7d6691838a969aa6a49d4fa4570813f0a4d,b060fe06dcb4298c31bdf3dbccb281438e81f18e,1776934f9c734c06a9f275ecbd5dd046382dc45097ba027fd95ceb0add4eb100,test,casia_b_pose_no_complete_partial_seed11_20260918T153815883657Z,11,global,clean_gallery,temporal,0.35757574439048767,0.19128571237836564,0.1739393927156925,0.12799999713897706,0.22957574725151061,0.35796610689341307
casia_b_pose,no_complete_partial,tcn,legacy,b8d9105c26f20bebdd2215bc1ad8c7d6691838a969aa6a49d4fa4570813f0a4d,b060fe06dcb4298c31bdf3dbccb281438e81f18e,1776934f9c734c06a9f275ecbd5dd046382dc45097ba027fd95ceb0add4eb100,test,casia_b_pose_no_complete_partial_seed11_20260918T153815883657Z,11,global,occluded_gallery,body_part,0.35757574439048767,0.21132900225264686,0.19127272628247738,0.08393939584493637,0.2736363485455513,0.23474577669695357
casia_b_pose,no_complete_partial,tcn,legacy,b8d9105c26f20bebdd2215bc1ad8c7d6691838a969aa6a49d4fa4570813f0a4d,b060fe06dcb4298c31bdf3dbccb281438e81f18e,1776934f9c734c06a9f275ecbd5dd046382dc45097ba027fd95ceb0add4eb100,test,casia_b_pose_no_complete_partial_seed11_20260918T153815883657Z,11,global,occluded_gallery,dynamic_joint,0.35757574439048767,0.30999134268079487,0.29166666865348817,0.14569697380065919,0.21187877058982849,0.4074576536196817
casia_b_pose,no_complete_partial,tcn,legacy,b8d9105c26f20bebdd2215bc1ad8c7d6691838a969aa6a49d4fa4570813f0a4d,b060fe06dcb4298c31bdf3dbccb281438e81f18e,1776934f9c734c06a9f275ecbd5dd046382dc45097ba027fd95ceb0add4eb100,test,casia_b_pose_no_complete_partial_seed11_20260918T153815883657Z,11,global,occluded_gallery,random_joint,0.35757574439048767,0.3382164491074426,0.3270303025841713,0.2332121193408966,0.12436362504959106,0.6522034086468103
casia_b_pose,no_complete_partial,tcn,legacy,b8d9105c26f20bebdd2215bc1ad8c7d6691838a969aa6a49d4fa4570813f0a4d,b060fe06dcb4298c31bdf3dbccb281438e81f18e,1776934f9c734c06a9f275ecbd5dd046382dc45097ba027fd95ceb0add4eb100,test,casia_b_pose_no_complete_partial_seed11_20260918T153815883657Z,11,global,occluded_gallery,temporal,0.35757574439048767,0.30076623048101153,0.28762121051549916,0.18478788137435914,0.17278786301612853,0.5167796873060916
casia_b_pose,no_complete_partial,tcn,legacy,b8d9105c26f20bebdd2215bc1ad8c7d6691838a969aa6a49d4fa4570813f0a4d,b060fe06dcb4298c31bdf3dbccb281438e81f18e,1776934f9c734c06a9f275ecbd5dd046382dc45097ba027fd95ceb0add4eb100,test,casia_b_pose_no_complete_partial_seed11_20260918T153815883657Z,11,global_parts,clean_gallery,body_part,0.4121212065219879,0.163125539837139,0.13546969583258034,0.02090909145772457,0.39121211506426334,0.05073529613819814
casia_b_pose,no_complete_partial,tcn,legacy,b8d9105c26f20bebdd2215bc1ad8c7d6691838a969aa6a49d4fa4570813f0a4d,b060fe06dcb4298c31bdf3dbccb281438e81f18e,1776934f9c734c06a9f275ecbd5dd046382dc45097ba027fd95ceb0add4eb100,test,casia_b_pose_no_complete_partial_seed11_20260918T153815883657Z,11,global_parts,clean_gallery,dynamic_joint,0.4121212065219879,0.32081818069730483,0.3026969686150551,0.20769696831703185,0.20442423820495606,0.5039705917340378
casia_b_pose,no_complete_partial,tcn,legacy,b8d9105c26f20bebdd2215bc1ad8c7d6691838a969aa6a49d4fa4570813f0a4d,b060fe06dcb4298c31bdf3dbccb281438e81f18e,1776934f9c734c06a9f275ecbd5dd046382dc45097ba027fd95ceb0add4eb100,test,casia_b_pose_no_complete_partial_seed11_20260918T153815883657Z,11,global_parts,clean_gallery,random_joint,0.4121212065219879,0.3309480454240526,0.31548484265804294,0.23666666746139525,0.17545453906059266,0.5742647156129015
casia_b_pose,no_complete_partial,tcn,legacy,b8d9105c26f20bebdd2215bc1ad8c7d6691838a969aa6a49d4fa4570813f0a4d,b060fe06dcb4298c31bdf3dbccb281438e81f18e,1776934f9c734c06a9f275ecbd5dd046382dc45097ba027fd95ceb0add4eb100,test,casia_b_pose_no_complete_partial_seed11_20260918T153815883657Z,11,global_parts,clean_gallery,temporal,0.4121212065219879,0.3249004329953875,0.31054545491933827,0.24406060576438904,0.16806060075759888,0.5922058896800975
casia_b_pose,no_complete_partial,tcn,legacy,b8d9105c26f20bebdd2215bc1ad8c7d6691838a969aa6a49d4fa4570813f0a4d,b060fe06dcb4298c31bdf3dbccb281438e81f18e,1776934f9c734c06a9f275ecbd5dd046382dc45097ba027fd95ceb0add4eb100,test,casia_b_pose_no_complete_partial_seed11_20260918T153815883657Z,11,global_parts,occluded_gallery,body_part,0.4121212065219879,0.21634199001959395,0.19327272661030293,0.08393939584493637,0.32818181067705154,0.20367647797919847
casia_b_pose,no_complete_partial,tcn,legacy,b8d9105c26f20bebdd2215bc1ad8c7d6691838a969aa6a49d4fa4570813f0a4d,b060fe06dcb4298c31bdf3dbccb281438e81f18e,1776934f9c734c06a9f275ecbd5dd046382dc45097ba027fd95ceb0add4eb100,test,casia_b_pose_no_complete_partial_seed11_20260918T153815883657Z,11,global_parts,occluded_gallery,dynamic_joint,0.4121212065219879,0.36073159830910817,0.33848484531044964,0.16248484551906586,0.24963636100292205,0.394264704042588
casia_b_pose,no_complete_partial,tcn,legacy,b8d9105c26f20bebdd2215bc1ad8c7d6691838a969aa6a49d4fa4570813f0a4d,b060fe06dcb4298c31bdf3dbccb281438e81f18e,1776934f9c734c06a9f275ecbd5dd046382dc45097ba027fd95ceb0add4eb100,test,casia_b_pose_no_complete_partial_seed11_20260918T153815883657Z,11,global_parts,occluded_gallery,random_joint,0.4121212065219879,0.3898614713123867,0.37815151512622835,0.27624242901802065,0.13587877750396726,0.6702941383417558
casia_b_pose,no_complete_partial,tcn,legacy,b8d9105c26f20bebdd2215bc1ad8c7d6691838a969aa6a49d4fa4570813f0a4d,b060fe06dcb4298c31bdf3dbccb281438e81f18e,1776934f9c734c06a9f275ecbd5dd046382dc45097ba027fd95ceb0add4eb100,test,casia_b_pose_no_complete_partial_seed11_20260918T153815883657Z,11,global_parts,occluded_gallery,temporal,0.4121212065219879,0.35423376815659663,0.3377121232450009,0.20848484933376313,0.2036363571882248,0.5058823618741392
casia_b_pose,no_complete_partial,tcn,legacy,b8d9105c26f20bebdd2215bc1ad8c7d6691838a969aa6a49d4fa4570813f0a4d,b060fe06dcb4298c31bdf3dbccb281438e81f18e,1776934f9c734c06a9f275ecbd5dd046382dc45097ba027fd95ceb0add4eb100,test,casia_b_pose_no_complete_partial_seed22_20260918T153847302112Z,22,global,clean_gallery,body_part,0.3209090828895569,0.10872294237571103,0.08787878705188631,0.02909090928733349,0.2918181736022234,0.09065156095112874
casia_b_pose,no_complete_partial,tcn,legacy,b8d9105c26f20bebdd2215bc1ad8c7d6691838a969aa6a49d4fa4570813f0a4d,b060fe06dcb4298c31bdf3dbccb281438e81f18e,1776934f9c734c06a9f275ecbd5dd046382dc45097ba027fd95ceb0add4eb100,test,casia_b_pose_no_complete_partial_seed22_20260918T153847302112Z,22,global,clean_gallery,dynamic_joint,0.3209090828895569,0.21293939309460774,0.19763636365532875,0.13800000250339509,0.1829090803861618,0.4300283471592755
casia_b_pose,no_complete_partial,tcn,legacy,b8d9105c26f20bebdd2215bc1ad8c7d6691838a969aa6a49d4fa4570813f0a4d,b060fe06dcb4298c31bdf3dbccb281438e81f18e,1776934f9c734c06a9f275ecbd5dd046382dc45097ba027fd95ceb0add4eb100,test,casia_b_pose_no_complete_partial_seed22_20260918T153847302112Z,22,global,clean_gallery,random_joint,0.3209090828895569,0.2168614719595228,0.2028030313551426,0.14969697296619416,0.17121210992336272,0.4664778310987023
casia_b_pose,no_complete_partial,tcn,legacy,b8d9105c26f20bebdd2215bc1ad8c7d6691838a969aa6a49d4fa4570813f0a4d,b060fe06dcb4298c31bdf3dbccb281438e81f18e,1776934f9c734c06a9f275ecbd5dd046382dc45097ba027fd95ceb0add4eb100,test,casia_b_pose_no_complete_partial_seed22_20260918T153847302112Z,22,global,clean_gallery,temporal,0.3209090828895569,0.20788744517735072,0.1939545452594757,0.14442424178123475,0.17648484110832213,0.45004722359615906
casia_b_pose,no_complete_partial,tcn,legacy,b8d9105c26f20bebdd2215bc1ad8c7d6691838a969aa6a49d4fa4570813f0a4d,b060fe06dcb4298c31bdf3dbccb281438e81f18e,1776934f9c734c06a9f275ecbd5dd046382dc45097ba027fd95ceb0add4eb100,test,casia_b_pose_no_complete_partial_seed22_20260918T153847302112Z,22,global,occluded_gallery,body_part,0.3209090828895569,0.19097835442849567,0.1739393938332796,0.08636363595724106,0.23454544693231583,0.2691218184901414
casia_b_pose,no_complete_partial,tcn,legacy,b8d9105c26f20bebdd2215bc1ad8c7d6691838a969aa6a49d4fa4570813f0a4d,b060fe06dcb4298c31bdf3dbccb281438e81f18e,1776934f9c734c06a9f275ecbd5dd046382dc45097ba027fd95ceb0add4eb100,test,casia_b_pose_no_complete_partial_seed22_20260918T153847302112Z,22,global,occluded_gallery,dynamic_joint,0.3209090828895569,0.2858961028712137,0.2691212110221386,0.1347878783941269,0.18612120449543,0.4200188950105694
casia_b_pose,no_complete_partial,tcn,legacy,b8d9105c26f20bebdd2215bc1ad8c7d6691838a969aa6a49d4fa4570813f0a4d,b060fe06dcb4298c31bdf3dbccb281438e81f18e,1776934f9c734c06a9f275ecbd5dd046382dc45097ba027fd95ceb0add4eb100,test,casia_b_pose_no_complete_partial_seed22_20260918T153847302112Z,22,global,occluded_gallery,random_joint,0.3209090828895569,0.3199696928262711,0.3095909051597118,0.21890908777713775,0.10199999511241914,0.6821529817916585
casia_b_pose,no_complete_partial,tcn,legacy,b8d9105c26f20bebdd2215bc1ad8c7d6691838a969aa6a49d4fa4570813f0a4d,b060fe06dcb4298c31bdf3dbccb281438e81f18e,1776934f9c734c06a9f275ecbd5dd046382dc45097ba027fd95ceb0add4eb100,test,casia_b_pose_no_complete_partial_seed22_20260918T153847302112Z,22,global,occluded_gallery,temporal,0.3209090828895569,0.28211688356740133,0.27066666781902315,0.17812121510505677,0.14278786778450012,0.555051958957355
casia_b_pose,no_complete_partial,tcn,legacy,b8d9105c26f20bebdd2215bc1ad8c7d6691838a969aa6a49d4fa4570813f0a4d,b060fe06dcb4298c31bdf3dbccb281438e81f18e,1776934f9c734c06a9f275ecbd5dd046382dc45097ba027fd95ceb0add4eb100,test,casia_b_pose_no_complete_partial_seed22_20260918T153847302112Z,22,global_parts,clean_gallery,body_part,0.3884848356246948,0.1632077896169254,0.1377121191471815,0.02393939346075058,0.36454544216394424,0.0616224657064293
casia_b_pose,no_complete_partial,tcn,legacy,b8d9105c26f20bebdd2215bc1ad8c7d6691838a969aa6a49d4fa4570813f0a4d,b060fe06dcb4298c31bdf3dbccb281438e81f18e,1776934f9c734c06a9f275ecbd5dd046382dc45097ba027fd95ceb0add4eb100,test,casia_b_pose_no_complete_partial_seed22_20260918T153847302112Z,22,global_parts,clean_gallery,dynamic_joint,0.3884848356246948,0.32607791721820834,0.3104696929454803,0.21933333277702333,0.1691515028476715,0.5645866007210526
casia_b_pose,no_complete_partial,tcn,legacy,b8d9105c26f20bebdd2215bc1ad8c7d6691838a969aa6a49d4fa4570813f0a4d,b060fe06dcb4298c31bdf3dbccb281438e81f18e,1776934f9c734c06a9f275ecbd5dd046382dc45097ba027fd95ceb0add4eb100,test,casia_b_pose_no_complete_partial_seed22_20260918T153847302112Z,22,global_parts,clean_gallery,random_joint,0.3884848356246948,0.3378917749438967,0.32586363703012466,0.25509090423583985,0.13339393138885497,0.6566302744498285
casia_b_pose,no_complete_partial,tcn,legacy,b8d9105c26f20bebdd2215bc1ad8c7d6691838a969aa6a49d4fa4570813f0a4d,b060fe06dcb4298c31bdf3dbccb281438e81f18e,1776934f9c734c06a9f275ecbd5dd046382dc45097ba027fd95ceb0add4eb100,test,casia_b_pose_no_complete_partial_seed22_20260918T153847302112Z,22,global_parts,clean_gallery,temporal,0.3884848356246948,0.3238138513905661,0.3107121206820011,0.23872727453708648,0.14975756108760835,0.6145086053441601
casia_b_pose,no_complete_partial,tcn,legacy,b8d9105c26f20bebdd2215bc1ad8c7d6691838a969aa6a49d4fa4570813f0a4d,b060fe06dcb4298c31bdf3dbccb281438e81f18e,1776934f9c734c06a9f275ecbd5dd046382dc45097ba027fd95ceb0add4eb100,test,casia_b_pose_no_complete_partial_seed22_20260918T153847302112Z,22,global_parts,occluded_gallery,body_part,0.3884848356246948,0.20078787824937272,0.17972727306187153,0.08636363595724106,0.30212119966745377,0.2223088986687623
casia_b_pose,no_complete_partial,tcn,legacy,b8d9105c26f20bebdd2215bc1ad8c7d6691838a969aa6a49d4fa4570813f0a4d,b060fe06dcb4298c31bdf3dbccb281438e81f18e,1776934f9c734c06a9f275ecbd5dd046382dc45097ba027fd95ceb0add4eb100,test,casia_b_pose_no_complete_partial_seed22_20260918T153847302112Z,22,global_parts,occluded_gallery,dynamic_joint,0.3884848356246948,0.34129437037876675,0.3209999985992908,0.1655151516199112,0.22296968400478362,0.42605305649513464
casia_b_pose,no_complete_partial,tcn,legacy,b8d9105c26f20bebdd2215bc1ad8c7d6691838a969aa6a49d4fa4570813f0a4d,b060fe06dcb4298c31bdf3dbccb281438e81f18e,1776934f9c734c06a9f275ecbd5dd046382dc45097ba027fd95ceb0add4eb100,test,casia_b_pose_no_complete_partial_seed22_20260918T153847302112Z,22,global_parts,occluded_gallery,random_joint,0.3884848356246948,0.3736666683639799,0.3623636394739151,0.269696980714798,0.11878785490989685,0.6942278204530621
casia_b_pose,no_complete_partial,tcn,legacy,b8d9105c26f20bebdd2215bc1ad8c7d6691838a969aa6a49d4fa4570813f0a4d,b060fe06dcb4298c31bdf3dbccb281438e81f18e,1776934f9c734c06a9f275ecbd5dd046382dc45097ba027fd95ceb0add4eb100,test,casia_b_pose_no_complete_partial_seed22_20260918T153847302112Z,22,global_parts,occluded_gallery,temporal,0.3884848356246948,0.336506496156965,0.3219242461025715,0.21012121737003325,0.17836361825466157,0.5408736663611393
casia_b_pose,no_complete_partial,tcn,legacy,b8d9105c26f20bebdd2215bc1ad8c7d6691838a969aa6a49d4fa4570813f0a4d,b060fe06dcb4298c31bdf3dbccb281438e81f18e,1776934f9c734c06a9f275ecbd5dd046382dc45097ba027fd95ceb0add4eb100,test,casia_b_pose_no_complete_partial_seed33_20260918T154813817538Z,33,global,clean_gallery,body_part,0.3421212136745453,0.1064285726419517,0.08368181940168143,0.02666666731238365,0.31545454636216164,0.0779450856787596
casia_b_pose,no_complete_partial,tcn,legacy,b8d9105c26f20bebdd2215bc1ad8c7d6691838a969aa6a49d4fa4570813f0a4d,b060fe06dcb4298c31bdf3dbccb281438e81f18e,1776934f9c734c06a9f275ecbd5dd046382dc45097ba027fd95ceb0add4eb100,test,casia_b_pose_no_complete_partial_seed33_20260918T154813817538Z,33,global,clean_gallery,dynamic_joint,0.3421212136745453,0.19645887506859644,0.1795303039252758,0.11654545664787293,0.22557575702667237,0.34065545189706026
casia_b_pose,no_complete_partial,tcn,legacy,b8d9105c26f20bebdd2215bc1ad8c7d6691838a969aa6a49d4fa4570813f0a4d,b060fe06dcb4298c31bdf3dbccb281438e81f18e,1776934f9c734c06a9f275ecbd5dd046382dc45097ba027fd95ceb0add4eb100,test,casia_b_pose_no_complete_partial_seed33_20260918T154813817538Z,33,global,clean_gallery,random_joint,0.3421212136745453,0.20762770665543417,0.19045454636216164,0.12793939411640168,0.2141818195581436,0.37395925479823794
casia_b_pose,no_complete_partial,tcn,legacy,b8d9105c26f20bebdd2215bc1ad8c7d6691838a969aa6a49d4fa4570813f0a4d,b060fe06dcb4298c31bdf3dbccb281438e81f18e,1776934f9c734c06a9f275ecbd5dd046382dc45097ba027fd95ceb0add4eb100,test,casia_b_pose_no_complete_partial_seed33_20260918T154813817538Z,33,global,clean_gallery,temporal,0.3421212136745453,0.20416882996048247,0.18833333179354667,0.13672727048397065,0.20539394319057463,0.3996456957914256
casia_b_pose,no_complete_partial,tcn,legacy,b8d9105c26f20bebdd2215bc1ad8c7d6691838a969aa6a49d4fa4570813f0a4d,b060fe06dcb4298c31bdf3dbccb281438e81f18e,1776934f9c734c06a9f275ecbd5dd046382dc45097ba027fd95ceb0add4eb100,test,casia_b_pose_no_complete_partial_seed33_20260918T154813817538Z,33,global,occluded_gallery,body_part,0.3421212136745453,0.19696103994335448,0.1779545467346907,0.08212121576070786,0.25999999791383743,0.24003543913189937
casia_b_pose,no_complete_partial,tcn,legacy,b8d9105c26f20bebdd2215bc1ad8c7d6691838a969aa6a49d4fa4570813f0a4d,b060fe06dcb4298c31bdf3dbccb281438e81f18e,1776934f9c734c06a9f275ecbd5dd046382dc45097ba027fd95ceb0add4eb100,test,casia_b_pose_no_complete_partial_seed33_20260918T154813817538Z,33,global,occluded_gallery,dynamic_joint,0.3421212136745453,0.2937359350068229,0.2755151554942131,0.13763636350631714,0.20448485016822815,0.402302920733961
casia_b_pose,no_complete_partial,tcn,legacy,b8d9105c26f20bebdd2215bc1ad8c7d6691838a969aa6a49d4fa4570813f0a4d,b060fe06dcb4298c31bdf3dbccb281438e81f18e,1776934f9c734c06a9f275ecbd5dd046382dc45097ba027fd95ceb0add4eb100,test,casia_b_pose_no_complete_partial_seed33_20260918T154813817538Z,33,global,occluded_gallery,random_joint,0.3421212136745453,0.3237316025154931,0.31240909174084663,0.2233939379453659,0.11872727572917938,0.6529672204363135
casia_b_pose,no_complete_partial,tcn,legacy,b8d9105c26f20bebdd2215bc1ad8c7d6691838a969aa6a49d4fa4570813f0a4d,b060fe06dcb4298c31bdf3dbccb281438e81f18e,1776934f9c734c06a9f275ecbd5dd046382dc45097ba027fd95ceb0add4eb100,test,casia_b_pose_no_complete_partial_seed33_20260918T154813817538Z,33,global,occluded_gallery,temporal,0.3421212136745453,0.2906450194971902,0.2785454526543617,0.1867878794670105,0.15533333420753478,0.5459698843600472
casia_b_pose,no_complete_partial,tcn,legacy,b8d9105c26f20bebdd2215bc1ad8c7d6691838a969aa6a49d4fa4570813f0a4d,b060fe06dcb4298c31bdf3dbccb281438e81f18e,1776934f9c734c06a9f275ecbd5dd046382dc45097ba027fd95ceb0add4eb100,test,casia_b_pose_no_complete_partial_seed33_20260918T154813817538Z,33,global_parts,clean_gallery,body_part,0.38575756549835205,0.16326406560838225,0.13821211801841857,0.025757575407624245,0.3599999900907278,0.0667714069958643
casia_b_pose,no_complete_partial,tcn,legacy,b8d9105c26f20bebdd2215bc1ad8c7d6691838a969aa6a49d4fa4570813f0a4d,b060fe06dcb4298c31bdf3dbccb281438e81f18e,1776934f9c734c06a9f275ecbd5dd046382dc45097ba027fd95ceb0add4eb100,test,casia_b_pose_no_complete_partial_seed33_20260918T154813817538Z,33,global_parts,clean_gallery,dynamic_joint,0.38575756549835205,0.30884848407336646,0.29196969643235204,0.19496969282627105,0.190787872672081,0.505420269786268
casia_b_pose,no_complete_partial,tcn,legacy,b8d9105c26f20bebdd2215bc1ad8c7d6691838a969aa6a49d4fa4570813f0a4d,b060fe06dcb4298c31bdf3dbccb281438e81f18e,1776934f9c734c06a9f275ecbd5dd046382dc45097ba027fd95ceb0add4eb100,test,casia_b_pose_no_complete_partial_seed33_20260918T154813817538Z,33,global_parts,clean_gallery,random_joint,0.38575756549835205,0.3182034628731864,0.3026212118566036,0.21060605943202973,0.17515150606632232,0.5459544498108604
casia_b_pose,no_complete_partial,tcn,legacy,b8d9105c26f20bebdd2215bc1ad8c7d6691838a969aa6a49d4fa4570813f0a4d,b060fe06dcb4298c31bdf3dbccb281438e81f18e,1776934f9c734c06a9f275ecbd5dd046382dc45097ba027fd95ceb0add4eb100,test,casia_b_pose_no_complete_partial_seed33_20260918T154813817538Z,33,global_parts,clean_gallery,temporal,0.38575756549835205,0.3186623403004238,0.30542424544692043,0.2352121204137802,0.15054544508457185,0.6097407839815523
casia_b_pose,no_complete_partial,tcn,legacy,b8d9105c26f20bebdd2215bc1ad8c7d6691838a969aa6a49d4fa4570813f0a4d,b060fe06dcb4298c31bdf3dbccb281438e81f18e,1776934f9c734c06a9f275ecbd5dd046382dc45097ba027fd95ceb0add4eb100,test,casia_b_pose_no_complete_partial_seed33_20260918T154813817538Z,33,global_parts,occluded_gallery,body_part,0.38575756549835205,0.20312986991235188,0.1818030308932066,0.08212121576070786,0.3036363497376442,0.21288296874908258
casia_b_pose,no_complete_partial,tcn,legacy,b8d9105c26f20bebdd2215bc1ad8c7d6691838a969aa6a49d4fa4570813f0a4d,b060fe06dcb4298c31bdf3dbccb281438e81f18e,1776934f9c734c06a9f275ecbd5dd046382dc45097ba027fd95ceb0add4eb100,test,casia_b_pose_no_complete_partial_seed33_20260918T154813817538Z,33,global_parts,occluded_gallery,dynamic_joint,0.38575756549835205,0.34709956518241336,0.3267272710800171,0.16793939471244812,0.21781817078590393,0.4353495815318379
casia_b_pose,no_complete_partial,tcn,legacy,b8d9105c26f20bebdd2215bc1ad8c7d6691838a969aa6a49d4fa4570813f0a4d,b060fe06dcb4298c31bdf3dbccb281438e81f18e,1776934f9c734c06a9f275ecbd5dd046382dc45097ba027fd95ceb0add4eb100,test,casia_b_pose_no_complete_partial_seed33_20260918T154813817538Z,33,global_parts,occluded_gallery,random_joint,0.38575756549835205,0.37748485079833444,0.3665000036358833,0.2726060688495636,0.11315149664878843,0.7066771807764537
casia_b_pose,no_complete_partial,tcn,legacy,b8d9105c26f20bebdd2215bc1ad8c7d6691838a969aa6a49d4fa4570813f0a4d,b060fe06dcb4298c31bdf3dbccb281438e81f18e,1776934f9c734c06a9f275ecbd5dd046382dc45097ba027fd95ceb0add4eb100,test,casia_b_pose_no_complete_partial_seed33_20260918T154813817538Z,33,global_parts,occluded_gallery,temporal,0.38575756549835205,0.33539827040263587,0.32146969959139826,0.212060609459877,0.17369695603847504,0.5497250823478222
casia_b_pose,no_complete_partial,tcn,legacy,b8d9105c26f20bebdd2215bc1ad8c7d6691838a969aa6a49d4fa4570813f0a4d,b060fe06dcb4298c31bdf3dbccb281438e81f18e,1776934f9c734c06a9f275ecbd5dd046382dc45097ba027fd95ceb0add4eb100,test,casia_b_pose_no_complete_partial_seed44_20260918T161842771222Z,44,global,clean_gallery,body_part,0.324848473072052,0.10383116751909258,0.0826212115585804,0.030606061220169067,0.29424241185188293,0.09421642321643478
casia_b_pose,no_complete_partial,tcn,legacy,b8d9105c26f20bebdd2215bc1ad8c7d6691838a969aa6a49d4fa4570813f0a4d,b060fe06dcb4298c31bdf3dbccb281438e81f18e,1776934f9c734c06a9f275ecbd5dd046382dc45097ba027fd95ceb0add4eb100,test,casia_b_pose_no_complete_partial_seed44_20260918T161842771222Z,44,global,clean_gallery,dynamic_joint,0.324848473072052,0.16383982705218453,0.14819697067141532,0.10054545402526856,0.22430301904678346,0.3095149349923753
casia_b_pose,no_complete_partial,tcn,legacy,b8d9105c26f20bebdd2215bc1ad8c7d6691838a969aa6a49d4fa4570813f0a4d,b060fe06dcb4298c31bdf3dbccb281438e81f18e,1776934f9c734c06a9f275ecbd5dd046382dc45097ba027fd95ceb0add4eb100,test,casia_b_pose_no_complete_partial_seed44_20260918T161842771222Z,44,global,clean_gallery,random_joint,0.324848473072052,0.16055844341005598,0.1463181845843792,0.11703030467033386,0.20781816840171813,0.36026121213867096
casia_b_pose,no_complete_partial,tcn,legacy,b8d9105c26f20bebdd2215bc1ad8c7d6691838a969aa6a49d4fa4570813f0a4d,b060fe06dcb4298c31bdf3dbccb281438e81f18e,1776934f9c734c06a9f275ecbd5dd046382dc45097ba027fd95ceb0add4eb100,test,casia_b_pose_no_complete_partial_seed44_20260918T161842771222Z,44,global,clean_gallery,temporal,0.324848473072052,0.1857662326523236,0.17074242383241656,0.12842423915863038,0.19642423391342162,0.3953358251745442
casia_b_pose,no_complete_partial,tcn,legacy,b8d9105c26f20bebdd2215bc1ad8c7d6691838a969aa6a49d4fa4570813f0a4d,b060fe06dcb4298c31bdf3dbccb281438e81f18e,1776934f9c734c06a9f275ecbd5dd046382dc45097ba027fd95ceb0add4eb100,test,casia_b_pose_no_complete_partial_seed44_20260918T161842771222Z,44,global,occluded_gallery,body_part,0.324848473072052,0.19596969549145016,0.17969696931540968,0.09787879139184952,0.22696968168020248,0.3013059918866844
casia_b_pose,no_complete_partial,tcn,legacy,b8d9105c26f20bebdd2215bc1ad8c7d6691838a969aa6a49d4fa4570813f0a4d,b060fe06dcb4298c31bdf3dbccb281438e81f18e,1776934f9c734c06a9f275ecbd5dd046382dc45097ba027fd95ceb0add4eb100,test,casia_b_pose_no_complete_partial_seed44_20260918T161842771222Z,44,global,occluded_gallery,dynamic_joint,0.324848473072052,0.28351948027099877,0.2665454547852278,0.1307878777384758,0.1940605953335762,0.4026119516635893
casia_b_pose,no_complete_partial,tcn,legacy,b8d9105c26f20bebdd2215bc1ad8c7d6691838a969aa6a49d4fa4570813f0a4d,b060fe06dcb4298c31bdf3dbccb281438e81f18e,1776934f9c734c06a9f275ecbd5dd046382dc45097ba027fd95ceb0add4eb100,test,casia_b_pose_no_complete_partial_seed44_20260918T161842771222Z,44,global,occluded_gallery,random_joint,0.324848473072052,0.3185108235904148,0.30887878984212874,0.22375757694244386,0.10109089612960814,0.6888059987673515
casia_b_pose,no_complete_partial,tcn,legacy,b8d9105c26f20bebdd2215bc1ad8c7d6691838a969aa6a49d4fa4570813f0a4d,b060fe06dcb4298c31bdf3dbccb281438e81f18e,1776934f9c734c06a9f275ecbd5dd046382dc45097ba027fd95ceb0add4eb100,test,casia_b_pose_no_complete_partial_seed44_20260918T161842771222Z,44,global,occluded_gallery,temporal,0.324848473072052,0.2819870131356375,0.2703484855592251,0.17993939220905303,0.14490908086299897,0.5539179252018283
casia_b_pose,no_complete_partial,tcn,legacy,b8d9105c26f20bebdd2215bc1ad8c7d6691838a969aa6a49d4fa4570813f0a4d,b060fe06dcb4298c31bdf3dbccb281438e81f18e,1776934f9c734c06a9f275ecbd5dd046382dc45097ba027fd95ceb0add4eb100,test,casia_b_pose_no_complete_partial_seed44_20260918T161842771222Z,44,global_parts,clean_gallery,body_part,0.3615151643753052,0.16098268447177752,0.13739393893629312,0.027878787368535995,0.3336363770067692,0.07711650883776973
casia_b_pose,no_complete_partial,tcn,legacy,b8d9105c26f20bebdd2215bc1ad8c7d6691838a969aa6a49d4fa4570813f0a4d,b060fe06dcb4298c31bdf3dbccb281438e81f18e,1776934f9c734c06a9f275ecbd5dd046382dc45097ba027fd95ceb0add4eb100,test,casia_b_pose_no_complete_partial_seed44_20260918T161842771222Z,44,global_parts,clean_gallery,dynamic_joint,0.3615151643753052,0.27863636953490123,0.2638030357658863,0.17296970188617705,0.18854546248912812,0.4784576663196607
casia_b_pose,no_complete_partial,tcn,legacy,b8d9105c26f20bebdd2215bc1ad8c7d6691838a969aa6a49d4fa4570813f0a4d,b060fe06dcb4298c31bdf3dbccb281438e81f18e,1776934f9c734c06a9f275ecbd5dd046382dc45097ba027fd95ceb0add4eb100,test,casia_b_pose_no_complete_partial_seed44_20260918T161842771222Z,44,global_parts,clean_gallery,random_joint,0.3615151643753052,0.2672034634011133,0.25433333218097687,0.18636363446712495,0.17515152990818023,0.5155071013111153
casia_b_pose,no_complete_partial,tcn,legacy,b8d9105c26f20bebdd2215bc1ad8c7d6691838a969aa6a49d4fa4570813f0a4d,b060fe06dcb4298c31bdf3dbccb281438e81f18e,1776934f9c734c06a9f275ecbd5dd046382dc45097ba027fd95ceb0add4eb100,test,casia_b_pose_no_complete_partial_seed44_20260918T161842771222Z,44,global_parts,clean_gallery,temporal,0.3615151643753052,0.3076190454619271,0.29696969464421274,0.23781818449497222,0.12369697988033296,0.6578373687475042
casia_b_pose,no_complete_partial,tcn,legacy,b8d9105c26f20bebdd2215bc1ad8c7d6691838a969aa6a49d4fa4570813f0a4d,b060fe06dcb4298c31bdf3dbccb281438e81f18e,1776934f9c734c06a9f275ecbd5dd046382dc45097ba027fd95ceb0add4eb100,test,casia_b_pose_no_complete_partial_seed44_20260918T161842771222Z,44,global_parts,occluded_gallery,body_part,0.3615151643753052,0.19883549958467486,0.18104545585811138,0.09787879139184952,0.26363637298345566,0.2707460185272813
casia_b_pose,no_complete_partial,tcn,legacy,b8d9105c26f20bebdd2215bc1ad8c7d6691838a969aa6a49d4fa4570813f0a4d,b060fe06dcb4298c31bdf3dbccb281438e81f18e,1776934f9c734c06a9f275ecbd5dd046382dc45097ba027fd95ceb0add4eb100,test,casia_b_pose_no_complete_partial_seed44_20260918T161842771222Z,44,global_parts,occluded_gallery,dynamic_joint,0.3615151643753052,0.3249307385512761,0.30616666823625566,0.1585454523563385,0.20296971201896669,0.43855823484003376
casia_b_pose,no_complete_partial,tcn,legacy,b8d9105c26f20bebdd2215bc1ad8c7d6691838a969aa6a49d4fa4570813f0a4d,b060fe06dcb4298c31bdf3dbccb281438e81f18e,1776934f9c734c06a9f275ecbd5dd046382dc45097ba027fd95ceb0add4eb100,test,casia_b_pose_no_complete_partial_seed44_20260918T161842771222Z,44,global_parts,occluded_gallery,random_joint,0.3615151643753052,0.3591645032167434,0.3494545459747314,0.26309090852737427,0.09842425584793091,0.7277451527710957
casia_b_pose,no_complete_partial,tcn,legacy,b8d9105c26f20bebdd2215bc1ad8c7d6691838a969aa6a49d4fa4570813f0a4d,b060fe06dcb4298c31bdf3dbccb281438e81f18e,1776934f9c734c06a9f275ecbd5dd046382dc45097ba027fd95ceb0add4eb100,test,casia_b_pose_no_complete_partial_seed44_20260918T161842771222Z,44,global_parts,occluded_gallery,temporal,0.3615151643753052,0.3187272697687149,0.30645454153418544,0.20878787934780121,0.15272728502750396,0.5775356054802977
casia_b_pose,no_complete_partial,tcn,legacy,b8d9105c26f20bebdd2215bc1ad8c7d6691838a969aa6a49d4fa4570813f0a4d,b060fe06dcb4298c31bdf3dbccb281438e81f18e,1776934f9c734c06a9f275ecbd5dd046382dc45097ba027fd95ceb0add4eb100,test,casia_b_pose_no_complete_partial_seed55_20260918T161916249858Z,55,global,clean_gallery,body_part,0.3139393925666809,0.11351947986653872,0.09221212062984704,0.02818181738257408,0.2857575751841068,0.08976833761500079
casia_b_pose,no_complete_partial,tcn,legacy,b8d9105c26f20bebdd2215bc1ad8c7d6691838a969aa6a49d4fa4570813f0a4d,b060fe06dcb4298c31bdf3dbccb281438e81f18e,1776934f9c734c06a9f275ecbd5dd046382dc45097ba027fd95ceb0add4eb100,test,casia_b_pose_no_complete_partial_seed55_20260918T161916249858Z,55,global,clean_gallery,dynamic_joint,0.3139393925666809,0.20396536844117297,0.18806060664355756,0.11696969717741013,0.19696969538927078,0.37258687487765874
casia_b_pose,no_complete_partial,tcn,legacy,b8d9105c26f20bebdd2215bc1ad8c7d6691838a969aa6a49d4fa4570813f0a4d,b060fe06dcb4298c31bdf3dbccb281438e81f18e,1776934f9c734c06a9f275ecbd5dd046382dc45097ba027fd95ceb0add4eb100,test,casia_b_pose_no_complete_partial_seed55_20260918T161916249858Z,55,global,clean_gallery,random_joint,0.3139393925666809,0.2013722932764462,0.18524242341518402,0.11230303049087524,0.20163636207580565,0.35772200988450986
casia_b_pose,no_complete_partial,tcn,legacy,b8d9105c26f20bebdd2215bc1ad8c7d6691838a969aa6a49d4fa4570813f0a4d,b060fe06dcb4298c31bdf3dbccb281438e81f18e,1776934f9c734c06a9f275ecbd5dd046382dc45097ba027fd95ceb0add4eb100,test,casia_b_pose_no_complete_partial_seed55_20260918T161916249858Z,55,global,clean_gallery,temporal,0.3139393925666809,0.19854112714529035,0.18389394097030162,0.12412121146917343,0.18981818109750748,0.3953667950185959
casia_b_pose,no_complete_partial,tcn,legacy,b8d9105c26f20bebdd2215bc1ad8c7d6691838a969aa6a49d4fa4570813f0a4d,b060fe06dcb4298c31bdf3dbccb281438e81f18e,1776934f9c734c06a9f275ecbd5dd046382dc45097ba027fd95ceb0add4eb100,test,casia_b_pose_no_complete_partial_seed55_20260918T161916249858Z,55,global,occluded_gallery,body_part,0.3139393925666809,0.1976796544023922,0.18201515264809132,0.09848485141992569,0.21545454114675522,0.3137065744274429
casia_b_pose,no_complete_partial,tcn,legacy,b8d9105c26f20bebdd2215bc1ad8c7d6691838a969aa6a49d4fa4570813f0a4d,b060fe06dcb4298c31bdf3dbccb281438e81f18e,1776934f9c734c06a9f275ecbd5dd046382dc45097ba027fd95ceb0add4eb100,test,casia_b_pose_no_complete_partial_seed55_20260918T161916249858Z,55,global,occluded_gallery,dynamic_joint,0.3139393925666809,0.28547186127730784,0.2691969692707062,0.1332727253437042,0.1806666672229767,0.4245173702290228
casia_b_pose,no_complete_partial,tcn,legacy,b8d9105c26f20bebdd2215bc1ad8c7d6691838a969aa6a49d4fa4570813f0a4d,b060fe06dcb4298c31bdf3dbccb281438e81f18e,1776934f9c734c06a9f275ecbd5dd046382dc45097ba027fd95ceb0add4eb100,test,casia_b_pose_no_complete_partial_seed55_20260918T161916249858Z,55,global,occluded_gallery,random_joint,0.3139393925666809,0.31788311643259864,0.3074090912938118,0.20975757837295533,0.10418181419372557,0.6681467293990597
casia_b_pose,no_complete_partial,tcn,legacy,b8d9105c26f20bebdd2215bc1ad8c7d6691838a969aa6a49d4fa4570813f0a4d,b060fe06dcb4298c31bdf3dbccb281438e81f18e,1776934f9c734c06a9f275ecbd5dd046382dc45097ba027fd95ceb0add4eb100,test,casia_b_pose_no_complete_partial_seed55_20260918T161916249858Z,55,global,occluded_gallery,temporal,0.3139393925666809,0.27545887529850005,0.26465151607990267,0.17509090900421143,0.13884848356246948,0.5577220098845098
casia_b_pose,no_complete_partial,tcn,legacy,b8d9105c26f20bebdd2215bc1ad8c7d6691838a969aa6a49d4fa4570813f0a4d,b060fe06dcb4298c31bdf3dbccb281438e81f18e,1776934f9c734c06a9f275ecbd5dd046382dc45097ba027fd95ceb0add4eb100,test,casia_b_pose_no_complete_partial_seed55_20260918T161916249858Z,55,global_parts,clean_gallery,body_part,0.37090909481048584,0.1616709956101009,0.1372272726148367,0.030606061220169067,0.3403030335903168,0.08251634065702024
casia_b_pose,no_complete_partial,tcn,legacy,b8d9105c26f20bebdd2215bc1ad8c7d6691838a969aa6a49d4fa4570813f0a4d,b060fe06dcb4298c31bdf3dbccb281438e81f18e,1776934f9c734c06a9f275ecbd5dd046382dc45097ba027fd95ceb0add4eb100,test,casia_b_pose_no_complete_partial_seed55_20260918T161916249858Z,55,global_parts,clean_gallery,dynamic_joint,0.37090909481048584,0.2913030300821577,0.27486363574862477,0.18272727429866792,0.18818182051181792,0.4926470578782424
casia_b_pose,no_complete_partial,tcn,legacy,b8d9105c26f20bebdd2215bc1ad8c7d6691838a969aa6a49d4fa4570813f0a4d,b060fe06dcb4298c31bdf3dbccb281438e81f18e,1776934f9c734c06a9f275ecbd5dd046382dc45097ba027fd95ceb0add4eb100,test,casia_b_pose_no_complete_partial_seed55_20260918T161916249858Z,55,global_parts,clean_gallery,random_joint,0.37090909481048584,0.29154112551893513,0.274515151232481,0.1754545420408249,0.19545455276966095,0.47303920150696904
casia_b_pose,no_complete_partial,tcn,legacy,b8d9105c26f20bebdd2215bc1ad8c7d6691838a969aa6a49d4fa4570813f0a4d,b060fe06dcb4298c31bdf3dbccb281438e81f18e,1776934f9c734c06a9f275ecbd5dd046382dc45097ba027fd95ceb0add4eb100,test,casia_b_pose_no_complete_partial_seed55_20260918T161916249858Z,55,global_parts,clean_gallery,temporal,0.37090909481048584,0.3068917721509934,0.2948636330664158,0.23430303037166594,0.1366060644388199,0.6316993399457673
casia_b_pose,no_complete_partial,tcn,legacy,b8d9105c26f20bebdd2215bc1ad8c7d6691838a969aa6a49d4fa4570813f0a4d,b060fe06dcb4298c31bdf3dbccb281438e81f18e,1776934f9c734c06a9f275ecbd5dd046382dc45097ba027fd95ceb0add4eb100,test,casia_b_pose_no_complete_partial_seed55_20260918T161916249858Z,55,global_parts,occluded_gallery,body_part,0.37090909481048584,0.19945454618760516,0.18056060709059238,0.09848485141992569,0.27242424339056015,0.2655228809372982
casia_b_pose,no_complete_partial,tcn,legacy,b8d9105c26f20bebdd2215bc1ad8c7d6691838a969aa6a49d4fa4570813f0a4d,b060fe06dcb4298c31bdf3dbccb281438e81f18e,1776934f9c734c06a9f275ecbd5dd046382dc45097ba027fd95ceb0add4eb100,test,casia_b_pose_no_complete_partial_seed55_20260918T161916249858Z,55,global_parts,occluded_gallery,dynamic_joint,0.37090909481048584,0.3322900435754231,0.3123787879943848,0.15727272629737854,0.2136363685131073,0.4240196007534845
casia_b_pose,no_complete_partial,tcn,legacy,b8d9105c26f20bebdd2215bc1ad8c7d6691838a969aa6a49d4fa4570813f0a4d,b060fe06dcb4298c31bdf3dbccb281438e81f18e,1776934f9c734c06a9f275ecbd5dd046382dc45097ba027fd95ceb0add4eb100,test,casia_b_pose_no_complete_partial_seed55_20260918T161916249858Z,55,global_parts,occluded_gallery,random_joint,0.37090909481048584,0.36167099220412124,0.3497727237641811,0.24915151298046112,0.12175758183002472,0.6717320132248681
casia_b_pose,no_complete_partial,tcn,legacy,b8d9105c26f20bebdd2215bc1ad8c7d6691838a969aa6a49d4fa4570813f0a4d,b060fe06dcb4298c31bdf3dbccb281438e81f18e,1776934f9c734c06a9f275ecbd5dd046382dc45097ba027fd95ceb0add4eb100,test,casia_b_pose_no_complete_partial_seed55_20260918T161916249858Z,55,global_parts,occluded_gallery,temporal,0.37090909481048584,0.317411254133497,0.3037575744092465,0.20036363899707793,0.1705454558134079,0.5401960798493031
casia_b_pose,no_global,tcn,legacy,ea39b1705fd84cc1e68e9e4fd94e5a984e8cc2f63a8b6ea860b4280cd07679fb,b060fe06dcb4298c31bdf3dbccb281438e81f18e,1776934f9c734c06a9f275ecbd5dd046382dc45097ba027fd95ceb0add4eb100,test,casia_b_pose_no_global_seed11_20260918T173347624757Z,11,global,clean_gallery,body_part,0.36242425441741943,0.10298268481024675,0.07887878799811006,0.025151515379548073,0.33727273903787136,0.06939799164373807
casia_b_pose,no_global,tcn,legacy,ea39b1705fd84cc1e68e9e4fd94e5a984e8cc2f63a8b6ea860b4280cd07679fb,b060fe06dcb4298c31bdf3dbccb281438e81f18e,1776934f9c734c06a9f275ecbd5dd046382dc45097ba027fd95ceb0add4eb100,test,casia_b_pose_no_global_seed11_20260918T173347624757Z,11,global,clean_gallery,dynamic_joint,0.36242425441741943,0.15794805373464313,0.1362878795713186,0.07315151393413544,0.289272740483284,0.2018394548447735
casia_b_pose,no_global,tcn,legacy,ea39b1705fd84cc1e68e9e4fd94e5a984e8cc2f63a8b6ea860b4280cd07679fb,b060fe06dcb4298c31bdf3dbccb281438e81f18e,1776934f9c734c06a9f275ecbd5dd046382dc45097ba027fd95ceb0add4eb100,test,casia_b_pose_no_global_seed11_20260918T173347624757Z,11,global,clean_gallery,random_joint,0.36242425441741943,0.1525151525224958,0.13125757612288,0.07187878787517547,0.29054546654224395,0.19832775262438593
casia_b_pose,no_global,tcn,legacy,ea39b1705fd84cc1e68e9e4fd94e5a984e8cc2f63a8b6ea860b4280cd07679fb,b060fe06dcb4298c31bdf3dbccb281438e81f18e,1776934f9c734c06a9f275ecbd5dd046382dc45097ba027fd95ceb0add4eb100,test,casia_b_pose_no_global_seed11_20260918T173347624757Z,11,global,clean_gallery,temporal,0.36242425441741943,0.18521212211677004,0.16790909096598627,0.13436363637447357,0.22806061804294586,0.3707357737148609
casia_b_pose,no_global,tcn,legacy,ea39b1705fd84cc1e68e9e4fd94e5a984e8cc2f63a8b6ea860b4280cd07679fb,b060fe06dcb4298c31bdf3dbccb281438e81f18e,1776934f9c734c06a9f275ecbd5dd046382dc45097ba027fd95ceb0add4eb100,test,casia_b_pose_no_global_seed11_20260918T173347624757Z,11,global,occluded_gallery,body_part,0.36242425441741943,0.19204328996794565,0.17181818038225175,0.08151514828205109,0.28090910613536835,0.22491637159627462
casia_b_pose,no_global,tcn,legacy,ea39b1705fd84cc1e68e9e4fd94e5a984e8cc2f63a8b6ea860b4280cd07679fb,b060fe06dcb4298c31bdf3dbccb281438e81f18e,1776934f9c734c06a9f275ecbd5dd046382dc45097ba027fd95ceb0add4eb100,test,casia_b_pose_no_global_seed11_20260918T173347624757Z,11,global,occluded_gallery,dynamic_joint,0.36242425441741943,0.2860822515828269,0.26593939289450647,0.11454545259475708,0.24787880182266236,0.3160534958646289
casia_b_pose,no_global,tcn,legacy,ea39b1705fd84cc1e68e9e4fd94e5a984e8cc2f63a8b6ea860b4280cd07679fb,b060fe06dcb4298c31bdf3dbccb281438e81f18e,1776934f9c734c06a9f275ecbd5dd046382dc45097ba027fd95ceb0add4eb100,test,casia_b_pose_no_global_seed11_20260918T173347624757Z,11,global,occluded_gallery,random_joint,0.36242425441741943,0.3051255413464138,0.2883484840393067,0.16381818056106567,0.19860607385635376,0.4520066705369815
casia_b_pose,no_global,tcn,legacy,ea39b1705fd84cc1e68e9e4fd94e5a984e8cc2f63a8b6ea860b4280cd07679fb,b060fe06dcb4298c31bdf3dbccb281438e81f18e,1776934f9c734c06a9f275ecbd5dd046382dc45097ba027fd95ceb0add4eb100,test,casia_b_pose_no_global_seed11_20260918T173347624757Z,11,global,occluded_gallery,temporal,0.36242425441741943,0.2919480515377862,0.27777272611856463,0.1774545431137085,0.18496971130371093,0.4896320843618997
casia_b_pose,no_global,tcn,legacy,ea39b1705fd84cc1e68e9e4fd94e5a984e8cc2f63a8b6ea860b4280cd07679fb,b060fe06dcb4298c31bdf3dbccb281438e81f18e,1776934f9c734c06a9f275ecbd5dd046382dc45097ba027fd95ceb0add4eb100,test,casia_b_pose_no_global_seed11_20260918T173347624757Z,11,global_parts,clean_gallery,body_part,0.3845454454421997,0.12392207831144335,0.09875757694244386,0.023030303418636322,0.3615151420235634,0.059889679338558086
casia_b_pose,no_global,tcn,legacy,ea39b1705fd84cc1e68e9e4fd94e5a984e8cc2f63a8b6ea860b4280cd07679fb,b060fe06dcb4298c31bdf3dbccb281438e81f18e,1776934f9c734c06a9f275ecbd5dd046382dc45097ba027fd95ceb0add4eb100,test,casia_b_pose_no_global_seed11_20260918T173347624757Z,11,global_parts,clean_gallery,dynamic_joint,0.3845454454421997,0.25293506639344354,0.23025757819414136,0.11139394044876098,0.2731515049934387,0.28967692055399574
casia_b_pose,no_global,tcn,legacy,ea39b1705fd84cc1e68e9e4fd94e5a984e8cc2f63a8b6ea860b4280cd07679fb,b060fe06dcb4298c31bdf3dbccb281438e81f18e,1776934f9c734c06a9f275ecbd5dd046382dc45097ba027fd95ceb0add4eb100,test,casia_b_pose_no_global_seed11_20260918T173347624757Z,11,global_parts,clean_gallery,random_joint,0.3845454454421997,0.22803896303687776,0.20412121452391147,0.0747272714972496,0.3098181739449501,0.1943262425363499
casia_b_pose,no_global,tcn,legacy,ea39b1705fd84cc1e68e9e4fd94e5a984e8cc2f63a8b6ea860b4280cd07679fb,b060fe06dcb4298c31bdf3dbccb281438e81f18e,1776934f9c734c06a9f275ecbd5dd046382dc45097ba027fd95ceb0add4eb100,test,casia_b_pose_no_global_seed11_20260918T173347624757Z,11,global_parts,clean_gallery,temporal,0.3845454454421997,0.29315151827675956,0.2800000041723251,0.22993939518928527,0.15460605025291443,0.5979511600374604
casia_b_pose,no_global,tcn,legacy,ea39b1705fd84cc1e68e9e4fd94e5a984e8cc2f63a8b6ea860b4280cd07679fb,b060fe06dcb4298c31bdf3dbccb281438e81f18e,1776934f9c734c06a9f275ecbd5dd046382dc45097ba027fd95ceb0add4eb100,test,casia_b_pose_no_global_seed11_20260918T173347624757Z,11,global_parts,occluded_gallery,body_part,0.3845454454421997,0.19580952354839873,0.17484848499298097,0.08151514828205109,0.3030302971601486,0.21197793199270507
casia_b_pose,no_global,tcn,legacy,ea39b1705fd84cc1e68e9e4fd94e5a984e8cc2f63a8b6ea860b4280cd07679fb,b060fe06dcb4298c31bdf3dbccb281438e81f18e,1776934f9c734c06a9f275ecbd5dd046382dc45097ba027fd95ceb0add4eb100,test,casia_b_pose_no_global_seed11_20260918T173347624757Z,11,global_parts,occluded_gallery,dynamic_joint,0.3845454454421997,0.33860605997698645,0.3160757578909397,0.1358181804418564,0.2487272650003433,0.3531914941436251
casia_b_pose,no_global,tcn,legacy,ea39b1705fd84cc1e68e9e4fd94e5a984e8cc2f63a8b6ea860b4280cd07679fb,b060fe06dcb4298c31bdf3dbccb281438e81f18e,1776934f9c734c06a9f275ecbd5dd046382dc45097ba027fd95ceb0add4eb100,test,casia_b_pose_no_global_seed11_20260918T173347624757Z,11,global_parts,occluded_gallery,random_joint,0.3845454454421997,0.3636103868484497,0.34395454376935963,0.17993939518928528,0.20460605025291442,0.46792751629750257
casia_b_pose,no_global,tcn,legacy,ea39b1705fd84cc1e68e9e4fd94e5a984e8cc2f63a8b6ea860b4280cd07679fb,b060fe06dcb4298c31bdf3dbccb281438e81f18e,1776934f9c734c06a9f275ecbd5dd046382dc45097ba027fd95ceb0add4eb100,test,casia_b_pose_no_global_seed11_20260918T173347624757Z,11,global_parts,occluded_gallery,temporal,0.3845454454421997,0.3354805188519615,0.3210606053471565,0.20321211814880372,0.181333327293396,0.5284476010764458
casia_b_pose,no_global,tcn,legacy,ea39b1705fd84cc1e68e9e4fd94e5a984e8cc2f63a8b6ea860b4280cd07679fb,b060fe06dcb4298c31bdf3dbccb281438e81f18e,1776934f9c734c06a9f275ecbd5dd046382dc45097ba027fd95ceb0add4eb100,test,casia_b_pose_no_global_seed22_20260918T173435232080Z,22,global,clean_gallery,body_part,0.3545454442501068,0.10363203329699379,0.08080302961170674,0.033030301332473755,0.32151514291763306,0.09316239107890836
casia_b_pose,no_global,tcn,legacy,ea39b1705fd84cc1e68e9e4fd94e5a984e8cc2f63a8b6ea860b4280cd07679fb,b060fe06dcb4298c31bdf3dbccb281438e81f18e,1776934f9c734c06a9f275ecbd5dd046382dc45097ba027fd95ceb0add4eb100,test,casia_b_pose_no_global_seed22_20260918T173435232080Z,22,global,clean_gallery,dynamic_joint,0.3545454442501068,0.1660649333681379,0.14275757484138013,0.05915151536464691,0.2953939288854599,0.16683761228340502
casia_b_pose,no_global,tcn,legacy,ea39b1705fd84cc1e68e9e4fd94e5a984e8cc2f63a8b6ea860b4280cd07679fb,b060fe06dcb4298c31bdf3dbccb281438e81f18e,1776934f9c734c06a9f275ecbd5dd046382dc45097ba027fd95ceb0add4eb100,test,casia_b_pose_no_global_seed22_20260918T173435232080Z,22,global,clean_gallery,random_joint,0.3545454442501068,0.1314199126724686,0.11077272733673454,0.030303030088543893,0.3242424141615629,0.0854700873470179
casia_b_pose,no_global,tcn,legacy,ea39b1705fd84cc1e68e9e4fd94e5a984e8cc2f63a8b6ea860b4280cd07679fb,b060fe06dcb4298c31bdf3dbccb281438e81f18e,1776934f9c734c06a9f275ecbd5dd046382dc45097ba027fd95ceb0add4eb100,test,casia_b_pose_no_global_seed22_20260918T173435232080Z,22,global,clean_gallery,temporal,0.3545454442501068,0.19981385213988168,0.1841060608625412,0.15424242615699768,0.20030301809310913,0.43504275307565515
casia_b_pose,no_global,tcn,legacy,ea39b1705fd84cc1e68e9e4fd94e5a984e8cc2f63a8b6ea860b4280cd07679fb,b060fe06dcb4298c31bdf3dbccb281438e81f18e,1776934f9c734c06a9f275ecbd5dd046382dc45097ba027fd95ceb0add4eb100,test,casia_b_pose_no_global_seed22_20260918T173435232080Z,22,global,occluded_gallery,body_part,0.3545454442501068,0.20024675514016835,0.18116666972637177,0.09060606360435486,0.26393938064575195,0.25555557143314656
casia_b_pose,no_global,tcn,legacy,ea39b1705fd84cc1e68e9e4fd94e5a984e8cc2f63a8b6ea860b4280cd07679fb,b060fe06dcb4298c31bdf3dbccb281438e81f18e,1776934f9c734c06a9f275ecbd5dd046382dc45097ba027fd95ceb0add4eb100,test,casia_b_pose_no_global_seed22_20260918T173435232080Z,22,global,occluded_gallery,dynamic_joint,0.3545454442501068,0.29078354792935507,0.2708333320915699,0.11745454668998719,0.23709089756011964,0.3312820643864522
casia_b_pose,no_global,tcn,legacy,ea39b1705fd84cc1e68e9e4fd94e5a984e8cc2f63a8b6ea860b4280cd07679fb,b060fe06dcb4298c31bdf3dbccb281438e81f18e,1776934f9c734c06a9f275ecbd5dd046382dc45097ba027fd95ceb0add4eb100,test,casia_b_pose_no_global_seed22_20260918T173435232080Z,22,global,occluded_gallery,random_joint,0.3545454442501068,0.3069956719875336,0.2918636381626129,0.1711515188217163,0.1833939254283905,0.4827350671046304
casia_b_pose,no_global,tcn,legacy,ea39b1705fd84cc1e68e9e4fd94e5a984e8cc2f63a8b6ea860b4280cd07679fb,b060fe06dcb4298c31bdf3dbccb281438e81f18e,1776934f9c734c06a9f275ecbd5dd046382dc45097ba027fd95ceb0add4eb100,test,casia_b_pose_no_global_seed22_20260918T173435232080Z,22,global,occluded_gallery,temporal,0.3545454442501068,0.28509523825986044,0.27095454633235927,0.17084848880767822,0.1836969554424286,0.48188036704021686
casia_b_pose,no_global,tcn,legacy,ea39b1705fd84cc1e68e9e4fd94e5a984e8cc2f63a8b6ea860b4280cd07679fb,b060fe06dcb4298c31bdf3dbccb281438e81f18e,1776934f9c734c06a9f275ecbd5dd046382dc45097ba027fd95ceb0add4eb100,test,casia_b_pose_no_global_seed22_20260918T173435232080Z,22,global_parts,clean_gallery,body_part,0.40090909600257874,0.14792640757347855,0.1221060606651008,0.02181818149983883,0.3790909145027399,0.05442176722201007
casia_b_pose,no_global,tcn,legacy,ea39b1705fd84cc1e68e9e4fd94e5a984e8cc2f63a8b6ea860b4280cd07679fb,b060fe06dcb4298c31bdf3dbccb281438e81f18e,1776934f9c734c06a9f275ecbd5dd046382dc45097ba027fd95ceb0add4eb100,test,casia_b_pose_no_global_seed22_20260918T173435232080Z,22,global_parts,clean_gallery,dynamic_joint,0.40090909600257874,0.23868831332240784,0.21480303220450878,0.08193939477205277,0.318969701230526,0.2043839752928073
casia_b_pose,no_global,tcn,legacy,ea39b1705fd84cc1e68e9e4fd94e5a984e8cc2f63a8b6ea860b4280cd07679fb,b060fe06dcb4298c31bdf3dbccb281438e81f18e,1776934f9c734c06a9f275ecbd5dd046382dc45097ba027fd95ceb0add4eb100,test,casia_b_pose_no_global_seed22_20260918T173435232080Z,22,global_parts,clean_gallery,random_joint,0.40090909600257874,0.18610389583877154,0.16548484768718483,0.06000000014901161,0.3409090958535671,0.1496598624158572
casia_b_pose,no_global,tcn,legacy,ea39b1705fd84cc1e68e9e4fd94e5a984e8cc2f63a8b6ea860b4280cd07679fb,b060fe06dcb4298c31bdf3dbccb281438e81f18e,1776934f9c734c06a9f275ecbd5dd046382dc45097ba027fd95ceb0add4eb100,test,casia_b_pose_no_global_seed22_20260918T173435232080Z,22,global_parts,clean_gallery,temporal,0.40090909600257874,0.3143593043088913,0.30103029906749723,0.24551514983177186,0.15539394617080687,0.6123960575596236
casia_b_pose,no_global,tcn,legacy,ea39b1705fd84cc1e68e9e4fd94e5a984e8cc2f63a8b6ea860b4280cd07679fb,b060fe06dcb4298c31bdf3dbccb281438e81f18e,1776934f9c734c06a9f275ecbd5dd046382dc45097ba027fd95ceb0add4eb100,test,casia_b_pose_no_global_seed22_20260918T173435232080Z,22,global_parts,occluded_gallery,body_part,0.40090909600257874,0.20459740161895748,0.18321212008595467,0.09060606360435486,0.3103030323982239,0.2260015163232217
casia_b_pose,no_global,tcn,legacy,ea39b1705fd84cc1e68e9e4fd94e5a984e8cc2f63a8b6ea860b4280cd07679fb,b060fe06dcb4298c31bdf3dbccb281438e81f18e,1776934f9c734c06a9f275ecbd5dd046382dc45097ba027fd95ceb0add4eb100,test,casia_b_pose_no_global_seed22_20260918T173435232080Z,22,global_parts,occluded_gallery,dynamic_joint,0.40090909600257874,0.35208225122519904,0.328515151143074,0.1415151536464691,0.25939394235610963,0.3529856395315083
casia_b_pose,no_global,tcn,legacy,ea39b1705fd84cc1e68e9e4fd94e5a984e8cc2f63a8b6ea860b4280cd07679fb,b060fe06dcb4298c31bdf3dbccb281438e81f18e,1776934f9c734c06a9f275ecbd5dd046382dc45097ba027fd95ceb0add4eb100,test,casia_b_pose_no_global_seed22_20260918T173435232080Z,22,global_parts,occluded_gallery,random_joint,0.40090909600257874,0.3633116888148444,0.34543939381837846,0.19951515197753905,0.20139394402503968,0.49765683534467803
casia_b_pose,no_global,tcn,legacy,ea39b1705fd84cc1e68e9e4fd94e5a984e8cc2f63a8b6ea860b4280cd07679fb,b060fe06dcb4298c31bdf3dbccb281438e81f18e,1776934f9c734c06a9f275ecbd5dd046382dc45097ba027fd95ceb0add4eb100,test,casia_b_pose_no_global_seed22_20260918T173435232080Z,22,global_parts,occluded_gallery,temporal,0.40090909600257874,0.34683982772486555,0.3313484854996204,0.2101818174123764,0.19072727859020233,0.5242630299688298
casia_b_pose,no_global,tcn,legacy,ea39b1705fd84cc1e68e9e4fd94e5a984e8cc2f63a8b6ea860b4280cd07679fb,b060fe06dcb4298c31bdf3dbccb281438e81f18e,1776934f9c734c06a9f275ecbd5dd046382dc45097ba027fd95ceb0add4eb100,test,casia_b_pose_no_global_seed33_20260918T180435811123Z,33,global,clean_gallery,body_part,0.3372727334499359,0.1082554112055472,0.08634848436340689,0.02909090928733349,0.3081818241626024,0.08625336827488216
casia_b_pose,no_global,tcn,legacy,ea39b1705fd84cc1e68e9e4fd94e5a984e8cc2f63a8b6ea860b4280cd07679fb,b060fe06dcb4298c31bdf3dbccb281438e81f18e,1776934f9c734c06a9f275ecbd5dd046382dc45097ba027fd95ceb0add4eb100,test,casia_b_pose_no_global_seed33_20260918T180435811123Z,33,global,clean_gallery,dynamic_joint,0.3372727334499359,0.21987012944051196,0.20096969604492188,0.11709090769290924,0.22018182575702666,0.3471698008172664
casia_b_pose,no_global,tcn,legacy,ea39b1705fd84cc1e68e9e4fd94e5a984e8cc2f63a8b6ea860b4280cd07679fb,b060fe06dcb4298c31bdf3dbccb281438e81f18e,1776934f9c734c06a9f275ecbd5dd046382dc45097ba027fd95ceb0add4eb100,test,casia_b_pose_no_global_seed33_20260918T180435811123Z,33,global,clean_gallery,random_joint,0.3372727334499359,0.2039567108665194,0.18486363664269448,0.09806060492992401,0.2392121285200119,0.2907457235776812
casia_b_pose,no_global,tcn,legacy,ea39b1705fd84cc1e68e9e4fd94e5a984e8cc2f63a8b6ea860b4280cd07679fb,b060fe06dcb4298c31bdf3dbccb281438e81f18e,1776934f9c734c06a9f275ecbd5dd046382dc45097ba027fd95ceb0add4eb100,test,casia_b_pose_no_global_seed33_20260918T180435811123Z,33,global,clean_gallery,temporal,0.3372727334499359,0.21732034725802288,0.20306060612201693,0.1558181792497635,0.18145455420017242,0.46199459308765267
casia_b_pose,no_global,tcn,legacy,ea39b1705fd84cc1e68e9e4fd94e5a984e8cc2f63a8b6ea860b4280cd07679fb,b060fe06dcb4298c31bdf3dbccb281438e81f18e,1776934f9c734c06a9f275ecbd5dd046382dc45097ba027fd95ceb0add4eb100,test,casia_b_pose_no_global_seed33_20260918T180435811123Z,33,global,occluded_gallery,body_part,0.3372727334499359,0.18632034744535175,0.16772727370262147,0.07575757801532745,0.26151515543460846,0.22461815172667302
casia_b_pose,no_global,tcn,legacy,ea39b1705fd84cc1e68e9e4fd94e5a984e8cc2f63a8b6ea860b4280cd07679fb,b060fe06dcb4298c31bdf3dbccb281438e81f18e,1776934f9c734c06a9f275ecbd5dd046382dc45097ba027fd95ceb0add4eb100,test,casia_b_pose_no_global_seed33_20260918T180435811123Z,33,global,occluded_gallery,dynamic_joint,0.3372727334499359,0.2865887469479016,0.2678333353251219,0.11987878829240799,0.2173939451575279,0.35543575392584337
casia_b_pose,no_global,tcn,legacy,ea39b1705fd84cc1e68e9e4fd94e5a984e8cc2f63a8b6ea860b4280cd07679fb,b060fe06dcb4298c31bdf3dbccb281438e81f18e,1776934f9c734c06a9f275ecbd5dd046382dc45097ba027fd95ceb0add4eb100,test,casia_b_pose_no_global_seed33_20260918T180435811123Z,33,global,occluded_gallery,random_joint,0.3372727334499359,0.30608658151967183,0.2910909101366997,0.16800000071525573,0.1692727327346802,0.49811320054484426
casia_b_pose,no_global,tcn,legacy,ea39b1705fd84cc1e68e9e4fd94e5a984e8cc2f63a8b6ea860b4280cd07679fb,b060fe06dcb4298c31bdf3dbccb281438e81f18e,1776934f9c734c06a9f275ecbd5dd046382dc45097ba027fd95ceb0add4eb100,test,casia_b_pose_no_global_seed33_20260918T180435811123Z,33,global,occluded_gallery,temporal,0.3372727334499359,0.2848225095442363,0.2723939374089241,0.17642424404621124,0.16084848940372468,0.5230907409608293
casia_b_pose,no_global,tcn,legacy,ea39b1705fd84cc1e68e9e4fd94e5a984e8cc2f63a8b6ea860b4280cd07679fb,b060fe06dcb4298c31bdf3dbccb281438e81f18e,1776934f9c734c06a9f275ecbd5dd046382dc45097ba027fd95ceb0add4eb100,test,casia_b_pose_no_global_seed33_20260918T180435811123Z,33,global_parts,clean_gallery,body_part,0.3851515054702759,0.1376969707331487,0.11216666838154198,0.02181818149983883,0.36333332397043705,0.056648309015950735
casia_b_pose,no_global,tcn,legacy,ea39b1705fd84cc1e68e9e4fd94e5a984e8cc2f63a8b6ea860b4280cd07679fb,b060fe06dcb4298c31bdf3dbccb281438e81f18e,1776934f9c734c06a9f275ecbd5dd046382dc45097ba027fd95ceb0add4eb100,test,casia_b_pose_no_global_seed33_20260918T180435811123Z,33,global_parts,clean_gallery,dynamic_joint,0.3851515054702759,0.27041125169822144,0.24749999642372134,0.11781817972660065,0.26733332574367524,0.30590086771890673
casia_b_pose,no_global,tcn,legacy,ea39b1705fd84cc1e68e9e4fd94e5a984e8cc2f63a8b6ea860b4280cd07679fb,b060fe06dcb4298c31bdf3dbccb281438e81f18e,1776934f9c734c06a9f275ecbd5dd046382dc45097ba027fd95ceb0add4eb100,test,casia_b_pose_no_global_seed33_20260918T180435811123Z,33,global_parts,clean_gallery,random_joint,0.3851515054702759,0.21559740209153722,0.18912121187895536,0.036181818693876266,0.3489696867763996,0.09394178181829436
casia_b_pose,no_global,tcn,legacy,ea39b1705fd84cc1e68e9e4fd94e5a984e8cc2f63a8b6ea860b4280cd07679fb,b060fe06dcb4298c31bdf3dbccb281438e81f18e,1776934f9c734c06a9f275ecbd5dd046382dc45097ba027fd95ceb0add4eb100,test,casia_b_pose_no_global_seed33_20260918T180435811123Z,33,global_parts,clean_gallery,temporal,0.3851515054702759,0.31160173075539727,0.29889393895864486,0.24327272772789002,0.14187877774238586,0.6316286559255436
casia_b_pose,no_global,tcn,legacy,ea39b1705fd84cc1e68e9e4fd94e5a984e8cc2f63a8b6ea860b4280cd07679fb,b060fe06dcb4298c31bdf3dbccb281438e81f18e,1776934f9c734c06a9f275ecbd5dd046382dc45097ba027fd95ceb0add4eb100,test,casia_b_pose_no_global_seed33_20260918T180435811123Z,33,global_parts,occluded_gallery,body_part,0.3851515054702759,0.20002164457525523,0.17827272787690163,0.07575757801532745,0.3093939274549484,0.19669552614840827
casia_b_pose,no_global,tcn,legacy,ea39b1705fd84cc1e68e9e4fd94e5a984e8cc2f63a8b6ea860b4280cd07679fb,b060fe06dcb4298c31bdf3dbccb281438e81f18e,1776934f9c734c06a9f275ecbd5dd046382dc45097ba027fd95ceb0add4eb100,test,casia_b_pose_no_global_seed33_20260918T180435811123Z,33,global_parts,occluded_gallery,dynamic_joint,0.3851515054702759,0.3322857132979802,0.31045454591512683,0.1364848494529724,0.24866665601730348,0.35436665186164157
casia_b_pose,no_global,tcn,legacy,ea39b1705fd84cc1e68e9e4fd94e5a984e8cc2f63a8b6ea860b4280cd07679fb,b060fe06dcb4298c31bdf3dbccb281438e81f18e,1776934f9c734c06a9f275ecbd5dd046382dc45097ba027fd95ceb0add4eb100,test,casia_b_pose_no_global_seed33_20260918T180435811123Z,33,global_parts,occluded_gallery,random_joint,0.3851515054702759,0.3483809530735016,0.3304545469582081,0.1844848483800888,0.20066665709018708,0.478992930729506
casia_b_pose,no_global,tcn,legacy,ea39b1705fd84cc1e68e9e4fd94e5a984e8cc2f63a8b6ea860b4280cd07679fb,b060fe06dcb4298c31bdf3dbccb281438e81f18e,1776934f9c734c06a9f275ecbd5dd046382dc45097ba027fd95ceb0add4eb100,test,casia_b_pose_no_global_seed33_20260918T180435811123Z,33,global_parts,occluded_gallery,temporal,0.3851515054702759,0.3369870109217508,0.32290908992290496,0.208545458316803,0.1766060471534729,0.5414634380363276
casia_b_pose,no_global,tcn,legacy,ea39b1705fd84cc1e68e9e4fd94e5a984e8cc2f63a8b6ea860b4280cd07679fb,b060fe06dcb4298c31bdf3dbccb281438e81f18e,1776934f9c734c06a9f275ecbd5dd046382dc45097ba027fd95ceb0add4eb100,test,casia_b_pose_no_global_seed44_20260918T180826395901Z,44,global,clean_gallery,body_part,0.34272727370262146,0.1036320337759597,0.08084848383441567,0.02545454539358616,0.3172727283090353,0.0742705566399499
casia_b_pose,no_global,tcn,legacy,ea39b1705fd84cc1e68e9e4fd94e5a984e8cc2f63a8b6ea860b4280cd07679fb,b060fe06dcb4298c31bdf3dbccb281438e81f18e,1776934f9c734c06a9f275ecbd5dd046382dc45097ba027fd95ceb0add4eb100,test,casia_b_pose_no_global_seed44_20260918T180826395901Z,44,global,clean_gallery,dynamic_joint,0.34272727370262146,0.14793506392410824,0.1289696957916021,0.07133333384990692,0.27139393985271454,0.20813439525621652
casia_b_pose,no_global,tcn,legacy,ea39b1705fd84cc1e68e9e4fd94e5a984e8cc2f63a8b6ea860b4280cd07679fb,b060fe06dcb4298c31bdf3dbccb281438e81f18e,1776934f9c734c06a9f275ecbd5dd046382dc45097ba027fd95ceb0add4eb100,test,casia_b_pose_no_global_seed44_20260918T180826395901Z,44,global,clean_gallery,random_joint,0.34272727370262146,0.12031168788671492,0.10243939310312271,0.07557575702667237,0.2671515166759491,0.2205128182831698
casia_b_pose,no_global,tcn,legacy,ea39b1705fd84cc1e68e9e4fd94e5a984e8cc2f63a8b6ea860b4280cd07679fb,b060fe06dcb4298c31bdf3dbccb281438e81f18e,1776934f9c734c06a9f275ecbd5dd046382dc45097ba027fd95ceb0add4eb100,test,casia_b_pose_no_global_seed44_20260918T180826395901Z,44,global,clean_gallery,temporal,0.34272727370262146,0.18350649348327092,0.16693939343094827,0.12703030109405516,0.2156969726085663,0.37064543980318637
casia_b_pose,no_global,tcn,legacy,ea39b1705fd84cc1e68e9e4fd94e5a984e8cc2f63a8b6ea860b4280cd07679fb,b060fe06dcb4298c31bdf3dbccb281438e81f18e,1776934f9c734c06a9f275ecbd5dd046382dc45097ba027fd95ceb0add4eb100,test,casia_b_pose_no_global_seed44_20260918T180826395901Z,44,global,occluded_gallery,body_part,0.34272727370262146,0.19802597250257223,0.1802575744688511,0.09242424368858337,0.2503030300140381,0.2696728588013637
casia_b_pose,no_global,tcn,legacy,ea39b1705fd84cc1e68e9e4fd94e5a984e8cc2f63a8b6ea860b4280cd07679fb,b060fe06dcb4298c31bdf3dbccb281438e81f18e,1776934f9c734c06a9f275ecbd5dd046382dc45097ba027fd95ceb0add4eb100,test,casia_b_pose_no_global_seed44_20260918T180826395901Z,44,global,occluded_gallery,dynamic_joint,0.34272727370262146,0.2935064913971083,0.2738333310931921,0.11878787726163864,0.22393939644098282,0.34659592736325046
casia_b_pose,no_global,tcn,legacy,ea39b1705fd84cc1e68e9e4fd94e5a984e8cc2f63a8b6ea860b4280cd07679fb,b060fe06dcb4298c31bdf3dbccb281438e81f18e,1776934f9c734c06a9f275ecbd5dd046382dc45097ba027fd95ceb0add4eb100,test,casia_b_pose_no_global_seed44_20260918T180826395901Z,44,global,occluded_gallery,random_joint,0.34272727370262146,0.3255411245993206,0.3108181804418564,0.18745454549789428,0.15527272820472718,0.5469496006919641
casia_b_pose,no_global,tcn,legacy,ea39b1705fd84cc1e68e9e4fd94e5a984e8cc2f63a8b6ea860b4280cd07679fb,b060fe06dcb4298c31bdf3dbccb281438e81f18e,1776934f9c734c06a9f275ecbd5dd046382dc45097ba027fd95ceb0add4eb100,test,casia_b_pose_no_global_seed44_20260918T180826395901Z,44,global,occluded_gallery,temporal,0.34272727370262146,0.2911558419466019,0.27801514938473704,0.17921212315559387,0.1635151505470276,0.522900092599847
casia_b_pose,no_global,tcn,legacy,ea39b1705fd84cc1e68e9e4fd94e5a984e8cc2f63a8b6ea860b4280cd07679fb,b060fe06dcb4298c31bdf3dbccb281438e81f18e,1776934f9c734c06a9f275ecbd5dd046382dc45097ba027fd95ceb0add4eb100,test,casia_b_pose_no_global_seed44_20260918T180826395901Z,44,global_parts,clean_gallery,body_part,0.3848484754562378,0.1392510821244546,0.11409090952947736,0.02545454539358616,0.35939393006265163,0.06614173373925882
casia_b_pose,no_global,tcn,legacy,ea39b1705fd84cc1e68e9e4fd94e5a984e8cc2f63a8b6ea860b4280cd07679fb,b060fe06dcb4298c31bdf3dbccb281438e81f18e,1776934f9c734c06a9f275ecbd5dd046382dc45097ba027fd95ceb0add4eb100,test,casia_b_pose_no_global_seed44_20260918T180826395901Z,44,global_parts,clean_gallery,dynamic_joint,0.3848484754562378,0.23740692500557217,0.2178484845906496,0.11890909224748611,0.26593938320875166,0.3089763889710604
casia_b_pose,no_global,tcn,legacy,ea39b1705fd84cc1e68e9e4fd94e5a984e8cc2f63a8b6ea860b4280cd07679fb,b060fe06dcb4298c31bdf3dbccb281438e81f18e,1776934f9c734c06a9f275ecbd5dd046382dc45097ba027fd95ceb0add4eb100,test,casia_b_pose_no_global_seed44_20260918T180826395901Z,44,global_parts,clean_gallery,random_joint,0.3848484754562378,0.21284848536763873,0.1933181829750538,0.10939393937587738,0.2754545360803604,0.2842519753941883
casia_b_pose,no_global,tcn,legacy,ea39b1705fd84cc1e68e9e4fd94e5a984e8cc2f63a8b6ea860b4280cd07679fb,b060fe06dcb4298c31bdf3dbccb281438e81f18e,1776934f9c734c06a9f275ecbd5dd046382dc45097ba027fd95ceb0add4eb100,test,casia_b_pose_no_global_seed44_20260918T180826395901Z,44,global_parts,clean_gallery,temporal,0.3848484754562378,0.29585714425359455,0.28384848684072495,0.24042423963546752,0.14442423582077027,0.6247244174488275
casia_b_pose,no_global,tcn,legacy,ea39b1705fd84cc1e68e9e4fd94e5a984e8cc2f63a8b6ea860b4280cd07679fb,b060fe06dcb4298c31bdf3dbccb281438e81f18e,1776934f9c734c06a9f275ecbd5dd046382dc45097ba027fd95ceb0add4eb100,test,casia_b_pose_no_global_seed44_20260918T180826395901Z,44,global_parts,occluded_gallery,body_part,0.3848484754562378,0.20009090857846393,0.18033333346247674,0.09242424368858337,0.2924242317676544,0.24015748946131188
casia_b_pose,no_global,tcn,legacy,ea39b1705fd84cc1e68e9e4fd94e5a984e8cc2f63a8b6ea860b4280cd07679fb,b060fe06dcb4298c31bdf3dbccb281438e81f18e,1776934f9c734c06a9f275ecbd5dd046382dc45097ba027fd95ceb0add4eb100,test,casia_b_pose_no_global_seed44_20260918T180826395901Z,44,global_parts,occluded_gallery,dynamic_joint,0.3848484754562378,0.35123809150287083,0.328499997407198,0.14781818091869353,0.23703029453754426,0.38409449522556927
casia_b_pose,no_global,tcn,legacy,ea39b1705fd84cc1e68e9e4fd94e5a984e8cc2f63a8b6ea860b4280cd07679fb,b060fe06dcb4298c31bdf3dbccb281438e81f18e,1776934f9c734c06a9f275ecbd5dd046382dc45097ba027fd95ceb0add4eb100,test,casia_b_pose_no_global_seed44_20260918T180826395901Z,44,global_parts,occluded_gallery,random_joint,0.3848484754562378,0.3745151536805289,0.3551363661885262,0.19236363768577575,0.19248483777046205,0.4998425353192024
casia_b_pose,no_global,tcn,legacy,ea39b1705fd84cc1e68e9e4fd94e5a984e8cc2f63a8b6ea860b4280cd07679fb,b060fe06dcb4298c31bdf3dbccb281438e81f18e,1776934f9c734c06a9f275ecbd5dd046382dc45097ba027fd95ceb0add4eb100,test,casia_b_pose_no_global_seed44_20260918T180826395901Z,44,global_parts,occluded_gallery,temporal,0.3848484754562378,0.3451125519616263,0.3318333320319653,0.2266060620546341,0.1582424134016037,0.588818915771961
casia_b_pose,no_global,tcn,legacy,ea39b1705fd84cc1e68e9e4fd94e5a984e8cc2f63a8b6ea860b4280cd07679fb,b060fe06dcb4298c31bdf3dbccb281438e81f18e,1776934f9c734c06a9f275ecbd5dd046382dc45097ba027fd95ceb0add4eb100,test,casia_b_pose_no_global_seed55_20260918T180927607626Z,55,global,clean_gallery,body_part,0.35878786444664,0.1030216434704406,0.07934848433360457,0.029393939301371574,0.32939392514526844,0.08192567869235479
casia_b_pose,no_global,tcn,legacy,ea39b1705fd84cc1e68e9e4fd94e5a984e8cc2f63a8b6ea860b4280cd07679fb,b060fe06dcb4298c31bdf3dbccb281438e81f18e,1776934f9c734c06a9f275ecbd5dd046382dc45097ba027fd95ceb0add4eb100,test,casia_b_pose_no_global_seed55_20260918T180927607626Z,55,global,clean_gallery,dynamic_joint,0.35878786444664,0.1795930719801358,0.1557121206074953,0.07315151542425155,0.28563634902238844,0.2038851440448618
casia_b_pose,no_global,tcn,legacy,ea39b1705fd84cc1e68e9e4fd94e5a984e8cc2f63a8b6ea860b4280cd07679fb,b060fe06dcb4298c31bdf3dbccb281438e81f18e,1776934f9c734c06a9f275ecbd5dd046382dc45097ba027fd95ceb0add4eb100,test,casia_b_pose_no_global_seed55_20260918T180927607626Z,55,global,clean_gallery,random_joint,0.35878786444664,0.18013419870819364,0.15531818233430386,0.051999999582767485,0.30678786486387255,0.1449324370626841
casia_b_pose,no_global,tcn,legacy,ea39b1705fd84cc1e68e9e4fd94e5a984e8cc2f63a8b6ea860b4280cd07679fb,b060fe06dcb4298c31bdf3dbccb281438e81f18e,1776934f9c734c06a9f275ecbd5dd046382dc45097ba027fd95ceb0add4eb100,test,casia_b_pose_no_global_seed55_20260918T180927607626Z,55,global,clean_gallery,temporal,0.35878786444664,0.19468831036772047,0.17912121191620828,0.15442424416542053,0.2043636202812195,0.4304054274622406
casia_b_pose,no_global,tcn,legacy,ea39b1705fd84cc1e68e9e4fd94e5a984e8cc2f63a8b6ea860b4280cd07679fb,b060fe06dcb4298c31bdf3dbccb281438e81f18e,1776934f9c734c06a9f275ecbd5dd046382dc45097ba027fd95ceb0add4eb100,test,casia_b_pose_no_global_seed55_20260918T180927607626Z,55,global,occluded_gallery,body_part,0.35878786444664,0.2025324672460556,0.18187878876924513,0.07666666805744171,0.2821211963891983,0.21368244484992552
casia_b_pose,no_global,tcn,legacy,ea39b1705fd84cc1e68e9e4fd94e5a984e8cc2f63a8b6ea860b4280cd07679fb,b060fe06dcb4298c31bdf3dbccb281438e81f18e,1776934f9c734c06a9f275ecbd5dd046382dc45097ba027fd95ceb0add4eb100,test,casia_b_pose_no_global_seed55_20260918T180927607626Z,55,global,occluded_gallery,dynamic_joint,0.35878786444664,0.292277055978775,0.27160606160759926,0.10939393937587738,0.24939392507076263,0.3048986607855204
casia_b_pose,no_global,tcn,legacy,ea39b1705fd84cc1e68e9e4fd94e5a984e8cc2f63a8b6ea860b4280cd07679fb,b060fe06dcb4298c31bdf3dbccb281438e81f18e,1776934f9c734c06a9f275ecbd5dd046382dc45097ba027fd95ceb0add4eb100,test,casia_b_pose_no_global_seed55_20260918T180927607626Z,55,global,occluded_gallery,random_joint,0.35878786444664,0.31074891856738507,0.29421212375164035,0.16018182039260864,0.19860604405403137,0.44645272670985603
casia_b_pose,no_global,tcn,legacy,ea39b1705fd84cc1e68e9e4fd94e5a984e8cc2f63a8b6ea860b4280cd07679fb,b060fe06dcb4298c31bdf3dbccb281438e81f18e,1776934f9c734c06a9f275ecbd5dd046382dc45097ba027fd95ceb0add4eb100,test,casia_b_pose_no_global_seed55_20260918T180927607626Z,55,global,occluded_gallery,temporal,0.35878786444664,0.3047272729022163,0.2915454551577568,0.190666663646698,0.16812120079994203,0.5314189317433129
casia_b_pose,no_global,tcn,legacy,ea39b1705fd84cc1e68e9e4fd94e5a984e8cc2f63a8b6ea860b4280cd07679fb,b060fe06dcb4298c31bdf3dbccb281438e81f18e,1776934f9c734c06a9f275ecbd5dd046382dc45097ba027fd95ceb0add4eb100,test,casia_b_pose_no_global_seed55_20260918T180927607626Z,55,global_parts,clean_gallery,body_part,0.40515151619911194,0.1376450209745339,0.11113636288791895,0.02757575735449791,0.37757575884461403,0.06806282650302557
casia_b_pose,no_global,tcn,legacy,ea39b1705fd84cc1e68e9e4fd94e5a984e8cc2f63a8b6ea860b4280cd07679fb,b060fe06dcb4298c31bdf3dbccb281438e81f18e,1776934f9c734c06a9f275ecbd5dd046382dc45097ba027fd95ceb0add4eb100,test,casia_b_pose_no_global_seed55_20260918T180927607626Z,55,global_parts,clean_gallery,dynamic_joint,0.40515151619911194,0.2453203509960856,0.22136364094913008,0.10545454472303391,0.29969697147607804,0.2602842159208611
casia_b_pose,no_global,tcn,legacy,ea39b1705fd84cc1e68e9e4fd94e5a984e8cc2f63a8b6ea860b4280cd07679fb,b060fe06dcb4298c31bdf3dbccb281438e81f18e,1776934f9c734c06a9f275ecbd5dd046382dc45097ba027fd95ceb0add4eb100,test,casia_b_pose_no_global_seed55_20260918T180927607626Z,55,global_parts,clean_gallery,random_joint,0.40515151619911194,0.2377489170857838,0.21254545375704764,0.09103030264377594,0.314121213555336,0.22468212262357437
casia_b_pose,no_global,tcn,legacy,ea39b1705fd84cc1e68e9e4fd94e5a984e8cc2f63a8b6ea860b4280cd07679fb,b060fe06dcb4298c31bdf3dbccb281438e81f18e,1776934f9c734c06a9f275ecbd5dd046382dc45097ba027fd95ceb0add4eb100,test,casia_b_pose_no_global_seed55_20260918T180927607626Z,55,global_parts,clean_gallery,temporal,0.40515151619911194,0.2896017291716167,0.2749242395162582,0.22690908908843993,0.178242427110672,0.5600598295106104
casia_b_pose,no_global,tcn,legacy,ea39b1705fd84cc1e68e9e4fd94e5a984e8cc2f63a8b6ea860b4280cd07679fb,b060fe06dcb4298c31bdf3dbccb281438e81f18e,1776934f9c734c06a9f275ecbd5dd046382dc45097ba027fd95ceb0add4eb100,test,casia_b_pose_no_global_seed55_20260918T180927607626Z,55,global_parts,occluded_gallery,body_part,0.40515151619911194,0.21051948198250364,0.1874696984887123,0.07666666805744171,0.3284848481416702,0.1892296214924291
casia_b_pose,no_global,tcn,legacy,ea39b1705fd84cc1e68e9e4fd94e5a984e8cc2f63a8b6ea860b4280cd07679fb,b060fe06dcb4298c31bdf3dbccb281438e81f18e,1776934f9c734c06a9f275ecbd5dd046382dc45097ba027fd95ceb0add4eb100,test,casia_b_pose_no_global_seed55_20260918T180927607626Z,55,global_parts,occluded_gallery,dynamic_joint,0.40515151619911194,0.3506190448999405,0.32624242156744004,0.13587878942489623,0.2692727267742157,0.3353777142428822
casia_b_pose,no_global,tcn,legacy,ea39b1705fd84cc1e68e9e4fd94e5a984e8cc2f63a8b6ea860b4280cd07679fb,b060fe06dcb4298c31bdf3dbccb281438e81f18e,1776934f9c734c06a9f275ecbd5dd046382dc45097ba027fd95ceb0add4eb100,test,casia_b_pose_no_global_seed55_20260918T180927607626Z,55,global_parts,occluded_gallery,random_joint,0.40515151619911194,0.36932034705366407,0.35000000000000003,0.1953939378261566,0.20975757837295533,0.48227374207858115
casia_b_pose,no_global,tcn,legacy,ea39b1705fd84cc1e68e9e4fd94e5a984e8cc2f63a8b6ea860b4280cd07679fb,b060fe06dcb4298c31bdf3dbccb281438e81f18e,1776934f9c734c06a9f275ecbd5dd046382dc45097ba027fd95ceb0add4eb100,test,casia_b_pose_no_global_seed55_20260918T180927607626Z,55,global_parts,occluded_gallery,temporal,0.40515151619911194,0.35112554047788896,0.3365606054663658,0.21987878680229186,0.18527272939682007,0.5427075501655838
casia_b_pose,no_part_masking,tcn,legacy,f42db8930ca8502f07160d7a31564986494bd8b26cf8bcefcae6b757f587d926,b060fe06dcb4298c31bdf3dbccb281438e81f18e,1776934f9c734c06a9f275ecbd5dd046382dc45097ba027fd95ceb0add4eb100,test,casia_b_pose_no_part_masking_seed11_20260918T162629279904Z,11,global,clean_gallery,body_part,0.40030303597450256,0.09275324754416944,0.06578787928447127,0.02090909145772457,0.379393944516778,0.05223315732997934
casia_b_pose,no_part_masking,tcn,legacy,f42db8930ca8502f07160d7a31564986494bd8b26cf8bcefcae6b757f587d926,b060fe06dcb4298c31bdf3dbccb281438e81f18e,1776934f9c734c06a9f275ecbd5dd046382dc45097ba027fd95ceb0add4eb100,test,casia_b_pose_no_part_masking_seed11_20260918T162629279904Z,11,global,clean_gallery,dynamic_joint,0.40030303597450256,0.19447186120918822,0.16937878727912903,0.09909090995788575,0.30121212601661684,0.2475397412778987
casia_b_pose,no_part_masking,tcn,legacy,f42db8930ca8502f07160d7a31564986494bd8b26cf8bcefcae6b757f587d926,b060fe06dcb4298c31bdf3dbccb281438e81f18e,1776934f9c734c06a9f275ecbd5dd046382dc45097ba027fd95ceb0add4eb100,test,casia_b_pose_no_part_masking_seed11_20260918T162629279904Z,11,global,clean_gallery,random_joint,0.40030303597450256,0.19211688339710234,0.16480303071439267,0.0735151544213295,0.32678788155317307,0.18364875560427193
casia_b_pose,no_part_masking,tcn,legacy,f42db8930ca8502f07160d7a31564986494bd8b26cf8bcefcae6b757f587d926,b060fe06dcb4298c31bdf3dbccb281438e81f18e,1776934f9c734c06a9f275ecbd5dd046382dc45097ba027fd95ceb0add4eb100,test,casia_b_pose_no_part_masking_seed11_20260918T162629279904Z,11,global,clean_gallery,temporal,0.40030303597450256,0.19022943803242273,0.17054545506834984,0.13945454657077788,0.2608484894037247,0.3483724429700815
casia_b_pose,no_part_masking,tcn,legacy,f42db8930ca8502f07160d7a31564986494bd8b26cf8bcefcae6b757f587d926,b060fe06dcb4298c31bdf3dbccb281438e81f18e,1776934f9c734c06a9f275ecbd5dd046382dc45097ba027fd95ceb0add4eb100,test,casia_b_pose_no_part_masking_seed11_20260918T162629279904Z,11,global,occluded_gallery,body_part,0.40030303597450256,0.20237229551587785,0.18159090951085088,0.09666666388511658,0.303636372089386,0.24148371408123367
casia_b_pose,no_part_masking,tcn,legacy,f42db8930ca8502f07160d7a31564986494bd8b26cf8bcefcae6b757f587d926,b060fe06dcb4298c31bdf3dbccb281438e81f18e,1776934f9c734c06a9f275ecbd5dd046382dc45097ba027fd95ceb0add4eb100,test,casia_b_pose_no_part_masking_seed11_20260918T162629279904Z,11,global,occluded_gallery,dynamic_joint,0.40030303597450256,0.3105800860694477,0.28754545338451865,0.11739393919706345,0.28290909677743914,0.29326267514129195
casia_b_pose,no_part_masking,tcn,legacy,f42db8930ca8502f07160d7a31564986494bd8b26cf8bcefcae6b757f587d926,b060fe06dcb4298c31bdf3dbccb281438e81f18e,1776934f9c734c06a9f275ecbd5dd046382dc45097ba027fd95ceb0add4eb100,test,casia_b_pose_no_part_masking_seed11_20260918T162629279904Z,11,global,occluded_gallery,random_joint,0.40030303597450256,0.33879220741135735,0.3216363623738289,0.1956969678401947,0.20460606813430787,0.48887205505146275
casia_b_pose,no_part_masking,tcn,legacy,f42db8930ca8502f07160d7a31564986494bd8b26cf8bcefcae6b757f587d926,b060fe06dcb4298c31bdf3dbccb281438e81f18e,1776934f9c734c06a9f275ecbd5dd046382dc45097ba027fd95ceb0add4eb100,test,casia_b_pose_no_part_masking_seed11_20260918T162629279904Z,11,global,occluded_gallery,temporal,0.40030303597450256,0.3319264084100723,0.3169090919196606,0.20872727334499358,0.19157576262950898,0.5214231584251301
casia_b_pose,no_part_masking,tcn,legacy,f42db8930ca8502f07160d7a31564986494bd8b26cf8bcefcae6b757f587d926,b060fe06dcb4298c31bdf3dbccb281438e81f18e,1776934f9c734c06a9f275ecbd5dd046382dc45097ba027fd95ceb0add4eb100,test,casia_b_pose_no_part_masking_seed11_20260918T162629279904Z,11,global_parts,clean_gallery,body_part,0.4184848368167877,0.09633766146642822,0.06821212116628886,0.019696969538927078,0.39878786727786064,0.04706734344009313
casia_b_pose,no_part_masking,tcn,legacy,f42db8930ca8502f07160d7a31564986494bd8b26cf8bcefcae6b757f587d926,b060fe06dcb4298c31bdf3dbccb281438e81f18e,1776934f9c734c06a9f275ecbd5dd046382dc45097ba027fd95ceb0add4eb100,test,casia_b_pose_no_part_masking_seed11_20260918T162629279904Z,11,global_parts,clean_gallery,dynamic_joint,0.4184848368167877,0.2485974039350237,0.2233636386692524,0.1323636382818222,0.28612119853496554,0.31629255503890785
casia_b_pose,no_part_masking,tcn,legacy,f42db8930ca8502f07160d7a31564986494bd8b26cf8bcefcae6b757f587d926,b060fe06dcb4298c31bdf3dbccb281438e81f18e,1776934f9c734c06a9f275ecbd5dd046382dc45097ba027fd95ceb0add4eb100,test,casia_b_pose_no_part_masking_seed11_20260918T162629279904Z,11,global_parts,clean_gallery,random_joint,0.4184848368167877,0.24622510522603988,0.21907575540244578,0.10769696980714798,0.31078786700963973,0.257349753999086
casia_b_pose,no_part_masking,tcn,legacy,f42db8930ca8502f07160d7a31564986494bd8b26cf8bcefcae6b757f587d926,b060fe06dcb4298c31bdf3dbccb281438e81f18e,1776934f9c734c06a9f275ecbd5dd046382dc45097ba027fd95ceb0add4eb100,test,casia_b_pose_no_part_masking_seed11_20260918T162629279904Z,11,global_parts,clean_gallery,temporal,0.4184848368167877,0.27225108316966473,0.25724242553114895,0.2369090884923935,0.18157574832439421,0.566111523405356
casia_b_pose,no_part_masking,tcn,legacy,f42db8930ca8502f07160d7a31564986494bd8b26cf8bcefcae6b757f587d926,b060fe06dcb4298c31bdf3dbccb281438e81f18e,1776934f9c734c06a9f275ecbd5dd046382dc45097ba027fd95ceb0add4eb100,test,casia_b_pose_no_part_masking_seed11_20260918T162629279904Z,11,global_parts,occluded_gallery,body_part,0.4184848368167877,0.20119913348129817,0.17996969670057295,0.09666666388511658,0.32181817293167114,0.23099203455115186
casia_b_pose,no_part_masking,tcn,legacy,f42db8930ca8502f07160d7a31564986494bd8b26cf8bcefcae6b757f587d926,b060fe06dcb4298c31bdf3dbccb281438e81f18e,1776934f9c734c06a9f275ecbd5dd046382dc45097ba027fd95ceb0add4eb100,test,casia_b_pose_no_part_masking_seed11_20260918T162629279904Z,11,global_parts,occluded_gallery,dynamic_joint,0.4184848368167877,0.3410735894526754,0.315833330526948,0.12684848457574843,0.2916363522410393,0.30311369353457024
casia_b_pose,no_part_masking,tcn,legacy,f42db8930ca8502f07160d7a31564986494bd8b26cf8bcefcae6b757f587d926,b060fe06dcb4298c31bdf3dbccb281438e81f18e,1776934f9c734c06a9f275ecbd5dd046382dc45097ba027fd95ceb0add4eb100,test,casia_b_pose_no_part_masking_seed11_20260918T162629279904Z,11,global_parts,occluded_gallery,random_joint,0.4184848368167877,0.3706450185605458,0.35222727060317993,0.21096969842910768,0.20751513838768004,0.5041274614245342
casia_b_pose,no_part_masking,tcn,legacy,f42db8930ca8502f07160d7a31564986494bd8b26cf8bcefcae6b757f587d926,b060fe06dcb4298c31bdf3dbccb281438e81f18e,1776934f9c734c06a9f275ecbd5dd046382dc45097ba027fd95ceb0add4eb100,test,casia_b_pose_no_part_masking_seed11_20260918T162629279904Z,11,global_parts,occluded_gallery,temporal,0.4184848368167877,0.35906926138060435,0.34419696852564813,0.23400000035762786,0.18448483645915986,0.5591600454094179
casia_b_pose,no_part_masking,tcn,legacy,f42db8930ca8502f07160d7a31564986494bd8b26cf8bcefcae6b757f587d926,b060fe06dcb4298c31bdf3dbccb281438e81f18e,1776934f9c734c06a9f275ecbd5dd046382dc45097ba027fd95ceb0add4eb100,test,casia_b_pose_no_part_masking_seed22_20260918T165904706559Z,22,global,clean_gallery,body_part,0.4057575762271881,0.09861038981803825,0.07125757606700063,0.020606061443686485,0.3851515147835016,0.05078416929459606
casia_b_pose,no_part_masking,tcn,legacy,f42db8930ca8502f07160d7a31564986494bd8b26cf8bcefcae6b757f587d926,b060fe06dcb4298c31bdf3dbccb281438e81f18e,1776934f9c734c06a9f275ecbd5dd046382dc45097ba027fd95ceb0add4eb100,test,casia_b_pose_no_part_masking_seed22_20260918T165904706559Z,22,global,clean_gallery,dynamic_joint,0.4057575762271881,0.205515151151589,0.1783030301332474,0.07763636410236359,0.32812121212482454,0.1913368194483056
casia_b_pose,no_part_masking,tcn,legacy,f42db8930ca8502f07160d7a31564986494bd8b26cf8bcefcae6b757f587d926,b060fe06dcb4298c31bdf3dbccb281438e81f18e,1776934f9c734c06a9f275ecbd5dd046382dc45097ba027fd95ceb0add4eb100,test,casia_b_pose_no_part_masking_seed22_20260918T165904706559Z,22,global,clean_gallery,random_joint,0.4057575762271881,0.18183982500008175,0.15604545250535012,0.049515151977539064,0.356242424249649,0.12203136768989124
casia_b_pose,no_part_masking,tcn,legacy,f42db8930ca8502f07160d7a31564986494bd8b26cf8bcefcae6b757f587d926,b060fe06dcb4298c31bdf3dbccb281438e81f18e,1776934f9c734c06a9f275ecbd5dd046382dc45097ba027fd95ceb0add4eb100,test,casia_b_pose_no_part_masking_seed22_20260918T165904706559Z,22,global,clean_gallery,temporal,0.4057575762271881,0.22175757416657038,0.20327272564172744,0.16654545366764067,0.23921212255954744,0.4104555612151775
casia_b_pose,no_part_masking,tcn,legacy,f42db8930ca8502f07160d7a31564986494bd8b26cf8bcefcae6b757f587d926,b060fe06dcb4298c31bdf3dbccb281438e81f18e,1776934f9c734c06a9f275ecbd5dd046382dc45097ba027fd95ceb0add4eb100,test,casia_b_pose_no_part_masking_seed22_20260918T165904706559Z,22,global,occluded_gallery,body_part,0.4057575762271881,0.2018181847674506,0.18157576099038125,0.10575757920742035,0.29999999701976776,0.26064227855157907
casia_b_pose,no_part_masking,tcn,legacy,f42db8930ca8502f07160d7a31564986494bd8b26cf8bcefcae6b757f587d926,b060fe06dcb4298c31bdf3dbccb281438e81f18e,1776934f9c734c06a9f275ecbd5dd046382dc45097ba027fd95ceb0add4eb100,test,casia_b_pose_no_part_masking_seed22_20260918T165904706559Z,22,global,occluded_gallery,dynamic_joint,0.4057575762271881,0.30778354683092657,0.28462120927870277,0.12024242430925369,0.2855151519179344,0.296340552472959
casia_b_pose,no_part_masking,tcn,legacy,f42db8930ca8502f07160d7a31564986494bd8b26cf8bcefcae6b757f587d926,b060fe06dcb4298c31bdf3dbccb281438e81f18e,1776934f9c734c06a9f275ecbd5dd046382dc45097ba027fd95ceb0add4eb100,test,casia_b_pose_no_part_masking_seed22_20260918T165904706559Z,22,global,occluded_gallery,random_joint,0.4057575762271881,0.34380519219807215,0.3258030280470848,0.19878787994384767,0.20696969628334044,0.4899178514230481
casia_b_pose,no_part_masking,tcn,legacy,f42db8930ca8502f07160d7a31564986494bd8b26cf8bcefcae6b757f587d926,b060fe06dcb4298c31bdf3dbccb281438e81f18e,1776934f9c734c06a9f275ecbd5dd046382dc45097ba027fd95ceb0add4eb100,test,casia_b_pose_no_part_masking_seed22_20260918T165904706559Z,22,global,occluded_gallery,temporal,0.4057575762271881,0.32896103858947756,0.313454545289278,0.2105454534292221,0.19521212279796601,0.5188946941839365
casia_b_pose,no_part_masking,tcn,legacy,f42db8930ca8502f07160d7a31564986494bd8b26cf8bcefcae6b757f587d926,b060fe06dcb4298c31bdf3dbccb281438e81f18e,1776934f9c734c06a9f275ecbd5dd046382dc45097ba027fd95ceb0add4eb100,test,casia_b_pose_no_part_masking_seed22_20260918T165904706559Z,22,global_parts,clean_gallery,body_part,0.4296969771385193,0.11016017368861608,0.08201515134423971,0.024242423474788666,0.4054545536637306,0.056417486658217185
casia_b_pose,no_part_masking,tcn,legacy,f42db8930ca8502f07160d7a31564986494bd8b26cf8bcefcae6b757f587d926,b060fe06dcb4298c31bdf3dbccb281438e81f18e,1776934f9c734c06a9f275ecbd5dd046382dc45097ba027fd95ceb0add4eb100,test,casia_b_pose_no_part_masking_seed22_20260918T165904706559Z,22,global_parts,clean_gallery,dynamic_joint,0.4296969771385193,0.2796060636639595,0.25189394168555734,0.11533333510160446,0.3143636420369148,0.2684062053907003
casia_b_pose,no_part_masking,tcn,legacy,f42db8930ca8502f07160d7a31564986494bd8b26cf8bcefcae6b757f587d926,b060fe06dcb4298c31bdf3dbccb281438e81f18e,1776934f9c734c06a9f275ecbd5dd046382dc45097ba027fd95ceb0add4eb100,test,casia_b_pose_no_part_masking_seed22_20260918T165904706559Z,22,global_parts,clean_gallery,random_joint,0.4296969771385193,0.25633766353130344,0.23060606122016908,0.09309090971946717,0.33660606741905214,0.21664315709034626
casia_b_pose,no_part_masking,tcn,legacy,f42db8930ca8502f07160d7a31564986494bd8b26cf8bcefcae6b757f587d926,b060fe06dcb4298c31bdf3dbccb281438e81f18e,1776934f9c734c06a9f275ecbd5dd046382dc45097ba027fd95ceb0add4eb100,test,casia_b_pose_no_part_masking_seed22_20260918T165904706559Z,22,global_parts,clean_gallery,temporal,0.4296969771385193,0.3128701295171465,0.2983939379453659,0.254121208190918,0.1755757689476013,0.5913963134746424
casia_b_pose,no_part_masking,tcn,legacy,f42db8930ca8502f07160d7a31564986494bd8b26cf8bcefcae6b757f587d926,b060fe06dcb4298c31bdf3dbccb281438e81f18e,1776934f9c734c06a9f275ecbd5dd046382dc45097ba027fd95ceb0add4eb100,test,casia_b_pose_no_part_masking_seed22_20260918T165904706559Z,22,global_parts,occluded_gallery,body_part,0.4296969771385193,0.2060562766024045,0.18484848327934741,0.10545454174280167,0.3242424353957176,0.24541606609628722
casia_b_pose,no_part_masking,tcn,legacy,f42db8930ca8502f07160d7a31564986494bd8b26cf8bcefcae6b757f587d926,b060fe06dcb4298c31bdf3dbccb281438e81f18e,1776934f9c734c06a9f275ecbd5dd046382dc45097ba027fd95ceb0add4eb100,test,casia_b_pose_no_part_masking_seed22_20260918T165904706559Z,22,global_parts,occluded_gallery,dynamic_joint,0.4296969771385193,0.3573679681335177,0.33216666951775553,0.14321212470531464,0.28648485243320465,0.33328632111635276
casia_b_pose,no_part_masking,tcn,legacy,f42db8930ca8502f07160d7a31564986494bd8b26cf8bcefcae6b757f587d926,b060fe06dcb4298c31bdf3dbccb281438e81f18e,1776934f9c734c06a9f275ecbd5dd046382dc45097ba027fd95ceb0add4eb100,test,casia_b_pose_no_part_masking_seed22_20260918T165904706559Z,22,global_parts,occluded_gallery,random_joint,0.4296969771385193,0.3920432929481779,0.37463636621832846,0.2401212126016617,0.1895757645368576,0.5588152241626196
casia_b_pose,no_part_masking,tcn,legacy,f42db8930ca8502f07160d7a31564986494bd8b26cf8bcefcae6b757f587d926,b060fe06dcb4298c31bdf3dbccb281438e81f18e,1776934f9c734c06a9f275ecbd5dd046382dc45097ba027fd95ceb0add4eb100,test,casia_b_pose_no_part_masking_seed22_20260918T165904706559Z,22,global_parts,occluded_gallery,temporal,0.4296969771385193,0.3588874455009188,0.34243939295411113,0.22363636195659636,0.20606061518192292,0.5204513269929377
casia_b_pose,no_part_masking,tcn,legacy,f42db8930ca8502f07160d7a31564986494bd8b26cf8bcefcae6b757f587d926,b060fe06dcb4298c31bdf3dbccb281438e81f18e,1776934f9c734c06a9f275ecbd5dd046382dc45097ba027fd95ceb0add4eb100,test,casia_b_pose_no_part_masking_seed33_20260918T165919230633Z,33,global,clean_gallery,body_part,0.3760606050491333,0.08725108190306596,0.061954545136541125,0.021515151485800743,0.35454545356333256,0.05721192594206918
casia_b_pose,no_part_masking,tcn,legacy,f42db8930ca8502f07160d7a31564986494bd8b26cf8bcefcae6b757f587d926,b060fe06dcb4298c31bdf3dbccb281438e81f18e,1776934f9c734c06a9f275ecbd5dd046382dc45097ba027fd95ceb0add4eb100,test,casia_b_pose_no_part_masking_seed33_20260918T165919230633Z,33,global,clean_gallery,dynamic_joint,0.3760606050491333,0.18448484667709897,0.161515149846673,0.10109090954065322,0.27496969550848005,0.2688154733129928
casia_b_pose,no_part_masking,tcn,legacy,f42db8930ca8502f07160d7a31564986494bd8b26cf8bcefcae6b757f587d926,b060fe06dcb4298c31bdf3dbccb281438e81f18e,1776934f9c734c06a9f275ecbd5dd046382dc45097ba027fd95ceb0add4eb100,test,casia_b_pose_no_part_masking_seed33_20260918T165919230633Z,33,global,clean_gallery,random_joint,0.3760606050491333,0.17839393956320623,0.15642424263060092,0.10278788059949875,0.2732727244496346,0.27332796687403416
casia_b_pose,no_part_masking,tcn,legacy,f42db8930ca8502f07160d7a31564986494bd8b26cf8bcefcae6b757f587d926,b060fe06dcb4298c31bdf3dbccb281438e81f18e,1776934f9c734c06a9f275ecbd5dd046382dc45097ba027fd95ceb0add4eb100,test,casia_b_pose_no_part_masking_seed33_20260918T165919230633Z,33,global,clean_gallery,temporal,0.3760606050491333,0.17703895952020374,0.15824242271482947,0.127393938601017,0.2486666664481163,0.3387590640725918
casia_b_pose,no_part_masking,tcn,legacy,f42db8930ca8502f07160d7a31564986494bd8b26cf8bcefcae6b757f587d926,b060fe06dcb4298c31bdf3dbccb281438e81f18e,1776934f9c734c06a9f275ecbd5dd046382dc45097ba027fd95ceb0add4eb100,test,casia_b_pose_no_part_masking_seed33_20260918T165919230633Z,33,global,occluded_gallery,body_part,0.3760606050491333,0.18849783348185678,0.16834848262369634,0.08484848588705063,0.29121211916208267,0.22562449974244164
casia_b_pose,no_part_masking,tcn,legacy,f42db8930ca8502f07160d7a31564986494bd8b26cf8bcefcae6b757f587d926,b060fe06dcb4298c31bdf3dbccb281438e81f18e,1776934f9c734c06a9f275ecbd5dd046382dc45097ba027fd95ceb0add4eb100,test,casia_b_pose_no_part_masking_seed33_20260918T165919230633Z,33,global,occluded_gallery,dynamic_joint,0.3760606050491333,0.28002597412892755,0.2578939389437437,0.09999999850988388,0.2760606065392494,0.26591458176486904
casia_b_pose,no_part_masking,tcn,legacy,f42db8930ca8502f07160d7a31564986494bd8b26cf8bcefcae6b757f587d926,b060fe06dcb4298c31bdf3dbccb281438e81f18e,1776934f9c734c06a9f275ecbd5dd046382dc45097ba027fd95ceb0add4eb100,test,casia_b_pose_no_part_masking_seed33_20260918T165919230633Z,33,global,occluded_gallery,random_joint,0.3760606050491333,0.3123419902154378,0.2959242410957813,0.17763636410236358,0.19842424094676972,0.47236100170384754
casia_b_pose,no_part_masking,tcn,legacy,f42db8930ca8502f07160d7a31564986494bd8b26cf8bcefcae6b757f587d926,b060fe06dcb4298c31bdf3dbccb281438e81f18e,1776934f9c734c06a9f275ecbd5dd046382dc45097ba027fd95ceb0add4eb100,test,casia_b_pose_no_part_masking_seed33_20260918T165919230633Z,33,global,occluded_gallery,temporal,0.3760606050491333,0.2990303039550782,0.28421212285757064,0.18557575941085816,0.19048484563827514,0.493473011847684
casia_b_pose,no_part_masking,tcn,legacy,f42db8930ca8502f07160d7a31564986494bd8b26cf8bcefcae6b757f587d926,b060fe06dcb4298c31bdf3dbccb281438e81f18e,1776934f9c734c06a9f275ecbd5dd046382dc45097ba027fd95ceb0add4eb100,test,casia_b_pose_no_part_masking_seed33_20260918T165919230633Z,33,global_parts,clean_gallery,body_part,0.360909104347229,0.10361039202128139,0.07998485006392003,0.01878787949681282,0.3421212248504162,0.052057094904253476
casia_b_pose,no_part_masking,tcn,legacy,f42db8930ca8502f07160d7a31564986494bd8b26cf8bcefcae6b757f587d926,b060fe06dcb4298c31bdf3dbccb281438e81f18e,1776934f9c734c06a9f275ecbd5dd046382dc45097ba027fd95ceb0add4eb100,test,casia_b_pose_no_part_masking_seed33_20260918T165919230633Z,33,global_parts,clean_gallery,dynamic_joint,0.360909104347229,0.26379220762423106,0.24109090752899645,0.11745454519987106,0.24345455914735795,0.32544079322218644
casia_b_pose,no_part_masking,tcn,legacy,f42db8930ca8502f07160d7a31564986494bd8b26cf8bcefcae6b757f587d926,b060fe06dcb4298c31bdf3dbccb281438e81f18e,1776934f9c734c06a9f275ecbd5dd046382dc45097ba027fd95ceb0add4eb100,test,casia_b_pose_no_part_masking_seed33_20260918T165919230633Z,33,global_parts,clean_gallery,random_joint,0.360909104347229,0.2566233807376453,0.23275757916271686,0.09563636332750321,0.2652727410197258,0.26498739481920053
casia_b_pose,no_part_masking,tcn,legacy,f42db8930ca8502f07160d7a31564986494bd8b26cf8bcefcae6b757f587d926,b060fe06dcb4298c31bdf3dbccb281438e81f18e,1776934f9c734c06a9f275ecbd5dd046382dc45097ba027fd95ceb0add4eb100,test,casia_b_pose_no_part_masking_seed33_20260918T165919230633Z,33,global_parts,clean_gallery,temporal,0.360909104347229,0.28571428273405347,0.27428787499666213,0.2324242413043976,0.1284848630428314,0.6439966143962478
casia_b_pose,no_part_masking,tcn,legacy,f42db8930ca8502f07160d7a31564986494bd8b26cf8bcefcae6b757f587d926,b060fe06dcb4298c31bdf3dbccb281438e81f18e,1776934f9c734c06a9f275ecbd5dd046382dc45097ba027fd95ceb0add4eb100,test,casia_b_pose_no_part_masking_seed33_20260918T165919230633Z,33,global_parts,occluded_gallery,body_part,0.360909104347229,0.18505194804498126,0.16622727178037167,0.08484848588705063,0.2760606184601784,0.2350965516387148
casia_b_pose,no_part_masking,tcn,legacy,f42db8930ca8502f07160d7a31564986494bd8b26cf8bcefcae6b757f587d926,b060fe06dcb4298c31bdf3dbccb281438e81f18e,1776934f9c734c06a9f275ecbd5dd046382dc45097ba027fd95ceb0add4eb100,test,casia_b_pose_no_part_masking_seed33_20260918T165919230633Z,33,global_parts,occluded_gallery,dynamic_joint,0.360909104347229,0.3119264078991753,0.2905757576227188,0.11860606074333191,0.2423030436038971,0.32863139032708233
casia_b_pose,no_part_masking,tcn,legacy,f42db8930ca8502f07160d7a31564986494bd8b26cf8bcefcae6b757f587d926,b060fe06dcb4298c31bdf3dbccb281438e81f18e,1776934f9c734c06a9f275ecbd5dd046382dc45097ba027fd95ceb0add4eb100,test,casia_b_pose_no_part_masking_seed33_20260918T165919230633Z,33,global_parts,occluded_gallery,random_joint,0.360909104347229,0.3584761909076146,0.34522727206349374,0.22648485004901886,0.13442425429821014,0.6275398634197901
casia_b_pose,no_part_masking,tcn,legacy,f42db8930ca8502f07160d7a31564986494bd8b26cf8bcefcae6b757f587d926,b060fe06dcb4298c31bdf3dbccb281438e81f18e,1776934f9c734c06a9f275ecbd5dd046382dc45097ba027fd95ceb0add4eb100,test,casia_b_pose_no_part_masking_seed33_20260918T165919230633Z,33,global_parts,occluded_gallery,temporal,0.360909104347229,0.3253030334200178,0.31218182072043416,0.20139394104480743,0.15951516330242158,0.5580184556692348
casia_b_pose,no_part_masking,tcn,legacy,f42db8930ca8502f07160d7a31564986494bd8b26cf8bcefcae6b757f587d926,b060fe06dcb4298c31bdf3dbccb281438e81f18e,1776934f9c734c06a9f275ecbd5dd046382dc45097ba027fd95ceb0add4eb100,test,casia_b_pose_no_part_masking_seed44_20260918T165944217324Z,44,global,clean_gallery,body_part,0.3887878656387329,0.08850649228053434,0.06212121183052659,0.022121211513876915,0.366666654124856,0.05689789591949933
casia_b_pose,no_part_masking,tcn,legacy,f42db8930ca8502f07160d7a31564986494bd8b26cf8bcefcae6b757f587d926,b060fe06dcb4298c31bdf3dbccb281438e81f18e,1776934f9c734c06a9f275ecbd5dd046382dc45097ba027fd95ceb0add4eb100,test,casia_b_pose_no_part_masking_seed44_20260918T165944217324Z,44,global,clean_gallery,dynamic_joint,0.3887878656387329,0.18275757474558696,0.15653030313551425,0.0668484851717949,0.32193938046693804,0.1719407704815341
casia_b_pose,no_part_masking,tcn,legacy,f42db8930ca8502f07160d7a31564986494bd8b26cf8bcefcae6b757f587d926,b060fe06dcb4298c31bdf3dbccb281438e81f18e,1776934f9c734c06a9f275ecbd5dd046382dc45097ba027fd95ceb0add4eb100,test,casia_b_pose_no_part_masking_seed44_20260918T165944217324Z,44,global,clean_gallery,random_joint,0.3887878656387329,0.16507792100310323,0.14016666654497387,0.044424242526292804,0.3443636231124401,0.11426344917763567
casia_b_pose,no_part_masking,tcn,legacy,f42db8930ca8502f07160d7a31564986494bd8b26cf8bcefcae6b757f587d926,b060fe06dcb4298c31bdf3dbccb281438e81f18e,1776934f9c734c06a9f275ecbd5dd046382dc45097ba027fd95ceb0add4eb100,test,casia_b_pose_no_part_masking_seed44_20260918T165944217324Z,44,global,clean_gallery,temporal,0.3887878656387329,0.19568398318120406,0.1776515170931816,0.1464848518371582,0.2423030138015747,0.3767732092062615
casia_b_pose,no_part_masking,tcn,legacy,f42db8930ca8502f07160d7a31564986494bd8b26cf8bcefcae6b757f587d926,b060fe06dcb4298c31bdf3dbccb281438e81f18e,1776934f9c734c06a9f275ecbd5dd046382dc45097ba027fd95ceb0add4eb100,test,casia_b_pose_no_part_masking_seed44_20260918T165944217324Z,44,global,occluded_gallery,body_part,0.3887878656387329,0.19415584270443234,0.17354545406997204,0.08878787606954575,0.29999998956918716,0.2283710061878543
casia_b_pose,no_part_masking,tcn,legacy,f42db8930ca8502f07160d7a31564986494bd8b26cf8bcefcae6b757f587d926,b060fe06dcb4298c31bdf3dbccb281438e81f18e,1776934f9c734c06a9f275ecbd5dd046382dc45097ba027fd95ceb0add4eb100,test,casia_b_pose_no_part_masking_seed44_20260918T165944217324Z,44,global,occluded_gallery,dynamic_joint,0.3887878656387329,0.29381385168858937,0.27063636370003225,0.10521212071180344,0.2835757449269295,0.27061575221477724
casia_b_pose,no_part_masking,tcn,legacy,f42db8930ca8502f07160d7a31564986494bd8b26cf8bcefcae6b757f587d926,b060fe06dcb4298c31bdf3dbccb281438e81f18e,1776934f9c734c06a9f275ecbd5dd046382dc45097ba027fd95ceb0add4eb100,test,casia_b_pose_no_part_masking_seed44_20260918T165944217324Z,44,global,occluded_gallery,random_joint,0.3887878656387329,0.32536363899707793,0.307742428034544,0.18187879025936127,0.20690907537937164,0.46780984267746045
casia_b_pose,no_part_masking,tcn,legacy,f42db8930ca8502f07160d7a31564986494bd8b26cf8bcefcae6b757f587d926,b060fe06dcb4298c31bdf3dbccb281438e81f18e,1776934f9c734c06a9f275ecbd5dd046382dc45097ba027fd95ceb0add4eb100,test,casia_b_pose_no_part_masking_seed44_20260918T165944217324Z,44,global,occluded_gallery,temporal,0.3887878656387329,0.32132034174033575,0.306363632529974,0.20399999916553496,0.18478786647319795,0.5247077318896948
casia_b_pose,no_part_masking,tcn,legacy,f42db8930ca8502f07160d7a31564986494bd8b26cf8bcefcae6b757f587d926,b060fe06dcb4298c31bdf3dbccb281438e81f18e,1776934f9c734c06a9f275ecbd5dd046382dc45097ba027fd95ceb0add4eb100,test,casia_b_pose_no_part_masking_seed44_20260918T165944217324Z,44,global_parts,clean_gallery,body_part,0.42575758695602417,0.12029437385499478,0.09101515235379339,0.0245454553514719,0.40121213160455227,0.05765124592837182
casia_b_pose,no_part_masking,tcn,legacy,f42db8930ca8502f07160d7a31564986494bd8b26cf8bcefcae6b757f587d926,b060fe06dcb4298c31bdf3dbccb281438e81f18e,1776934f9c734c06a9f275ecbd5dd046382dc45097ba027fd95ceb0add4eb100,test,casia_b_pose_no_part_masking_seed44_20260918T165944217324Z,44,global_parts,clean_gallery,dynamic_joint,0.42575758695602417,0.22362337367875237,0.1955151475965977,0.08109090924263,0.34466667771339415,0.19046262879868717
casia_b_pose,no_part_masking,tcn,legacy,f42db8930ca8502f07160d7a31564986494bd8b26cf8bcefcae6b757f587d926,b060fe06dcb4298c31bdf3dbccb281438e81f18e,1776934f9c734c06a9f275ecbd5dd046382dc45097ba027fd95ceb0add4eb100,test,casia_b_pose_no_part_masking_seed44_20260918T165944217324Z,44,global_parts,clean_gallery,random_joint,0.42575758695602417,0.19109523988195828,0.16454545538872478,0.05151515081524849,0.3742424361407757,0.1209964364547411
casia_b_pose,no_part_masking,tcn,legacy,f42db8930ca8502f07160d7a31564986494bd8b26cf8bcefcae6b757f587d926,b060fe06dcb4298c31bdf3dbccb281438e81f18e,1776934f9c734c06a9f275ecbd5dd046382dc45097ba027fd95ceb0add4eb100,test,casia_b_pose_no_part_masking_seed44_20260918T165944217324Z,44,global_parts,clean_gallery,temporal,0.42575758695602417,0.27825541283403127,0.2633333332836628,0.24163636267185212,0.18412122428417205,0.5675444667925797
casia_b_pose,no_part_masking,tcn,legacy,f42db8930ca8502f07160d7a31564986494bd8b26cf8bcefcae6b757f587d926,b060fe06dcb4298c31bdf3dbccb281438e81f18e,1776934f9c734c06a9f275ecbd5dd046382dc45097ba027fd95ceb0add4eb100,test,casia_b_pose_no_part_masking_seed44_20260918T165944217324Z,44,global_parts,occluded_gallery,body_part,0.42575758695602417,0.19899999946355817,0.1765454526990652,0.08878787606954575,0.3369697108864784,0.20854091339707942
casia_b_pose,no_part_masking,tcn,legacy,f42db8930ca8502f07160d7a31564986494bd8b26cf8bcefcae6b757f587d926,b060fe06dcb4298c31bdf3dbccb281438e81f18e,1776934f9c734c06a9f275ecbd5dd046382dc45097ba027fd95ceb0add4eb100,test,casia_b_pose_no_part_masking_seed44_20260918T165944217324Z,44,global_parts,occluded_gallery,dynamic_joint,0.42575758695602417,0.33812121259314676,0.3122878778725863,0.12127272635698319,0.304484860599041,0.2848398480084144
casia_b_pose,no_part_masking,tcn,legacy,f42db8930ca8502f07160d7a31564986494bd8b26cf8bcefcae6b757f587d926,b060fe06dcb4298c31bdf3dbccb281438e81f18e,1776934f9c734c06a9f275ecbd5dd046382dc45097ba027fd95ceb0add4eb100,test,casia_b_pose_no_part_masking_seed44_20260918T165944217324Z,44,global_parts,occluded_gallery,random_joint,0.42575758695602417,0.36197402775287635,0.3437727279961109,0.20866666734218597,0.2170909196138382,0.49010675026147876
casia_b_pose,no_part_masking,tcn,legacy,f42db8930ca8502f07160d7a31564986494bd8b26cf8bcefcae6b757f587d926,b060fe06dcb4298c31bdf3dbccb281438e81f18e,1776934f9c734c06a9f275ecbd5dd046382dc45097ba027fd95ceb0add4eb100,test,casia_b_pose_no_part_masking_seed44_20260918T165944217324Z,44,global_parts,occluded_gallery,temporal,0.42575758695602417,0.35900865580354413,0.34303029999136925,0.2258181780576706,0.19993940889835357,0.530391436291645
casia_b_pose,no_part_masking,tcn,legacy,f42db8930ca8502f07160d7a31564986494bd8b26cf8bcefcae6b757f587d926,b060fe06dcb4298c31bdf3dbccb281438e81f18e,1776934f9c734c06a9f275ecbd5dd046382dc45097ba027fd95ceb0add4eb100,test,casia_b_pose_no_part_masking_seed55_20260918T173156545076Z,55,global,clean_gallery,body_part,0.39242425560951233,0.09619913574840343,0.07021212177351117,0.02606060542166233,0.36636365018785,0.06640926254975006
casia_b_pose,no_part_masking,tcn,legacy,f42db8930ca8502f07160d7a31564986494bd8b26cf8bcefcae6b757f587d926,b060fe06dcb4298c31bdf3dbccb281438e81f18e,1776934f9c734c06a9f275ecbd5dd046382dc45097ba027fd95ceb0add4eb100,test,casia_b_pose_no_part_masking_seed55_20260918T173156545076Z,55,global,clean_gallery,dynamic_joint,0.39242425560951233,0.1969264081546239,0.17233333364129066,0.08333333432674409,0.30909092128276827,0.2123552077516487
casia_b_pose,no_part_masking,tcn,legacy,f42db8930ca8502f07160d7a31564986494bd8b26cf8bcefcae6b757f587d926,b060fe06dcb4298c31bdf3dbccb281438e81f18e,1776934f9c734c06a9f275ecbd5dd046382dc45097ba027fd95ceb0add4eb100,test,casia_b_pose_no_part_masking_seed55_20260918T173156545076Z,55,global,clean_gallery,random_joint,0.39242425560951233,0.17263203444225447,0.1488484838977456,0.060545454174280165,0.3318788014352322,0.1542857081559373
casia_b_pose,no_part_masking,tcn,legacy,f42db8930ca8502f07160d7a31564986494bd8b26cf8bcefcae6b757f587d926,b060fe06dcb4298c31bdf3dbccb281438e81f18e,1776934f9c734c06a9f275ecbd5dd046382dc45097ba027fd95ceb0add4eb100,test,casia_b_pose_no_part_masking_seed55_20260918T173156545076Z,55,global,clean_gallery,temporal,0.39242425560951233,0.22733766351427354,0.20892424285411834,0.16387878954410554,0.2285454660654068,0.4176061678184735
casia_b_pose,no_part_masking,tcn,legacy,f42db8930ca8502f07160d7a31564986494bd8b26cf8bcefcae6b757f587d926,b060fe06dcb4298c31bdf3dbccb281438e81f18e,1776934f9c734c06a9f275ecbd5dd046382dc45097ba027fd95ceb0add4eb100,test,casia_b_pose_no_part_masking_seed55_20260918T173156545076Z,55,global,occluded_gallery,body_part,0.39242425560951233,0.19598701553685324,0.17393939569592476,0.07818181812763214,0.3142424374818802,0.19922779239575888
casia_b_pose,no_part_masking,tcn,legacy,f42db8930ca8502f07160d7a31564986494bd8b26cf8bcefcae6b757f587d926,b060fe06dcb4298c31bdf3dbccb281438e81f18e,1776934f9c734c06a9f275ecbd5dd046382dc45097ba027fd95ceb0add4eb100,test,casia_b_pose_no_part_masking_seed55_20260918T173156545076Z,55,global,occluded_gallery,dynamic_joint,0.39242425560951233,0.30163203520434245,0.27937878742814065,0.1162424236536026,0.27618183195590973,0.29621620476301896
casia_b_pose,no_part_masking,tcn,legacy,f42db8930ca8502f07160d7a31564986494bd8b26cf8bcefcae6b757f587d926,b060fe06dcb4298c31bdf3dbccb281438e81f18e,1776934f9c734c06a9f275ecbd5dd046382dc45097ba027fd95ceb0add4eb100,test,casia_b_pose_no_part_masking_seed55_20260918T173156545076Z,55,global,occluded_gallery,random_joint,0.39242425560951233,0.3322640687227249,0.31448484733700754,0.1820000022649765,0.21042425334453582,0.463783773972622
casia_b_pose,no_part_masking,tcn,legacy,f42db8930ca8502f07160d7a31564986494bd8b26cf8bcefcae6b757f587d926,b060fe06dcb4298c31bdf3dbccb281438e81f18e,1776934f9c734c06a9f275ecbd5dd046382dc45097ba027fd95ceb0add4eb100,test,casia_b_pose_no_part_masking_seed55_20260918T173156545076Z,55,global,occluded_gallery,temporal,0.39242425560951233,0.33050216691834583,0.3169090926647186,0.21642424464225768,0.17600001096725465,0.551505778627542
casia_b_pose,no_part_masking,tcn,legacy,f42db8930ca8502f07160d7a31564986494bd8b26cf8bcefcae6b757f587d926,b060fe06dcb4298c31bdf3dbccb281438e81f18e,1776934f9c734c06a9f275ecbd5dd046382dc45097ba027fd95ceb0add4eb100,test,casia_b_pose_no_part_masking_seed55_20260918T173156545076Z,55,global_parts,clean_gallery,body_part,0.4245454668998718,0.12000865904348237,0.09156060609966518,0.019696969538927078,0.40484849736094475,0.046395430112018056
casia_b_pose,no_part_masking,tcn,legacy,f42db8930ca8502f07160d7a31564986494bd8b26cf8bcefcae6b757f587d926,b060fe06dcb4298c31bdf3dbccb281438e81f18e,1776934f9c734c06a9f275ecbd5dd046382dc45097ba027fd95ceb0add4eb100,test,casia_b_pose_no_part_masking_seed55_20260918T173156545076Z,55,global_parts,clean_gallery,dynamic_joint,0.4245454668998718,0.28571428975888663,0.26004545725882056,0.12090909034013748,0.30363637655973436,0.2847965642479788
casia_b_pose,no_part_masking,tcn,legacy,f42db8930ca8502f07160d7a31564986494bd8b26cf8bcefcae6b757f587d926,b060fe06dcb4298c31bdf3dbccb281438e81f18e,1776934f9c734c06a9f275ecbd5dd046382dc45097ba027fd95ceb0add4eb100,test,casia_b_pose_no_part_masking_seed55_20260918T173156545076Z,55,global_parts,clean_gallery,random_joint,0.4245454668998718,0.25863636412790847,0.23384848423302174,0.09818181842565536,0.32636364847421645,0.23126337714215034
casia_b_pose,no_part_masking,tcn,legacy,f42db8930ca8502f07160d7a31564986494bd8b26cf8bcefcae6b757f587d926,b060fe06dcb4298c31bdf3dbccb281438e81f18e,1776934f9c734c06a9f275ecbd5dd046382dc45097ba027fd95ceb0add4eb100,test,casia_b_pose_no_part_masking_seed55_20260918T173156545076Z,55,global_parts,clean_gallery,temporal,0.4245454668998718,0.334251087478229,0.32089394330978394,0.2700606048107147,0.15448486208915713,0.6361170377881056
casia_b_pose,no_part_masking,tcn,legacy,f42db8930ca8502f07160d7a31564986494bd8b26cf8bcefcae6b757f587d926,b060fe06dcb4298c31bdf3dbccb281438e81f18e,1776934f9c734c06a9f275ecbd5dd046382dc45097ba027fd95ceb0add4eb100,test,casia_b_pose_no_part_masking_seed55_20260918T173156545076Z,55,global_parts,occluded_gallery,body_part,0.4245454668998718,0.19767099618911743,0.17416666597127917,0.07818181812763214,0.3463636487722397,0.18415417010228297
casia_b_pose,no_part_masking,tcn,legacy,f42db8930ca8502f07160d7a31564986494bd8b26cf8bcefcae6b757f587d926,b060fe06dcb4298c31bdf3dbccb281438e81f18e,1776934f9c734c06a9f275ecbd5dd046382dc45097ba027fd95ceb0add4eb100,test,casia_b_pose_no_part_masking_seed55_20260918T173156545076Z,55,global_parts,occluded_gallery,dynamic_joint,0.4245454668998718,0.35035497673920224,0.3247727245092392,0.1321818172931671,0.2923636496067047,0.3113490252490245
casia_b_pose,no_part_masking,tcn,legacy,f42db8930ca8502f07160d7a31564986494bd8b26cf8bcefcae6b757f587d926,b060fe06dcb4298c31bdf3dbccb281438e81f18e,1776934f9c734c06a9f275ecbd5dd046382dc45097ba027fd95ceb0add4eb100,test,casia_b_pose_no_part_masking_seed55_20260918T173156545076Z,55,global_parts,occluded_gallery,random_joint,0.4245454668998718,0.3812554116759982,0.36342424228787423,0.22490909397602082,0.199636372923851,0.5297644457691623
casia_b_pose,no_part_masking,tcn,legacy,f42db8930ca8502f07160d7a31564986494bd8b26cf8bcefcae6b757f587d926,b060fe06dcb4298c31bdf3dbccb281438e81f18e,1776934f9c734c06a9f275ecbd5dd046382dc45097ba027fd95ceb0add4eb100,test,casia_b_pose_no_part_masking_seed55_20260918T173156545076Z,55,global_parts,occluded_gallery,temporal,0.4245454668998718,0.366731601527759,0.3520454533398152,0.24030303061008454,0.1842424362897873,0.5660242526314844
casia_b_pose,no_part,tcn,legacy,e423cbffc13c4a0adb687002270ae11d91c0cfba3e073350adc281a17e00876a,b060fe06dcb4298c31bdf3dbccb281438e81f18e,1776934f9c734c06a9f275ecbd5dd046382dc45097ba027fd95ceb0add4eb100,test,casia_b_pose_no_part_seed11_20260918T183651837707Z,11,global,clean_gallery,body_part,0.3799999952316284,0.10113419954265868,0.07584848571568728,0.023030303418636322,0.3569696918129921,0.060606062388496175
casia_b_pose,no_part,tcn,legacy,e423cbffc13c4a0adb687002270ae11d91c0cfba3e073350adc281a17e00876a,b060fe06dcb4298c31bdf3dbccb281438e81f18e,1776934f9c734c06a9f275ecbd5dd046382dc45097ba027fd95ceb0add4eb100,test,casia_b_pose_no_part_seed11_20260918T183651837707Z,11,global,clean_gallery,dynamic_joint,0.3799999952316284,0.18567532492535455,0.16177272759377959,0.0736363634467125,0.30636363178491594,0.19377990623875552
casia_b_pose,no_part,tcn,legacy,e423cbffc13c4a0adb687002270ae11d91c0cfba3e073350adc281a17e00876a,b060fe06dcb4298c31bdf3dbccb281438e81f18e,1776934f9c734c06a9f275ecbd5dd046382dc45097ba027fd95ceb0add4eb100,test,casia_b_pose_no_part_seed11_20260918T183651837707Z,11,global,clean_gallery,random_joint,0.3799999952316284,0.1815064928361348,0.1571969695389271,0.062303030490875246,0.31769696474075315,0.16395534545440857
casia_b_pose,no_part,tcn,legacy,e423cbffc13c4a0adb687002270ae11d91c0cfba3e073350adc281a17e00876a,b060fe06dcb4298c31bdf3dbccb281438e81f18e,1776934f9c734c06a9f275ecbd5dd046382dc45097ba027fd95ceb0add4eb100,test,casia_b_pose_no_part_seed11_20260918T183651837707Z,11,global,clean_gallery,temporal,0.3799999952316284,0.20821212019239152,0.18966666609048843,0.1390909105539322,0.24090908467769623,0.36602871657708713
casia_b_pose,no_part,tcn,legacy,e423cbffc13c4a0adb687002270ae11d91c0cfba3e073350adc281a17e00876a,b060fe06dcb4298c31bdf3dbccb281438e81f18e,1776934f9c734c06a9f275ecbd5dd046382dc45097ba027fd95ceb0add4eb100,test,casia_b_pose_no_part_seed11_20260918T183651837707Z,11,global,occluded_gallery,body_part,0.3799999952316284,0.20393073707818987,0.1846515167504549,0.10181818157434464,0.2781818136572838,0.267942586452617
casia_b_pose,no_part,tcn,legacy,e423cbffc13c4a0adb687002270ae11d91c0cfba3e073350adc281a17e00876a,b060fe06dcb4298c31bdf3dbccb281438e81f18e,1776934f9c734c06a9f275ecbd5dd046382dc45097ba027fd95ceb0add4eb100,test,casia_b_pose_no_part_seed11_20260918T183651837707Z,11,global,occluded_gallery,dynamic_joint,0.3799999952316284,0.29416450432368685,0.27245454788208007,0.11575757563114167,0.2642424196004868,0.30462520285186273
casia_b_pose,no_part,tcn,legacy,e423cbffc13c4a0adb687002270ae11d91c0cfba3e073350adc281a17e00876a,b060fe06dcb4298c31bdf3dbccb281438e81f18e,1776934f9c734c06a9f275ecbd5dd046382dc45097ba027fd95ceb0add4eb100,test,casia_b_pose_no_part_seed11_20260918T183651837707Z,11,global,occluded_gallery,random_joint,0.3799999952316284,0.32126839416367664,0.3044090874493122,0.18351515233516694,0.19648484289646148,0.48293461746836486
casia_b_pose,no_part,tcn,legacy,e423cbffc13c4a0adb687002270ae11d91c0cfba3e073350adc281a17e00876a,b060fe06dcb4298c31bdf3dbccb281438e81f18e,1776934f9c734c06a9f275ecbd5dd046382dc45097ba027fd95ceb0add4eb100,test,casia_b_pose_no_part_seed11_20260918T183651837707Z,11,global,occluded_gallery,temporal,0.3799999952316284,0.3081601726157325,0.2935303024947643,0.19072727262973785,0.18927272260189057,0.5019138816396046
casia_b_pose,no_part,tcn,legacy,e423cbffc13c4a0adb687002270ae11d91c0cfba3e073350adc281a17e00876a,b060fe06dcb4298c31bdf3dbccb281438e81f18e,1776934f9c734c06a9f275ecbd5dd046382dc45097ba027fd95ceb0add4eb100,test,casia_b_pose_no_part_seed11_20260918T183651837707Z,11,global_parts,clean_gallery,body_part,0.36666667461395264,0.10913420032177654,0.08477272782474755,0.019999999552965164,0.3466666750609875,0.05454545214402779
casia_b_pose,no_part,tcn,legacy,e423cbffc13c4a0adb687002270ae11d91c0cfba3e073350adc281a17e00876a,b060fe06dcb4298c31bdf3dbccb281438e81f18e,1776934f9c734c06a9f275ecbd5dd046382dc45097ba027fd95ceb0add4eb100,test,casia_b_pose_no_part_seed11_20260918T183651837707Z,11,global_parts,clean_gallery,dynamic_joint,0.36666667461395264,0.21014285790068762,0.18759090937674044,0.09018181711435318,0.27648485749959945,0.24595040498104084
casia_b_pose,no_part,tcn,legacy,e423cbffc13c4a0adb687002270ae11d91c0cfba3e073350adc281a17e00876a,b060fe06dcb4298c31bdf3dbccb281438e81f18e,1776934f9c734c06a9f275ecbd5dd046382dc45097ba027fd95ceb0add4eb100,test,casia_b_pose_no_part_seed11_20260918T183651837707Z,11,global_parts,clean_gallery,random_joint,0.36666667461395264,0.19845887465136394,0.17531818151474,0.07006060779094696,0.29660606682300567,0.19107438074297511
casia_b_pose,no_part,tcn,legacy,e423cbffc13c4a0adb687002270ae11d91c0cfba3e073350adc281a17e00876a,b060fe06dcb4298c31bdf3dbccb281438e81f18e,1776934f9c734c06a9f275ecbd5dd046382dc45097ba027fd95ceb0add4eb100,test,casia_b_pose_no_part_seed11_20260918T183651837707Z,11,global_parts,clean_gallery,temporal,0.36666667461395264,0.2418917773025376,0.22742424383759502,0.18739393651485442,0.17927273809909822,0.5110743612360009
casia_b_pose,no_part,tcn,legacy,e423cbffc13c4a0adb687002270ae11d91c0cfba3e073350adc281a17e00876a,b060fe06dcb4298c31bdf3dbccb281438e81f18e,1776934f9c734c06a9f275ecbd5dd046382dc45097ba027fd95ceb0add4eb100,test,casia_b_pose_no_part_seed11_20260918T183651837707Z,11,global_parts,occluded_gallery,body_part,0.36666667461395264,0.19454545655420846,0.17712121345102788,0.10181818157434464,0.264848493039608,0.2776859437295319
casia_b_pose,no_part,tcn,legacy,e423cbffc13c4a0adb687002270ae11d91c0cfba3e073350adc281a17e00876a,b060fe06dcb4298c31bdf3dbccb281438e81f18e,1776934f9c734c06a9f275ecbd5dd046382dc45097ba027fd95ceb0add4eb100,test,casia_b_pose_no_part_seed11_20260918T183651837707Z,11,global_parts,occluded_gallery,dynamic_joint,0.36666667461395264,0.31051082142761777,0.2907121196389198,0.1324848473072052,0.23418182730674744,0.36132230300638235
casia_b_pose,no_part,tcn,legacy,e423cbffc13c4a0adb687002270ae11d91c0cfba3e073350adc281a17e00876a,b060fe06dcb4298c31bdf3dbccb281438e81f18e,1776934f9c734c06a9f275ecbd5dd046382dc45097ba027fd95ceb0add4eb100,test,casia_b_pose_no_part_seed11_20260918T183651837707Z,11,global_parts,occluded_gallery,random_joint,0.36666667461395264,0.33917316240923745,0.32616666853427884,0.21872727274894715,0.14793940186500548,0.5965289127495308
casia_b_pose,no_part,tcn,legacy,e423cbffc13c4a0adb687002270ae11d91c0cfba3e073350adc281a17e00876a,b060fe06dcb4298c31bdf3dbccb281438e81f18e,1776934f9c734c06a9f275ecbd5dd046382dc45097ba027fd95ceb0add4eb100,test,casia_b_pose_no_part_seed11_20260918T183651837707Z,11,global_parts,occluded_gallery,temporal,0.36666667461395264,0.31864069231918885,0.30530302971601486,0.1981818199157715,0.16848485469818114,0.5404958607826263
casia_b_pose,no_part,tcn,legacy,e423cbffc13c4a0adb687002270ae11d91c0cfba3e073350adc281a17e00876a,b060fe06dcb4298c31bdf3dbccb281438e81f18e,1776934f9c734c06a9f275ecbd5dd046382dc45097ba027fd95ceb0add4eb100,test,casia_b_pose_no_part_seed22_20260918T184342806909Z,22,global,clean_gallery,body_part,0.3778787851333618,0.1042640703597239,0.07900000149384141,0.024848485365509987,0.35303029976785183,0.06575782061102055
casia_b_pose,no_part,tcn,legacy,e423cbffc13c4a0adb687002270ae11d91c0cfba3e073350adc281a17e00876a,b060fe06dcb4298c31bdf3dbccb281438e81f18e,1776934f9c734c06a9f275ecbd5dd046382dc45097ba027fd95ceb0add4eb100,test,casia_b_pose_no_part_seed22_20260918T184342806909Z,22,global,clean_gallery,dynamic_joint,0.3778787851333618,0.20080952282462802,0.17193939313292503,0.0530303031206131,0.32484848201274874,0.14033680959860587
casia_b_pose,no_part,tcn,legacy,e423cbffc13c4a0adb687002270ae11d91c0cfba3e073350adc281a17e00876a,b060fe06dcb4298c31bdf3dbccb281438e81f18e,1776934f9c734c06a9f275ecbd5dd046382dc45097ba027fd95ceb0add4eb100,test,casia_b_pose_no_part_seed22_20260918T184342806909Z,22,global,clean_gallery,random_joint,0.3778787851333618,0.17104329120899953,0.14719697115942834,0.03115151487290859,0.34672727026045325,0.08243785070367084
casia_b_pose,no_part,tcn,legacy,e423cbffc13c4a0adb687002270ae11d91c0cfba3e073350adc281a17e00876a,b060fe06dcb4298c31bdf3dbccb281438e81f18e,1776934f9c734c06a9f275ecbd5dd046382dc45097ba027fd95ceb0add4eb100,test,casia_b_pose_no_part_seed22_20260918T184342806909Z,22,global,clean_gallery,temporal,0.3778787851333618,0.20297402718237467,0.186075758934021,0.15515151619911194,0.22272726893424988,0.4105854107272932
casia_b_pose,no_part,tcn,legacy,e423cbffc13c4a0adb687002270ae11d91c0cfba3e073350adc281a17e00876a,b060fe06dcb4298c31bdf3dbccb281438e81f18e,1776934f9c734c06a9f275ecbd5dd046382dc45097ba027fd95ceb0add4eb100,test,casia_b_pose_no_part_seed22_20260918T184342806909Z,22,global,occluded_gallery,body_part,0.3778787851333618,0.20610389475311552,0.18509090803563594,0.08575757592916489,0.29212120920419693,0.2269446693042033
casia_b_pose,no_part,tcn,legacy,e423cbffc13c4a0adb687002270ae11d91c0cfba3e073350adc281a17e00876a,b060fe06dcb4298c31bdf3dbccb281438e81f18e,1776934f9c734c06a9f275ecbd5dd046382dc45097ba027fd95ceb0add4eb100,test,casia_b_pose_no_part_seed22_20260918T184342806909Z,22,global,occluded_gallery,dynamic_joint,0.3778787851333618,0.30396103922809875,0.28254545517265794,0.11927272826433181,0.25860605686903,0.31563753498952796
casia_b_pose,no_part,tcn,legacy,e423cbffc13c4a0adb687002270ae11d91c0cfba3e073350adc281a17e00876a,b060fe06dcb4298c31bdf3dbccb281438e81f18e,1776934f9c734c06a9f275ecbd5dd046382dc45097ba027fd95ceb0add4eb100,test,casia_b_pose_no_part_seed22_20260918T184342806909Z,22,global,occluded_gallery,random_joint,0.3778787851333618,0.3236017325094768,0.3066515162587166,0.17490909099578858,0.20296969413757324,0.4628708937286841
casia_b_pose,no_part,tcn,legacy,e423cbffc13c4a0adb687002270ae11d91c0cfba3e073350adc281a17e00876a,b060fe06dcb4298c31bdf3dbccb281438e81f18e,1776934f9c734c06a9f275ecbd5dd046382dc45097ba027fd95ceb0add4eb100,test,casia_b_pose_no_part_seed22_20260918T184342806909Z,22,global,occluded_gallery,temporal,0.3778787851333618,0.31040692712579454,0.2960303038358688,0.19309090971946716,0.18478787541389466,0.5109863726573618
casia_b_pose,no_part,tcn,legacy,e423cbffc13c4a0adb687002270ae11d91c0cfba3e073350adc281a17e00876a,b060fe06dcb4298c31bdf3dbccb281438e81f18e,1776934f9c734c06a9f275ecbd5dd046382dc45097ba027fd95ceb0add4eb100,test,casia_b_pose_no_part_seed22_20260918T184342806909Z,22,global_parts,clean_gallery,body_part,0.3636363744735718,0.11135930860681194,0.08654545499011874,0.021515151485800743,0.34212122298777103,0.05916666482264803
casia_b_pose,no_part,tcn,legacy,e423cbffc13c4a0adb687002270ae11d91c0cfba3e073350adc281a17e00876a,b060fe06dcb4298c31bdf3dbccb281438e81f18e,1776934f9c734c06a9f275ecbd5dd046382dc45097ba027fd95ceb0add4eb100,test,casia_b_pose_no_part_seed22_20260918T184342806909Z,22,global_parts,clean_gallery,dynamic_joint,0.3636363744735718,0.2202034605400903,0.1934090878814459,0.06909091025590897,0.2945454642176628,0.18999999754130847
casia_b_pose,no_part,tcn,legacy,e423cbffc13c4a0adb687002270ae11d91c0cfba3e073350adc281a17e00876a,b060fe06dcb4298c31bdf3dbccb281438e81f18e,1776934f9c734c06a9f275ecbd5dd046382dc45097ba027fd95ceb0add4eb100,test,casia_b_pose_no_part_seed22_20260918T184342806909Z,22,global_parts,clean_gallery,random_joint,0.3636363744735718,0.19484848486525674,0.17125757560133936,0.038848485052585605,0.3247878894209862,0.10683333071072905
casia_b_pose,no_part,tcn,legacy,e423cbffc13c4a0adb687002270ae11d91c0cfba3e073350adc281a17e00876a,b060fe06dcb4298c31bdf3dbccb281438e81f18e,1776934f9c734c06a9f275ecbd5dd046382dc45097ba027fd95ceb0add4eb100,test,casia_b_pose_no_part_seed22_20260918T184342806909Z,22,global_parts,clean_gallery,temporal,0.3636363744735718,0.23581385335751942,0.22198484763503076,0.18915151059627533,0.17448486387729645,0.5201666386375833
casia_b_pose,no_part,tcn,legacy,e423cbffc13c4a0adb687002270ae11d91c0cfba3e073350adc281a17e00876a,b060fe06dcb4298c31bdf3dbccb281438e81f18e,1776934f9c734c06a9f275ecbd5dd046382dc45097ba027fd95ceb0add4eb100,test,casia_b_pose_no_part_seed22_20260918T184342806909Z,22,global_parts,occluded_gallery,body_part,0.3636363744735718,0.19428138541323797,0.17522727213799955,0.08575757592916489,0.2778787985444069,0.23583332677682262
casia_b_pose,no_part,tcn,legacy,e423cbffc13c4a0adb687002270ae11d91c0cfba3e073350adc281a17e00876a,b060fe06dcb4298c31bdf3dbccb281438e81f18e,1776934f9c734c06a9f275ecbd5dd046382dc45097ba027fd95ceb0add4eb100,test,casia_b_pose_no_part_seed22_20260918T184342806909Z,22,global_parts,occluded_gallery,dynamic_joint,0.3636363744735718,0.3072597418512617,0.28612121269106866,0.11527272760868072,0.24836364686489104,0.31699999147653607
casia_b_pose,no_part,tcn,legacy,e423cbffc13c4a0adb687002270ae11d91c0cfba3e073350adc281a17e00876a,b060fe06dcb4298c31bdf3dbccb281438e81f18e,1776934f9c734c06a9f275ecbd5dd046382dc45097ba027fd95ceb0add4eb100,test,casia_b_pose_no_part_seed22_20260918T184342806909Z,22,global_parts,occluded_gallery,random_joint,0.3636363744735718,0.31915584802627567,0.30257576033473016,0.16539393961429597,0.1982424348592758,0.45483332038422464
casia_b_pose,no_part,tcn,legacy,e423cbffc13c4a0adb687002270ae11d91c0cfba3e073350adc281a17e00876a,b060fe06dcb4298c31bdf3dbccb281438e81f18e,1776934f9c734c06a9f275ecbd5dd046382dc45097ba027fd95ceb0add4eb100,test,casia_b_pose_no_part_seed22_20260918T184342806909Z,22,global_parts,occluded_gallery,temporal,0.3636363744735718,0.3147575778620583,0.3015454553067684,0.1951515108346939,0.16848486363887788,0.536666638801496
casia_b_pose,no_part,tcn,legacy,e423cbffc13c4a0adb687002270ae11d91c0cfba3e073350adc281a17e00876a,b060fe06dcb4298c31bdf3dbccb281438e81f18e,1776934f9c734c06a9f275ecbd5dd046382dc45097ba027fd95ceb0add4eb100,test,casia_b_pose_no_part_seed33_20260918T184410243258Z,33,global,clean_gallery,body_part,0.3421212136745453,0.08383549813713347,0.0613636365160346,0.023636363446712494,0.3184848502278328,0.06908768735164551
casia_b_pose,no_part,tcn,legacy,e423cbffc13c4a0adb687002270ae11d91c0cfba3e073350adc281a17e00876a,b060fe06dcb4298c31bdf3dbccb281438e81f18e,1776934f9c734c06a9f275ecbd5dd046382dc45097ba027fd95ceb0add4eb100,test,casia_b_pose_no_part_seed33_20260918T184410243258Z,33,global,clean_gallery,dynamic_joint,0.3421212136745453,0.1316839828022889,0.1111212121322751,0.06115151420235634,0.28096969947218897,0.17874224619268667
casia_b_pose,no_part,tcn,legacy,e423cbffc13c4a0adb687002270ae11d91c0cfba3e073350adc281a17e00876a,b060fe06dcb4298c31bdf3dbccb281438e81f18e,1776934f9c734c06a9f275ecbd5dd046382dc45097ba027fd95ceb0add4eb100,test,casia_b_pose_no_part_seed33_20260918T184410243258Z,33,global,clean_gallery,random_joint,0.3421212136745453,0.11733766262020383,0.096636363863945,0.04975757598876953,0.2923636376857758,0.1454384411137485
casia_b_pose,no_part,tcn,legacy,e423cbffc13c4a0adb687002270ae11d91c0cfba3e073350adc281a17e00876a,b060fe06dcb4298c31bdf3dbccb281438e81f18e,1776934f9c734c06a9f275ecbd5dd046382dc45097ba027fd95ceb0add4eb100,test,casia_b_pose_no_part_seed33_20260918T184410243258Z,33,global,clean_gallery,temporal,0.3421212136745453,0.15768831244536813,0.13992424309253693,0.10921212136745453,0.23290909230709075,0.3192205481632202
casia_b_pose,no_part,tcn,legacy,e423cbffc13c4a0adb687002270ae11d91c0cfba3e073350adc281a17e00876a,b060fe06dcb4298c31bdf3dbccb281438e81f18e,1776934f9c734c06a9f275ecbd5dd046382dc45097ba027fd95ceb0add4eb100,test,casia_b_pose_no_part_seed33_20260918T184410243258Z,33,global,occluded_gallery,body_part,0.3421212136745453,0.18728571385145187,0.16887878738343715,0.08484848588705063,0.25727272778749466,0.24800708782637987
casia_b_pose,no_part,tcn,legacy,e423cbffc13c4a0adb687002270ae11d91c0cfba3e073350adc281a17e00876a,b060fe06dcb4298c31bdf3dbccb281438e81f18e,1776934f9c734c06a9f275ecbd5dd046382dc45097ba027fd95ceb0add4eb100,test,casia_b_pose_no_part_seed33_20260918T184410243258Z,33,global,occluded_gallery,dynamic_joint,0.3421212136745453,0.265887445637158,0.24666666612029076,0.10660606026649475,0.23551515340805054,0.3116031862552302
casia_b_pose,no_part,tcn,legacy,e423cbffc13c4a0adb687002270ae11d91c0cfba3e073350adc281a17e00876a,b060fe06dcb4298c31bdf3dbccb281438e81f18e,1776934f9c734c06a9f275ecbd5dd046382dc45097ba027fd95ceb0add4eb100,test,casia_b_pose_no_part_seed33_20260918T184410243258Z,33,global,occluded_gallery,random_joint,0.3421212136745453,0.2893333294561931,0.27343939021229746,0.15496969521045684,0.18715151846408845,0.45296722043631343
casia_b_pose,no_part,tcn,legacy,e423cbffc13c4a0adb687002270ae11d91c0cfba3e073350adc281a17e00876a,b060fe06dcb4298c31bdf3dbccb281438e81f18e,1776934f9c734c06a9f275ecbd5dd046382dc45097ba027fd95ceb0add4eb100,test,casia_b_pose_no_part_seed33_20260918T184410243258Z,33,global,occluded_gallery,temporal,0.3421212136745453,0.2758311688899994,0.262818182259798,0.173575758934021,0.1685454547405243,0.5073516402848406
casia_b_pose,no_part,tcn,legacy,e423cbffc13c4a0adb687002270ae11d91c0cfba3e073350adc281a17e00876a,b060fe06dcb4298c31bdf3dbccb281438e81f18e,1776934f9c734c06a9f275ecbd5dd046382dc45097ba027fd95ceb0add4eb100,test,casia_b_pose_no_part_seed33_20260918T184410243258Z,33,global_parts,clean_gallery,body_part,0.32787877321243286,0.08751948028802872,0.06598484925925732,0.019999999552965164,0.3078787736594677,0.060998152936259625
casia_b_pose,no_part,tcn,legacy,e423cbffc13c4a0adb687002270ae11d91c0cfba3e073350adc281a17e00876a,b060fe06dcb4298c31bdf3dbccb281438e81f18e,1776934f9c734c06a9f275ecbd5dd046382dc45097ba027fd95ceb0add4eb100,test,casia_b_pose_no_part_seed33_20260918T184410243258Z,33,global_parts,clean_gallery,dynamic_joint,0.32787877321243286,0.14577056105647765,0.1273333325982094,0.08121212124824524,0.24666665196418763,0.24768947514521733
casia_b_pose,no_part,tcn,legacy,e423cbffc13c4a0adb687002270ae11d91c0cfba3e073350adc281a17e00876a,b060fe06dcb4298c31bdf3dbccb281438e81f18e,1776934f9c734c06a9f275ecbd5dd046382dc45097ba027fd95ceb0add4eb100,test,casia_b_pose_no_part_seed33_20260918T184410243258Z,33,global_parts,clean_gallery,random_joint,0.32787877321243286,0.13352380969694683,0.11262121312320232,0.05260605961084366,0.2752727136015892,0.1604436270620061
casia_b_pose,no_part,tcn,legacy,e423cbffc13c4a0adb687002270ae11d91c0cfba3e073350adc281a17e00876a,b060fe06dcb4298c31bdf3dbccb281438e81f18e,1776934f9c734c06a9f275ecbd5dd046382dc45097ba027fd95ceb0add4eb100,test,casia_b_pose_no_part_seed33_20260918T184410243258Z,33,global_parts,clean_gallery,temporal,0.32787877321243286,0.1790346307413919,0.16413636356592176,0.1409696966409683,0.18690907657146455,0.4299445653642054
casia_b_pose,no_part,tcn,legacy,e423cbffc13c4a0adb687002270ae11d91c0cfba3e073350adc281a17e00876a,b060fe06dcb4298c31bdf3dbccb281438e81f18e,1776934f9c734c06a9f275ecbd5dd046382dc45097ba027fd95ceb0add4eb100,test,casia_b_pose_no_part_seed33_20260918T184410243258Z,33,global_parts,occluded_gallery,body_part,0.32787877321243286,0.17950216425316676,0.16278787963092328,0.08515151590108871,0.24272725731134415,0.2597042652892903
casia_b_pose,no_part,tcn,legacy,e423cbffc13c4a0adb687002270ae11d91c0cfba3e073350adc281a17e00876a,b060fe06dcb4298c31bdf3dbccb281438e81f18e,1776934f9c734c06a9f275ecbd5dd046382dc45097ba027fd95ceb0add4eb100,test,casia_b_pose_no_part_seed33_20260918T184410243258Z,33,global_parts,occluded_gallery,dynamic_joint,0.32787877321243286,0.2805627714310373,0.26224242635071277,0.11448484808206558,0.21339392513036728,0.3491682214142322
casia_b_pose,no_part,tcn,legacy,e423cbffc13c4a0adb687002270ae11d91c0cfba3e073350adc281a17e00876a,b060fe06dcb4298c31bdf3dbccb281438e81f18e,1776934f9c734c06a9f275ecbd5dd046382dc45097ba027fd95ceb0add4eb100,test,casia_b_pose_no_part_seed33_20260918T184410243258Z,33,global_parts,occluded_gallery,random_joint,0.32787877321243286,0.3073549781526838,0.29428787976503373,0.18163636326789856,0.1462424099445343,0.5539741456523514
casia_b_pose,no_part,tcn,legacy,e423cbffc13c4a0adb687002270ae11d91c0cfba3e073350adc281a17e00876a,b060fe06dcb4298c31bdf3dbccb281438e81f18e,1776934f9c734c06a9f275ecbd5dd046382dc45097ba027fd95ceb0add4eb100,test,casia_b_pose_no_part_seed33_20260918T184410243258Z,33,global_parts,occluded_gallery,temporal,0.32787877321243286,0.2879134161131722,0.2762272700667381,0.18090909123420715,0.1469696819782257,0.551756033065904
casia_b_pose,no_part,tcn,legacy,e423cbffc13c4a0adb687002270ae11d91c0cfba3e073350adc281a17e00876a,b060fe06dcb4298c31bdf3dbccb281438e81f18e,1776934f9c734c06a9f275ecbd5dd046382dc45097ba027fd95ceb0add4eb100,test,casia_b_pose_no_part_seed44_20260918T190728524523Z,44,global,clean_gallery,body_part,0.34303030371665955,0.0884025976061821,0.06533333342522382,0.024242423474788666,0.3187878802418709,0.07067137571266219
casia_b_pose,no_part,tcn,legacy,e423cbffc13c4a0adb687002270ae11d91c0cfba3e073350adc281a17e00876a,b060fe06dcb4298c31bdf3dbccb281438e81f18e,1776934f9c734c06a9f275ecbd5dd046382dc45097ba027fd95ceb0add4eb100,test,casia_b_pose_no_part_seed44_20260918T190728524523Z,44,global,clean_gallery,dynamic_joint,0.34303030371665955,0.16078355142048428,0.14031818322837353,0.0816969707608223,0.26133333295583727,0.23816254679441787
casia_b_pose,no_part,tcn,legacy,e423cbffc13c4a0adb687002270ae11d91c0cfba3e073350adc281a17e00876a,b060fe06dcb4298c31bdf3dbccb281438e81f18e,1776934f9c734c06a9f275ecbd5dd046382dc45097ba027fd95ceb0add4eb100,test,casia_b_pose_no_part_seed44_20260918T190728524523Z,44,global,clean_gallery,random_joint,0.34303030371665955,0.15574891790747644,0.1330000000074506,0.05787878856062889,0.28515151515603065,0.16872791684444396
casia_b_pose,no_part,tcn,legacy,e423cbffc13c4a0adb687002270ae11d91c0cfba3e073350adc281a17e00876a,b060fe06dcb4298c31bdf3dbccb281438e81f18e,1776934f9c734c06a9f275ecbd5dd046382dc45097ba027fd95ceb0add4eb100,test,casia_b_pose_no_part_seed44_20260918T190728524523Z,44,global,clean_gallery,temporal,0.34303030371665955,0.1718051946588925,0.15492424219846726,0.12199999988079072,0.22103030383586883,0.35565370918821737
casia_b_pose,no_part,tcn,legacy,e423cbffc13c4a0adb687002270ae11d91c0cfba3e073350adc281a17e00876a,b060fe06dcb4298c31bdf3dbccb281438e81f18e,1776934f9c734c06a9f275ecbd5dd046382dc45097ba027fd95ceb0add4eb100,test,casia_b_pose_no_part_seed44_20260918T190728524523Z,44,global,occluded_gallery,body_part,0.34303030371665955,0.1873463172997747,0.16975757218897344,0.08939393609762192,0.25363636761903763,0.26060069658294865
casia_b_pose,no_part,tcn,legacy,e423cbffc13c4a0adb687002270ae11d91c0cfba3e073350adc281a17e00876a,b060fe06dcb4298c31bdf3dbccb281438e81f18e,1776934f9c734c06a9f275ecbd5dd046382dc45097ba027fd95ceb0add4eb100,test,casia_b_pose_no_part_seed44_20260918T190728524523Z,44,global,occluded_gallery,dynamic_joint,0.34303030371665955,0.2708181787814413,0.2514848452061415,0.10909090787172318,0.23393939584493637,0.31802119722294697
casia_b_pose,no_part,tcn,legacy,e423cbffc13c4a0adb687002270ae11d91c0cfba3e073350adc281a17e00876a,b060fe06dcb4298c31bdf3dbccb281438e81f18e,1776934f9c734c06a9f275ecbd5dd046382dc45097ba027fd95ceb0add4eb100,test,casia_b_pose_no_part_seed44_20260918T190728524523Z,44,global,occluded_gallery,random_joint,0.34303030371665955,0.3021904800619398,0.28774242773652076,0.17430302798748015,0.1687272757291794,0.508127200713594
casia_b_pose,no_part,tcn,legacy,e423cbffc13c4a0adb687002270ae11d91c0cfba3e073350adc281a17e00876a,b060fe06dcb4298c31bdf3dbccb281438e81f18e,1776934f9c734c06a9f275ecbd5dd046382dc45097ba027fd95ceb0add4eb100,test,casia_b_pose_no_part_seed44_20260918T190728524523Z,44,global,occluded_gallery,temporal,0.34303030371665955,0.28523376541478296,0.27227272614836695,0.17933333218097686,0.1636969715356827,0.5227915150292519
casia_b_pose,no_part,tcn,legacy,e423cbffc13c4a0adb687002270ae11d91c0cfba3e073350adc281a17e00876a,b060fe06dcb4298c31bdf3dbccb281438e81f18e,1776934f9c734c06a9f275ecbd5dd046382dc45097ba027fd95ceb0add4eb100,test,casia_b_pose_no_part_seed44_20260918T190728524523Z,44,global_parts,clean_gallery,body_part,0.3400000035762787,0.09783116871757168,0.07462121164426208,0.02181818149983883,0.31818182207643986,0.0641711213833677
casia_b_pose,no_part,tcn,legacy,e423cbffc13c4a0adb687002270ae11d91c0cfba3e073350adc281a17e00876a,b060fe06dcb4298c31bdf3dbccb281438e81f18e,1776934f9c734c06a9f275ecbd5dd046382dc45097ba027fd95ceb0add4eb100,test,casia_b_pose_no_part_seed44_20260918T190728524523Z,44,global_parts,clean_gallery,dynamic_joint,0.3400000035762787,0.17701298807348523,0.1573636371642351,0.09212121218442917,0.2478787913918495,0.2709447388689861
casia_b_pose,no_part,tcn,legacy,e423cbffc13c4a0adb687002270ae11d91c0cfba3e073350adc281a17e00876a,b060fe06dcb4298c31bdf3dbccb281438e81f18e,1776934f9c734c06a9f275ecbd5dd046382dc45097ba027fd95ceb0add4eb100,test,casia_b_pose_no_part_seed44_20260918T190728524523Z,44,global_parts,clean_gallery,random_joint,0.3400000035762787,0.15807359388896397,0.13557575792074206,0.051636363565921786,0.2883636400103569,0.15187165594937183
casia_b_pose,no_part,tcn,legacy,e423cbffc13c4a0adb687002270ae11d91c0cfba3e073350adc281a17e00876a,b060fe06dcb4298c31bdf3dbccb281438e81f18e,1776934f9c734c06a9f275ecbd5dd046382dc45097ba027fd95ceb0add4eb100,test,casia_b_pose_no_part_seed44_20260918T190728524523Z,44,global_parts,clean_gallery,temporal,0.3400000035762787,0.2003809526562691,0.1854696974158287,0.1539393961429596,0.1860606074333191,0.4527629250698623
casia_b_pose,no_part,tcn,legacy,e423cbffc13c4a0adb687002270ae11d91c0cfba3e073350adc281a17e00876a,b060fe06dcb4298c31bdf3dbccb281438e81f18e,1776934f9c734c06a9f275ecbd5dd046382dc45097ba027fd95ceb0add4eb100,test,casia_b_pose_no_part_seed44_20260918T190728524523Z,44,global_parts,occluded_gallery,body_part,0.3400000035762787,0.181744587634291,0.16506060399115086,0.08939393609762192,0.25060606747865677,0.26292333869804346
casia_b_pose,no_part,tcn,legacy,e423cbffc13c4a0adb687002270ae11d91c0cfba3e073350adc281a17e00876a,b060fe06dcb4298c31bdf3dbccb281438e81f18e,1776934f9c734c06a9f275ecbd5dd046382dc45097ba027fd95ceb0add4eb100,test,casia_b_pose_no_part_seed44_20260918T190728524523Z,44,global_parts,occluded_gallery,dynamic_joint,0.3400000035762787,0.2839393958449364,0.2648787897080183,0.11600000113248825,0.22400000244379042,0.34117647033042975
casia_b_pose,no_part,tcn,legacy,e423cbffc13c4a0adb687002270ae11d91c0cfba3e073350adc281a17e00876a,b060fe06dcb4298c31bdf3dbccb281438e81f18e,1776934f9c734c06a9f275ecbd5dd046382dc45097ba027fd95ceb0add4eb100,test,casia_b_pose_no_part_seed44_20260918T190728524523Z,44,global_parts,occluded_gallery,random_joint,0.3400000035762787,0.3140302998679025,0.30130302682518956,0.19321211874485017,0.14678788483142852,0.5682709315075145
casia_b_pose,no_part,tcn,legacy,e423cbffc13c4a0adb687002270ae11d91c0cfba3e073350adc281a17e00876a,b060fe06dcb4298c31bdf3dbccb281438e81f18e,1776934f9c734c06a9f275ecbd5dd046382dc45097ba027fd95ceb0add4eb100,test,casia_b_pose_no_part_seed44_20260918T190728524523Z,44,global_parts,occluded_gallery,temporal,0.3400000035762787,0.29417749004704613,0.2821515157818794,0.18884848356246947,0.15115152001380922,0.5554367105178618
casia_b_pose,no_part,tcn,legacy,e423cbffc13c4a0adb687002270ae11d91c0cfba3e073350adc281a17e00876a,b060fe06dcb4298c31bdf3dbccb281438e81f18e,1776934f9c734c06a9f275ecbd5dd046382dc45097ba027fd95ceb0add4eb100,test,casia_b_pose_no_part_seed55_20260918T191635868256Z,55,global,clean_gallery,body_part,0.3545454442501068,0.08770129840288844,0.06392424292862416,0.022727273404598236,0.3318181708455086,0.06410256787439002
casia_b_pose,no_part,tcn,legacy,e423cbffc13c4a0adb687002270ae11d91c0cfba3e073350adc281a17e00876a,b060fe06dcb4298c31bdf3dbccb281438e81f18e,1776934f9c734c06a9f275ecbd5dd046382dc45097ba027fd95ceb0add4eb100,test,casia_b_pose_no_part_seed55_20260918T191635868256Z,55,global,clean_gallery,dynamic_joint,0.3545454442501068,0.14604328849485942,0.12359090819954872,0.06430303007364273,0.29024241417646407,0.18136752598711006
casia_b_pose,no_part,tcn,legacy,e423cbffc13c4a0adb687002270ae11d91c0cfba3e073350adc281a17e00876a,b060fe06dcb4298c31bdf3dbccb281438e81f18e,1776934f9c734c06a9f275ecbd5dd046382dc45097ba027fd95ceb0add4eb100,test,casia_b_pose_no_part_seed55_20260918T191635868256Z,55,global,clean_gallery,random_joint,0.3545454442501068,0.14407792048794882,0.12006060518324375,0.046181817352771756,0.30836362689733504,0.13025641170048075
casia_b_pose,no_part,tcn,legacy,e423cbffc13c4a0adb687002270ae11d91c0cfba3e073350adc281a17e00876a,b060fe06dcb4298c31bdf3dbccb281438e81f18e,1776934f9c734c06a9f275ecbd5dd046382dc45097ba027fd95ceb0add4eb100,test,casia_b_pose_no_part_seed55_20260918T191635868256Z,55,global,clean_gallery,temporal,0.3545454442501068,0.1650562746184213,0.14701514989137648,0.11890909075737,0.23563635349273682,0.33538462469563707
casia_b_pose,no_part,tcn,legacy,e423cbffc13c4a0adb687002270ae11d91c0cfba3e073350adc281a17e00876a,b060fe06dcb4298c31bdf3dbccb281438e81f18e,1776934f9c734c06a9f275ecbd5dd046382dc45097ba027fd95ceb0add4eb100,test,casia_b_pose_no_part_seed55_20260918T191635868256Z,55,global,occluded_gallery,body_part,0.3545454442501068,0.20192207821777886,0.18327272832393646,0.09484848380088806,0.25969696044921875,0.26752137233493584
casia_b_pose,no_part,tcn,legacy,e423cbffc13c4a0adb687002270ae11d91c0cfba3e073350adc281a17e00876a,b060fe06dcb4298c31bdf3dbccb281438e81f18e,1776934f9c734c06a9f275ecbd5dd046382dc45097ba027fd95ceb0add4eb100,test,casia_b_pose_no_part_seed55_20260918T191635868256Z,55,global,occluded_gallery,dynamic_joint,0.3545454442501068,0.2969956661973681,0.2775757536292076,0.1286666661500931,0.22587877810001372,0.3629059919871029
casia_b_pose,no_part,tcn,legacy,e423cbffc13c4a0adb687002270ae11d91c0cfba3e073350adc281a17e00876a,b060fe06dcb4298c31bdf3dbccb281438e81f18e,1776934f9c734c06a9f275ecbd5dd046382dc45097ba027fd95ceb0add4eb100,test,casia_b_pose_no_part_seed55_20260918T191635868256Z,55,global,occluded_gallery,random_joint,0.3545454442501068,0.32802164426871705,0.3139090903103351,0.19848484694957733,0.15606059730052949,0.5598290717552141
casia_b_pose,no_part,tcn,legacy,e423cbffc13c4a0adb687002270ae11d91c0cfba3e073350adc281a17e00876a,b060fe06dcb4298c31bdf3dbccb281438e81f18e,1776934f9c734c06a9f275ecbd5dd046382dc45097ba027fd95ceb0add4eb100,test,casia_b_pose_no_part_seed55_20260918T191635868256Z,55,global,occluded_gallery,temporal,0.3545454442501068,0.3008701307432992,0.28827272877097126,0.19248484671115876,0.16206059753894805,0.5429059936682595
casia_b_pose,no_part,tcn,legacy,e423cbffc13c4a0adb687002270ae11d91c0cfba3e073350adc281a17e00876a,b060fe06dcb4298c31bdf3dbccb281438e81f18e,1776934f9c734c06a9f275ecbd5dd046382dc45097ba027fd95ceb0add4eb100,test,casia_b_pose_no_part_seed55_20260918T191635868256Z,55,global_parts,clean_gallery,body_part,0.33424243330955505,0.09998701315905367,0.07789393877610565,0.022121211513876915,0.31212122179567814,0.06618313328693844
casia_b_pose,no_part,tcn,legacy,e423cbffc13c4a0adb687002270ae11d91c0cfba3e073350adc281a17e00876a,b060fe06dcb4298c31bdf3dbccb281438e81f18e,1776934f9c734c06a9f275ecbd5dd046382dc45097ba027fd95ceb0add4eb100,test,casia_b_pose_no_part_seed55_20260918T191635868256Z,55,global_parts,clean_gallery,dynamic_joint,0.33424243330955505,0.18354978156941276,0.1633636336773634,0.07703030258417129,0.25721213072538374,0.23046236775338008
casia_b_pose,no_part,tcn,legacy,e423cbffc13c4a0adb687002270ae11d91c0cfba3e073350adc281a17e00876a,b060fe06dcb4298c31bdf3dbccb281438e81f18e,1776934f9c734c06a9f275ecbd5dd046382dc45097ba027fd95ceb0add4eb100,test,casia_b_pose_no_part_seed55_20260918T191635868256Z,55,global_parts,clean_gallery,random_joint,0.33424243330955505,0.17651082085711617,0.15542424023151397,0.06460606008768081,0.2696363732218742,0.19329101768430043
casia_b_pose,no_part,tcn,legacy,e423cbffc13c4a0adb687002270ae11d91c0cfba3e073350adc281a17e00876a,b060fe06dcb4298c31bdf3dbccb281438e81f18e,1776934f9c734c06a9f275ecbd5dd046382dc45097ba027fd95ceb0add4eb100,test,casia_b_pose_no_part_seed55_20260918T191635868256Z,55,global_parts,clean_gallery,temporal,0.33424243330955505,0.21681385338306425,0.20263636335730553,0.15933333337306976,0.1749090999364853,0.47669989652542083
casia_b_pose,no_part,tcn,legacy,e423cbffc13c4a0adb687002270ae11d91c0cfba3e073350adc281a17e00876a,b060fe06dcb4298c31bdf3dbccb281438e81f18e,1776934f9c734c06a9f275ecbd5dd046382dc45097ba027fd95ceb0add4eb100,test,casia_b_pose_no_part_seed55_20260918T191635868256Z,55,global_parts,occluded_gallery,body_part,0.33424243330955505,0.1822034627199173,0.1661212109029293,0.09484848380088806,0.239393949508667,0.2837715213527217
casia_b_pose,no_part,tcn,legacy,e423cbffc13c4a0adb687002270ae11d91c0cfba3e073350adc281a17e00876a,b060fe06dcb4298c31bdf3dbccb281438e81f18e,1776934f9c734c06a9f275ecbd5dd046382dc45097ba027fd95ceb0add4eb100,test,casia_b_pose_no_part_seed55_20260918T191635868256Z,55,global_parts,occluded_gallery,dynamic_joint,0.33424243330955505,0.29414718427828374,0.27548484615981583,0.12454545348882676,0.2096969798207283,0.3726201136570841
casia_b_pose,no_part,tcn,legacy,e423cbffc13c4a0adb687002270ae11d91c0cfba3e073350adc281a17e00876a,b060fe06dcb4298c31bdf3dbccb281438e81f18e,1776934f9c734c06a9f275ecbd5dd046382dc45097ba027fd95ceb0add4eb100,test,casia_b_pose_no_part_seed55_20260918T191635868256Z,55,global_parts,occluded_gallery,random_joint,0.33424243330955505,0.32164069414138796,0.3079090915620327,0.1887878805398941,0.14545455276966096,0.564823199348391
casia_b_pose,no_part,tcn,legacy,e423cbffc13c4a0adb687002270ae11d91c0cfba3e073350adc281a17e00876a,b060fe06dcb4298c31bdf3dbccb281438e81f18e,1776934f9c734c06a9f275ecbd5dd046382dc45097ba027fd95ceb0add4eb100,test,casia_b_pose_no_part_seed55_20260918T191635868256Z,55,global_parts,occluded_gallery,temporal,0.33424243330955505,0.29808657850537984,0.2864999987185001,0.18969697058200835,0.1445454627275467,0.5675430516218225
casia_b_pose,no_temporal,tcn,legacy,73831959b9c7687625f8e3b1f9870399e129fe8e23b1f85589f1a79dde23bb8f,b060fe06dcb4298c31bdf3dbccb281438e81f18e,1776934f9c734c06a9f275ecbd5dd046382dc45097ba027fd95ceb0add4eb100,test,casia_b_pose_no_temporal_seed11_20260918T191724152296Z,11,global,clean_gallery,body_part,0.3527272641658783,0.08759307345109325,0.06431818222627043,0.02181818149983883,0.33090908266603947,0.0618556707019345
casia_b_pose,no_temporal,tcn,legacy,73831959b9c7687625f8e3b1f9870399e129fe8e23b1f85589f1a79dde23bb8f,b060fe06dcb4298c31bdf3dbccb281438e81f18e,1776934f9c734c06a9f275ecbd5dd046382dc45097ba027fd95ceb0add4eb100,test,casia_b_pose_no_temporal_seed11_20260918T191724152296Z,11,global,clean_gallery,dynamic_joint,0.3527272641658783,0.14579220744115967,0.1257727274671197,0.06618181839585305,0.2865454457700253,0.18762887114030827
casia_b_pose,no_temporal,tcn,legacy,73831959b9c7687625f8e3b1f9870399e129fe8e23b1f85589f1a79dde23bb8f,b060fe06dcb4298c31bdf3dbccb281438e81f18e,1776934f9c734c06a9f275ecbd5dd046382dc45097ba027fd95ceb0add4eb100,test,casia_b_pose_no_temporal_seed11_20260918T191724152296Z,11,global,clean_gallery,random_joint,0.3527272641658783,0.14080519271748407,0.11954545304179191,0.05806060582399368,0.2946666583418846,0.16460481432104243
casia_b_pose,no_temporal,tcn,legacy,73831959b9c7687625f8e3b1f9870399e129fe8e23b1f85589f1a79dde23bb8f,b060fe06dcb4298c31bdf3dbccb281438e81f18e,1776934f9c734c06a9f275ecbd5dd046382dc45097ba027fd95ceb0add4eb100,test,casia_b_pose_no_temporal_seed11_20260918T191724152296Z,11,global,clean_gallery,temporal,0.3527272641658783,0.1652294393096651,0.14639394208788872,0.0992727279663086,0.2534545361995697,0.28144330776660137
casia_b_pose,no_temporal,tcn,legacy,73831959b9c7687625f8e3b1f9870399e129fe8e23b1f85589f1a79dde23bb8f,b060fe06dcb4298c31bdf3dbccb281438e81f18e,1776934f9c734c06a9f275ecbd5dd046382dc45097ba027fd95ceb0add4eb100,test,casia_b_pose_no_temporal_seed11_20260918T191724152296Z,11,global,occluded_gallery,body_part,0.3527272641658783,0.19924675204924178,0.1798787873238325,0.08696969598531723,0.26575756818056107,0.246563577076984
casia_b_pose,no_temporal,tcn,legacy,73831959b9c7687625f8e3b1f9870399e129fe8e23b1f85589f1a79dde23bb8f,b060fe06dcb4298c31bdf3dbccb281438e81f18e,1776934f9c734c06a9f275ecbd5dd046382dc45097ba027fd95ceb0add4eb100,test,casia_b_pose_no_temporal_seed11_20260918T191724152296Z,11,global,occluded_gallery,dynamic_joint,0.3527272641658783,0.2891818206225123,0.2691363666206598,0.1206060603260994,0.2321212038397789,0.3419244061309124
casia_b_pose,no_temporal,tcn,legacy,73831959b9c7687625f8e3b1f9870399e129fe8e23b1f85589f1a79dde23bb8f,b060fe06dcb4298c31bdf3dbccb281438e81f18e,1776934f9c734c06a9f275ecbd5dd046382dc45097ba027fd95ceb0add4eb100,test,casia_b_pose_no_temporal_seed11_20260918T191724152296Z,11,global,occluded_gallery,random_joint,0.3527272641658783,0.31696536583559853,0.30134848356246946,0.1806666672229767,0.1720605969429016,0.5121993267240434
casia_b_pose,no_temporal,tcn,legacy,73831959b9c7687625f8e3b1f9870399e129fe8e23b1f85589f1a79dde23bb8f,b060fe06dcb4298c31bdf3dbccb281438e81f18e,1776934f9c734c06a9f275ecbd5dd046382dc45097ba027fd95ceb0add4eb100,test,casia_b_pose_no_temporal_seed11_20260918T191724152296Z,11,global,occluded_gallery,temporal,0.3527272641658783,0.2886753222772054,0.27549999803304676,0.1807878792285919,0.1719393849372864,0.512542969016345
casia_b_pose,no_temporal,tcn,legacy,73831959b9c7687625f8e3b1f9870399e129fe8e23b1f85589f1a79dde23bb8f,b060fe06dcb4298c31bdf3dbccb281438e81f18e,1776934f9c734c06a9f275ecbd5dd046382dc45097ba027fd95ceb0add4eb100,test,casia_b_pose_no_temporal_seed11_20260918T191724152296Z,11,global_parts,clean_gallery,body_part,0.38818180561065674,0.13237662161035196,0.10686363531276584,0.022121211513876915,0.3660605940967798,0.056986729398812455
casia_b_pose,no_temporal,tcn,legacy,73831959b9c7687625f8e3b1f9870399e129fe8e23b1f85589f1a79dde23bb8f,b060fe06dcb4298c31bdf3dbccb281438e81f18e,1776934f9c734c06a9f275ecbd5dd046382dc45097ba027fd95ceb0add4eb100,test,casia_b_pose_no_temporal_seed11_20260918T191724152296Z,11,global_parts,clean_gallery,dynamic_joint,0.38818180561065674,0.2487402564712933,0.22666666395962237,0.12042424231767654,0.26775756329298017,0.3102263954082925
casia_b_pose,no_temporal,tcn,legacy,73831959b9c7687625f8e3b1f9870399e129fe8e23b1f85589f1a79dde23bb8f,b060fe06dcb4298c31bdf3dbccb281438e81f18e,1776934f9c734c06a9f275ecbd5dd046382dc45097ba027fd95ceb0add4eb100,test,casia_b_pose_no_temporal_seed11_20260918T191724152296Z,11,global_parts,clean_gallery,random_joint,0.38818180561065674,0.23211255116122112,0.21033333092927933,0.10648484826087952,0.28169695734977723,0.2743169481974201
casia_b_pose,no_temporal,tcn,legacy,73831959b9c7687625f8e3b1f9870399e129fe8e23b1f85589f1a79dde23bb8f,b060fe06dcb4298c31bdf3dbccb281438e81f18e,1776934f9c734c06a9f275ecbd5dd046382dc45097ba027fd95ceb0add4eb100,test,casia_b_pose_no_temporal_seed11_20260918T191724152296Z,11,global_parts,clean_gallery,temporal,0.38818180561065674,0.2804285683802196,0.2654393918812275,0.20951515138149263,0.1786666542291641,0.5397345994923695
casia_b_pose,no_temporal,tcn,legacy,73831959b9c7687625f8e3b1f9870399e129fe8e23b1f85589f1a79dde23bb8f,b060fe06dcb4298c31bdf3dbccb281438e81f18e,1776934f9c734c06a9f275ecbd5dd046382dc45097ba027fd95ceb0add4eb100,test,casia_b_pose_no_temporal_seed11_20260918T191724152296Z,11,global_parts,occluded_gallery,body_part,0.38818180561065674,0.20345887265035084,0.1827727261930704,0.08727272599935532,0.3009090796113014,0.22482435997242273
casia_b_pose,no_temporal,tcn,legacy,73831959b9c7687625f8e3b1f9870399e129fe8e23b1f85589f1a79dde23bb8f,b060fe06dcb4298c31bdf3dbccb281438e81f18e,1776934f9c734c06a9f275ecbd5dd046382dc45097ba027fd95ceb0add4eb100,test,casia_b_pose_no_temporal_seed11_20260918T191724152296Z,11,global_parts,occluded_gallery,dynamic_joint,0.38818180561065674,0.34268831270081657,0.31987878978252415,0.13763636350631714,0.2505454421043396,0.3545667558782117
casia_b_pose,no_temporal,tcn,legacy,73831959b9c7687625f8e3b1f9870399e129fe8e23b1f85589f1a79dde23bb8f,b060fe06dcb4298c31bdf3dbccb281438e81f18e,1776934f9c734c06a9f275ecbd5dd046382dc45097ba027fd95ceb0add4eb100,test,casia_b_pose_no_temporal_seed11_20260918T191724152296Z,11,global_parts,occluded_gallery,random_joint,0.38818180561065674,0.37253679420266833,0.3555606044828892,0.2126060575246811,0.17557574808597565,0.5476971214305785
casia_b_pose,no_temporal,tcn,legacy,73831959b9c7687625f8e3b1f9870399e129fe8e23b1f85589f1a79dde23bb8f,b060fe06dcb4298c31bdf3dbccb281438e81f18e,1776934f9c734c06a9f275ecbd5dd046382dc45097ba027fd95ceb0add4eb100,test,casia_b_pose_no_temporal_seed11_20260918T191724152296Z,11,global_parts,occluded_gallery,temporal,0.38818180561065674,0.3368874451943807,0.32230303063988686,0.20357576310634612,0.18460604250431062,0.5244340671405165
casia_b_pose,no_temporal,tcn,legacy,73831959b9c7687625f8e3b1f9870399e129fe8e23b1f85589f1a79dde23bb8f,b060fe06dcb4298c31bdf3dbccb281438e81f18e,1776934f9c734c06a9f275ecbd5dd046382dc45097ba027fd95ceb0add4eb100,test,casia_b_pose_no_temporal_seed22_20260918T193753772175Z,22,global,clean_gallery,body_part,0.3615151643753052,0.08764502257108689,0.06434848494827747,0.03030303120613098,0.3312121331691742,0.08382229624722475
casia_b_pose,no_temporal,tcn,legacy,73831959b9c7687625f8e3b1f9870399e129fe8e23b1f85589f1a79dde23bb8f,b060fe06dcb4298c31bdf3dbccb281438e81f18e,1776934f9c734c06a9f275ecbd5dd046382dc45097ba027fd95ceb0add4eb100,test,casia_b_pose_no_temporal_seed22_20260918T193753772175Z,22,global,clean_gallery,dynamic_joint,0.3615151643753052,0.19163636458771569,0.16590909101068974,0.08842424303293228,0.2730909213423729,0.24459345484366762
casia_b_pose,no_temporal,tcn,legacy,73831959b9c7687625f8e3b1f9870399e129fe8e23b1f85589f1a79dde23bb8f,b060fe06dcb4298c31bdf3dbccb281438e81f18e,1776934f9c734c06a9f275ecbd5dd046382dc45097ba027fd95ceb0add4eb100,test,casia_b_pose_no_temporal_seed22_20260918T193753772175Z,22,global,clean_gallery,random_joint,0.3615151643753052,0.18077489244086406,0.15348484814167024,0.04969696998596192,0.3118181943893433,0.1374685625479579
casia_b_pose,no_temporal,tcn,legacy,73831959b9c7687625f8e3b1f9870399e129fe8e23b1f85589f1a79dde23bb8f,b060fe06dcb4298c31bdf3dbccb281438e81f18e,1776934f9c734c06a9f275ecbd5dd046382dc45097ba027fd95ceb0add4eb100,test,casia_b_pose_no_temporal_seed22_20260918T193753772175Z,22,global,clean_gallery,temporal,0.3615151643753052,0.17594372630119323,0.15972727462649344,0.150121209025383,0.21139395534992217,0.41525563466968546
casia_b_pose,no_temporal,tcn,legacy,73831959b9c7687625f8e3b1f9870399e129fe8e23b1f85589f1a79dde23bb8f,b060fe06dcb4298c31bdf3dbccb281438e81f18e,1776934f9c734c06a9f275ecbd5dd046382dc45097ba027fd95ceb0add4eb100,test,casia_b_pose_no_temporal_seed22_20260918T193753772175Z,22,global,occluded_gallery,body_part,0.3615151643753052,0.20196536779403684,0.1816818170249462,0.07939393818378448,0.2821212261915207,0.21961440627525672
casia_b_pose,no_temporal,tcn,legacy,73831959b9c7687625f8e3b1f9870399e129fe8e23b1f85589f1a79dde23bb8f,b060fe06dcb4298c31bdf3dbccb281438e81f18e,1776934f9c734c06a9f275ecbd5dd046382dc45097ba027fd95ceb0add4eb100,test,casia_b_pose_no_temporal_seed22_20260918T193753772175Z,22,global,occluded_gallery,dynamic_joint,0.3615151643753052,0.28718614940132414,0.26595454625785353,0.10745454579591751,0.25406061857938766,0.29723385457868123
casia_b_pose,no_temporal,tcn,legacy,73831959b9c7687625f8e3b1f9870399e129fe8e23b1f85589f1a79dde23bb8f,b060fe06dcb4298c31bdf3dbccb281438e81f18e,1776934f9c734c06a9f275ecbd5dd046382dc45097ba027fd95ceb0add4eb100,test,casia_b_pose_no_temporal_seed22_20260918T193753772175Z,22,global,occluded_gallery,random_joint,0.3615151643753052,0.3093246740954263,0.2916515126824379,0.1581212103366852,0.20339395403861998,0.4373847238466944
casia_b_pose,no_temporal,tcn,legacy,73831959b9c7687625f8e3b1f9870399e129fe8e23b1f85589f1a79dde23bb8f,b060fe06dcb4298c31bdf3dbccb281438e81f18e,1776934f9c734c06a9f275ecbd5dd046382dc45097ba027fd95ceb0add4eb100,test,casia_b_pose_no_temporal_seed22_20260918T193753772175Z,22,global,occluded_gallery,temporal,0.3615151643753052,0.2933636367321014,0.2801666662096977,0.1892727255821228,0.17224243879318238,0.5235540420805979
casia_b_pose,no_temporal,tcn,legacy,73831959b9c7687625f8e3b1f9870399e129fe8e23b1f85589f1a79dde23bb8f,b060fe06dcb4298c31bdf3dbccb281438e81f18e,1776934f9c734c06a9f275ecbd5dd046382dc45097ba027fd95ceb0add4eb100,test,casia_b_pose_no_temporal_seed22_20260918T193753772175Z,22,global_parts,clean_gallery,body_part,0.3803030252456665,0.11966666600533896,0.09515151493251323,0.02393939346075058,0.3563636317849159,0.06294820674983144
casia_b_pose,no_temporal,tcn,legacy,73831959b9c7687625f8e3b1f9870399e129fe8e23b1f85589f1a79dde23bb8f,b060fe06dcb4298c31bdf3dbccb281438e81f18e,1776934f9c734c06a9f275ecbd5dd046382dc45097ba027fd95ceb0add4eb100,test,casia_b_pose_no_temporal_seed22_20260918T193753772175Z,22,global_parts,clean_gallery,dynamic_joint,0.3803030252456665,0.25680519299847737,0.23046969547867774,0.0939393937587738,0.2863636314868927,0.24701195500112375
casia_b_pose,no_temporal,tcn,legacy,73831959b9c7687625f8e3b1f9870399e129fe8e23b1f85589f1a79dde23bb8f,b060fe06dcb4298c31bdf3dbccb281438e81f18e,1776934f9c734c06a9f275ecbd5dd046382dc45097ba027fd95ceb0add4eb100,test,casia_b_pose_no_temporal_seed22_20260918T193753772175Z,22,global_parts,clean_gallery,random_joint,0.3803030252456665,0.22160173037222455,0.19543939344584943,0.048606060445308685,0.3316969648003578,0.12780876621717735
casia_b_pose,no_temporal,tcn,legacy,73831959b9c7687625f8e3b1f9870399e129fe8e23b1f85589f1a79dde23bb8f,b060fe06dcb4298c31bdf3dbccb281438e81f18e,1776934f9c734c06a9f275ecbd5dd046382dc45097ba027fd95ceb0add4eb100,test,casia_b_pose_no_temporal_seed22_20260918T193753772175Z,22,global_parts,clean_gallery,temporal,0.3803030252456665,0.28673592592988695,0.27431817799806596,0.2333333373069763,0.1469696879386902,0.613545835340775
casia_b_pose,no_temporal,tcn,legacy,73831959b9c7687625f8e3b1f9870399e129fe8e23b1f85589f1a79dde23bb8f,b060fe06dcb4298c31bdf3dbccb281438e81f18e,1776934f9c734c06a9f275ecbd5dd046382dc45097ba027fd95ceb0add4eb100,test,casia_b_pose_no_temporal_seed22_20260918T193753772175Z,22,global_parts,occluded_gallery,body_part,0.3803030252456665,0.1943290050540652,0.17319697067141532,0.07939393818378448,0.300909087061882,0.20876493983317101
casia_b_pose,no_temporal,tcn,legacy,73831959b9c7687625f8e3b1f9870399e129fe8e23b1f85589f1a79dde23bb8f,b060fe06dcb4298c31bdf3dbccb281438e81f18e,1776934f9c734c06a9f275ecbd5dd046382dc45097ba027fd95ceb0add4eb100,test,casia_b_pose_no_temporal_seed22_20260918T193753772175Z,22,global_parts,occluded_gallery,dynamic_joint,0.3803030252456665,0.3117489169750895,0.28907575719058515,0.11799999922513962,0.2623030260205269,0.31027888655083535
casia_b_pose,no_temporal,tcn,legacy,73831959b9c7687625f8e3b1f9870399e129fe8e23b1f85589f1a79dde23bb8f,b060fe06dcb4298c31bdf3dbccb281438e81f18e,1776934f9c734c06a9f275ecbd5dd046382dc45097ba027fd95ceb0add4eb100,test,casia_b_pose_no_temporal_seed22_20260918T193753772175Z,22,global_parts,occluded_gallery,random_joint,0.3803030252456665,0.33396536580153874,0.31553030163049695,0.17381818294525148,0.20648484230041503,0.45705180187028266
casia_b_pose,no_temporal,tcn,legacy,73831959b9c7687625f8e3b1f9870399e129fe8e23b1f85589f1a79dde23bb8f,b060fe06dcb4298c31bdf3dbccb281438e81f18e,1776934f9c734c06a9f275ecbd5dd046382dc45097ba027fd95ceb0add4eb100,test,casia_b_pose_no_temporal_seed22_20260918T193753772175Z,22,global_parts,occluded_gallery,temporal,0.3803030252456665,0.3247445906911578,0.3103333361446858,0.20206060707569123,0.17824241816997527,0.5313147507705599
casia_b_pose,no_temporal,tcn,legacy,73831959b9c7687625f8e3b1f9870399e129fe8e23b1f85589f1a79dde23bb8f,b060fe06dcb4298c31bdf3dbccb281438e81f18e,1776934f9c734c06a9f275ecbd5dd046382dc45097ba027fd95ceb0add4eb100,test,casia_b_pose_no_temporal_seed33_20260918T194541411048Z,33,global,clean_gallery,body_part,0.36393940448760986,0.08804762054766928,0.06437878869473934,0.03030303120613098,0.3336363732814789,0.0832639467792574
casia_b_pose,no_temporal,tcn,legacy,73831959b9c7687625f8e3b1f9870399e129fe8e23b1f85589f1a79dde23bb8f,b060fe06dcb4298c31bdf3dbccb281438e81f18e,1776934f9c734c06a9f275ecbd5dd046382dc45097ba027fd95ceb0add4eb100,test,casia_b_pose_no_temporal_seed33_20260918T194541411048Z,33,global,clean_gallery,dynamic_joint,0.36393940448760986,0.14811688448701585,0.12477272823452949,0.06830303072929382,0.29563637375831603,0.1876769316184864
casia_b_pose,no_temporal,tcn,legacy,73831959b9c7687625f8e3b1f9870399e129fe8e23b1f85589f1a79dde23bb8f,b060fe06dcb4298c31bdf3dbccb281438e81f18e,1776934f9c734c06a9f275ecbd5dd046382dc45097ba027fd95ceb0add4eb100,test,casia_b_pose_no_temporal_seed33_20260918T194541411048Z,33,global,clean_gallery,random_joint,0.36393940448760986,0.16147186064294408,0.13754545282572508,0.05630302950739861,0.30763637498021124,0.1547044063191443
casia_b_pose,no_temporal,tcn,legacy,73831959b9c7687625f8e3b1f9870399e129fe8e23b1f85589f1a79dde23bb8f,b060fe06dcb4298c31bdf3dbccb281438e81f18e,1776934f9c734c06a9f275ecbd5dd046382dc45097ba027fd95ceb0add4eb100,test,casia_b_pose_no_temporal_seed33_20260918T194541411048Z,33,global,clean_gallery,temporal,0.36393940448760986,0.15355844157082693,0.13475757502019406,0.11345454603433609,0.2504848584532738,0.3117402090440542
casia_b_pose,no_temporal,tcn,legacy,73831959b9c7687625f8e3b1f9870399e129fe8e23b1f85589f1a79dde23bb8f,b060fe06dcb4298c31bdf3dbccb281438e81f18e,1776934f9c734c06a9f275ecbd5dd046382dc45097ba027fd95ceb0add4eb100,test,casia_b_pose_no_temporal_seed33_20260918T194541411048Z,33,global,occluded_gallery,body_part,0.36393940448760986,0.19500000072377066,0.1753030303865671,0.08484848588705063,0.27909091860055923,0.23313904688751352
casia_b_pose,no_temporal,tcn,legacy,73831959b9c7687625f8e3b1f9870399e129fe8e23b1f85589f1a79dde23bb8f,b060fe06dcb4298c31bdf3dbccb281438e81f18e,1776934f9c734c06a9f275ecbd5dd046382dc45097ba027fd95ceb0add4eb100,test,casia_b_pose_no_temporal_seed33_20260918T194541411048Z,33,global,occluded_gallery,dynamic_joint,0.36393940448760986,0.2753030298011644,0.2545454535633326,0.10830302983522415,0.2556363746523857,0.2975853356349361
casia_b_pose,no_temporal,tcn,legacy,73831959b9c7687625f8e3b1f9870399e129fe8e23b1f85589f1a79dde23bb8f,b060fe06dcb4298c31bdf3dbccb281438e81f18e,1776934f9c734c06a9f275ecbd5dd046382dc45097ba027fd95ceb0add4eb100,test,casia_b_pose_no_temporal_seed33_20260918T194541411048Z,33,global,occluded_gallery,random_joint,0.36393940448760986,0.2973333350249699,0.2802575767040253,0.1611515164375305,0.20278788805007936,0.4427976593092898
casia_b_pose,no_temporal,tcn,legacy,73831959b9c7687625f8e3b1f9870399e129fe8e23b1f85589f1a79dde23bb8f,b060fe06dcb4298c31bdf3dbccb281438e81f18e,1776934f9c734c06a9f275ecbd5dd046382dc45097ba027fd95ceb0add4eb100,test,casia_b_pose_no_temporal_seed33_20260918T194541411048Z,33,global,occluded_gallery,temporal,0.36393940448760986,0.29206493071147377,0.27828787341713906,0.18745454251766205,0.1764848619699478,0.5150707513564772
casia_b_pose,no_temporal,tcn,legacy,73831959b9c7687625f8e3b1f9870399e129fe8e23b1f85589f1a79dde23bb8f,b060fe06dcb4298c31bdf3dbccb281438e81f18e,1776934f9c734c06a9f275ecbd5dd046382dc45097ba027fd95ceb0add4eb100,test,casia_b_pose_no_temporal_seed33_20260918T194541411048Z,33,global_parts,clean_gallery,body_part,0.40454545617103577,0.12170562754784316,0.09515151493251324,0.019393939524888992,0.3851515166461468,0.04794007503742552
casia_b_pose,no_temporal,tcn,legacy,73831959b9c7687625f8e3b1f9870399e129fe8e23b1f85589f1a79dde23bb8f,b060fe06dcb4298c31bdf3dbccb281438e81f18e,1776934f9c734c06a9f275ecbd5dd046382dc45097ba027fd95ceb0add4eb100,test,casia_b_pose_no_temporal_seed33_20260918T194541411048Z,33,global_parts,clean_gallery,dynamic_joint,0.40454545617103577,0.24757575861045297,0.22186363786458968,0.09303030371665955,0.3115151524543762,0.22996254758903464
casia_b_pose,no_temporal,tcn,legacy,73831959b9c7687625f8e3b1f9870399e129fe8e23b1f85589f1a79dde23bb8f,b060fe06dcb4298c31bdf3dbccb281438e81f18e,1776934f9c734c06a9f275ecbd5dd046382dc45097ba027fd95ceb0add4eb100,test,casia_b_pose_no_temporal_seed33_20260918T194541411048Z,33,global_parts,clean_gallery,random_joint,0.40454545617103577,0.2061038970947266,0.18301515243947505,0.06945454478263854,0.3350909113883972,0.17168539090765167
casia_b_pose,no_temporal,tcn,legacy,73831959b9c7687625f8e3b1f9870399e129fe8e23b1f85589f1a79dde23bb8f,b060fe06dcb4298c31bdf3dbccb281438e81f18e,1776934f9c734c06a9f275ecbd5dd046382dc45097ba027fd95ceb0add4eb100,test,casia_b_pose_no_temporal_seed33_20260918T194541411048Z,33,global_parts,clean_gallery,temporal,0.40454545617103577,0.29273159887109484,0.27827272415161136,0.2313939392566681,0.17315151691436767,0.5719850160888674
casia_b_pose,no_temporal,tcn,legacy,73831959b9c7687625f8e3b1f9870399e129fe8e23b1f85589f1a79dde23bb8f,b060fe06dcb4298c31bdf3dbccb281438e81f18e,1776934f9c734c06a9f275ecbd5dd046382dc45097ba027fd95ceb0add4eb100,test,casia_b_pose_no_temporal_seed33_20260918T194541411048Z,33,global_parts,occluded_gallery,body_part,0.40454545617103577,0.20007359534502028,0.17771212346851828,0.08484848588705063,0.31969697028398514,0.2097378294398095
casia_b_pose,no_temporal,tcn,legacy,73831959b9c7687625f8e3b1f9870399e129fe8e23b1f85589f1a79dde23bb8f,b060fe06dcb4298c31bdf3dbccb281438e81f18e,1776934f9c734c06a9f275ecbd5dd046382dc45097ba027fd95ceb0add4eb100,test,casia_b_pose_no_temporal_seed33_20260918T194541411048Z,33,global_parts,occluded_gallery,dynamic_joint,0.40454545617103577,0.32964501849242617,0.30556060299277304,0.1286666661500931,0.2758787900209427,0.3180524319019783
casia_b_pose,no_temporal,tcn,legacy,73831959b9c7687625f8e3b1f9870399e129fe8e23b1f85589f1a79dde23bb8f,b060fe06dcb4298c31bdf3dbccb281438e81f18e,1776934f9c734c06a9f275ecbd5dd046382dc45097ba027fd95ceb0add4eb100,test,casia_b_pose_no_temporal_seed33_20260918T194541411048Z,33,global_parts,occluded_gallery,random_joint,0.40454545617103577,0.3550519483430045,0.3365757569670677,0.19812120795249938,0.2064242482185364,0.48973781544276374
casia_b_pose,no_temporal,tcn,legacy,73831959b9c7687625f8e3b1f9870399e129fe8e23b1f85589f1a79dde23bb8f,b060fe06dcb4298c31bdf3dbccb281438e81f18e,1776934f9c734c06a9f275ecbd5dd046382dc45097ba027fd95ceb0add4eb100,test,casia_b_pose_no_temporal_seed33_20260918T194541411048Z,33,global_parts,occluded_gallery,temporal,0.40454545617103577,0.3377012989350728,0.3228787876665592,0.21636363565921785,0.18818182051181792,0.5348314567837898
casia_b_pose,no_temporal,tcn,legacy,73831959b9c7687625f8e3b1f9870399e129fe8e23b1f85589f1a79dde23bb8f,b060fe06dcb4298c31bdf3dbccb281438e81f18e,1776934f9c734c06a9f275ecbd5dd046382dc45097ba027fd95ceb0add4eb100,test,casia_b_pose_no_temporal_seed44_20260918T194922256569Z,44,global,clean_gallery,body_part,0.367878794670105,0.08018181856189456,0.05556060597300529,0.026969697326421738,0.34090909734368324,0.07331136699685774
casia_b_pose,no_temporal,tcn,legacy,73831959b9c7687625f8e3b1f9870399e129fe8e23b1f85589f1a79dde23bb8f,b060fe06dcb4298c31bdf3dbccb281438e81f18e,1776934f9c734c06a9f275ecbd5dd046382dc45097ba027fd95ceb0add4eb100,test,casia_b_pose_no_temporal_seed44_20260918T194922256569Z,44,global,clean_gallery,dynamic_joint,0.367878794670105,0.12330303053770747,0.10087878741323947,0.07254545241594315,0.29533334225416186,0.1971993315923475
casia_b_pose,no_temporal,tcn,legacy,73831959b9c7687625f8e3b1f9870399e129fe8e23b1f85589f1a79dde23bb8f,b060fe06dcb4298c31bdf3dbccb281438e81f18e,1776934f9c734c06a9f275ecbd5dd046382dc45097ba027fd95ceb0add4eb100,test,casia_b_pose_no_temporal_seed44_20260918T194922256569Z,44,global,clean_gallery,random_joint,0.367878794670105,0.13430303143603461,0.10886363703757525,0.057575758546590805,0.3103030361235142,0.15650741325882025
casia_b_pose,no_temporal,tcn,legacy,73831959b9c7687625f8e3b1f9870399e129fe8e23b1f85589f1a79dde23bb8f,b060fe06dcb4298c31bdf3dbccb281438e81f18e,1776934f9c734c06a9f275ecbd5dd046382dc45097ba027fd95ceb0add4eb100,test,casia_b_pose_no_temporal_seed44_20260918T194922256569Z,44,global,clean_gallery,temporal,0.367878794670105,0.13257575790796963,0.11263636350631713,0.10127272754907608,0.2666060671210289,0.275288298799316
casia_b_pose,no_temporal,tcn,legacy,73831959b9c7687625f8e3b1f9870399e129fe8e23b1f85589f1a79dde23bb8f,b060fe06dcb4298c31bdf3dbccb281438e81f18e,1776934f9c734c06a9f275ecbd5dd046382dc45097ba027fd95ceb0add4eb100,test,casia_b_pose_no_temporal_seed44_20260918T194922256569Z,44,global,occluded_gallery,body_part,0.367878794670105,0.20558874564511437,0.1856515161693096,0.09151515364646912,0.27636364102363586,0.24876441635766275
casia_b_pose,no_temporal,tcn,legacy,73831959b9c7687625f8e3b1f9870399e129fe8e23b1f85589f1a79dde23bb8f,b060fe06dcb4298c31bdf3dbccb281438e81f18e,1776934f9c734c06a9f275ecbd5dd046382dc45097ba027fd95ceb0add4eb100,test,casia_b_pose_no_temporal_seed44_20260918T194922256569Z,44,global,occluded_gallery,dynamic_joint,0.367878794670105,0.2850692648972784,0.2638939399272204,0.11436363607645035,0.25351515859365464,0.31087314010313055
casia_b_pose,no_temporal,tcn,legacy,73831959b9c7687625f8e3b1f9870399e129fe8e23b1f85589f1a79dde23bb8f,b060fe06dcb4298c31bdf3dbccb281438e81f18e,1776934f9c734c06a9f275ecbd5dd046382dc45097ba027fd95ceb0add4eb100,test,casia_b_pose_no_temporal_seed44_20260918T194922256569Z,44,global,occluded_gallery,random_joint,0.367878794670105,0.31099134215286794,0.2940303035080433,0.17357576191425322,0.19430303275585176,0.4718286686513343
casia_b_pose,no_temporal,tcn,legacy,73831959b9c7687625f8e3b1f9870399e129fe8e23b1f85589f1a79dde23bb8f,b060fe06dcb4298c31bdf3dbccb281438e81f18e,1776934f9c734c06a9f275ecbd5dd046382dc45097ba027fd95ceb0add4eb100,test,casia_b_pose_no_temporal_seed44_20260918T194922256569Z,44,global,occluded_gallery,temporal,0.367878794670105,0.2907748890774591,0.2765757545828819,0.18460606336593627,0.1832727313041687,0.5018121893420946
casia_b_pose,no_temporal,tcn,legacy,73831959b9c7687625f8e3b1f9870399e129fe8e23b1f85589f1a79dde23bb8f,b060fe06dcb4298c31bdf3dbccb281438e81f18e,1776934f9c734c06a9f275ecbd5dd046382dc45097ba027fd95ceb0add4eb100,test,casia_b_pose_no_temporal_seed44_20260918T194922256569Z,44,global_parts,clean_gallery,body_part,0.37060606479644775,0.09991774947515555,0.07448484869673848,0.0181818176060915,0.35242424719035625,0.04905968718045051
casia_b_pose,no_temporal,tcn,legacy,73831959b9c7687625f8e3b1f9870399e129fe8e23b1f85589f1a79dde23bb8f,b060fe06dcb4298c31bdf3dbccb281438e81f18e,1776934f9c734c06a9f275ecbd5dd046382dc45097ba027fd95ceb0add4eb100,test,casia_b_pose_no_temporal_seed44_20260918T194922256569Z,44,global_parts,clean_gallery,dynamic_joint,0.37060606479644775,0.1833506499017988,0.16128787882626056,0.11096969693899154,0.2596363678574562,0.299427633489864
casia_b_pose,no_temporal,tcn,legacy,73831959b9c7687625f8e3b1f9870399e129fe8e23b1f85589f1a79dde23bb8f,b060fe06dcb4298c31bdf3dbccb281438e81f18e,1776934f9c734c06a9f275ecbd5dd046382dc45097ba027fd95ceb0add4eb100,test,casia_b_pose_no_temporal_seed44_20260918T194922256569Z,44,global_parts,clean_gallery,random_joint,0.37060606479644775,0.18616450322525843,0.1602424249053001,0.07903030216693878,0.29157576262950896,0.21324611136718852
casia_b_pose,no_temporal,tcn,legacy,73831959b9c7687625f8e3b1f9870399e129fe8e23b1f85589f1a79dde23bb8f,b060fe06dcb4298c31bdf3dbccb281438e81f18e,1776934f9c734c06a9f275ecbd5dd046382dc45097ba027fd95ceb0add4eb100,test,casia_b_pose_no_temporal_seed44_20260918T194922256569Z,44,global_parts,clean_gallery,temporal,0.37060606479644775,0.19279221104724065,0.17665151804685592,0.16484849154949188,0.20406061112880708,0.44938674643415333
casia_b_pose,no_temporal,tcn,legacy,73831959b9c7687625f8e3b1f9870399e129fe8e23b1f85589f1a79dde23bb8f,b060fe06dcb4298c31bdf3dbccb281438e81f18e,1776934f9c734c06a9f275ecbd5dd046382dc45097ba027fd95ceb0add4eb100,test,casia_b_pose_no_temporal_seed44_20260918T194922256569Z,44,global_parts,occluded_gallery,body_part,0.37060606479644775,0.20565368235111237,0.1864545479416847,0.09151515364646912,0.27909091114997864,0.24693377237831507
casia_b_pose,no_temporal,tcn,legacy,73831959b9c7687625f8e3b1f9870399e129fe8e23b1f85589f1a79dde23bb8f,b060fe06dcb4298c31bdf3dbccb281438e81f18e,1776934f9c734c06a9f275ecbd5dd046382dc45097ba027fd95ceb0add4eb100,test,casia_b_pose_no_temporal_seed44_20260918T194922256569Z,44,global_parts,occluded_gallery,dynamic_joint,0.37060606479644775,0.32849350316183906,0.3074090875685215,0.1367272764444351,0.23387878835201265,0.3689288693090638
casia_b_pose,no_temporal,tcn,legacy,73831959b9c7687625f8e3b1f9870399e129fe8e23b1f85589f1a79dde23bb8f,b060fe06dcb4298c31bdf3dbccb281438e81f18e,1776934f9c734c06a9f275ecbd5dd046382dc45097ba027fd95ceb0add4eb100,test,casia_b_pose_no_temporal_seed44_20260918T194922256569Z,44,global_parts,occluded_gallery,random_joint,0.37060606479644775,0.35789610573223657,0.34148484990000727,0.20115151703357698,0.16945454776287078,0.5427636947713139
casia_b_pose,no_temporal,tcn,legacy,73831959b9c7687625f8e3b1f9870399e129fe8e23b1f85589f1a79dde23bb8f,b060fe06dcb4298c31bdf3dbccb281438e81f18e,1776934f9c734c06a9f275ecbd5dd046382dc45097ba027fd95ceb0add4eb100,test,casia_b_pose_no_temporal_seed44_20260918T194922256569Z,44,global_parts,occluded_gallery,temporal,0.37060606479644775,0.3246233731508255,0.31104545146226886,0.19921212196350097,0.1713939428329468,0.537530658255462
casia_b_pose,no_temporal,tcn,legacy,73831959b9c7687625f8e3b1f9870399e129fe8e23b1f85589f1a79dde23bb8f,b060fe06dcb4298c31bdf3dbccb281438e81f18e,1776934f9c734c06a9f275ecbd5dd046382dc45097ba027fd95ceb0add4eb100,test,casia_b_pose_no_temporal_seed55_20260918T200442731426Z,55,global,clean_gallery,body_part,0.36818182468414307,0.0922727284686906,0.06819697041064501,0.026969697326421738,0.34121212735772133,0.07325102848180673
casia_b_pose,no_temporal,tcn,legacy,73831959b9c7687625f8e3b1f9870399e129fe8e23b1f85589f1a79dde23bb8f,b060fe06dcb4298c31bdf3dbccb281438e81f18e,1776934f9c734c06a9f275ecbd5dd046382dc45097ba027fd95ceb0add4eb100,test,casia_b_pose_no_temporal_seed55_20260918T200442731426Z,55,global,clean_gallery,dynamic_joint,0.36818182468414307,0.16451947944504874,0.14042424075305462,0.06836363524198533,0.29981818944215777,0.18567900602001017
casia_b_pose,no_temporal,tcn,legacy,73831959b9c7687625f8e3b1f9870399e129fe8e23b1f85589f1a79dde23bb8f,b060fe06dcb4298c31bdf3dbccb281438e81f18e,1776934f9c734c06a9f275ecbd5dd046382dc45097ba027fd95ceb0add4eb100,test,casia_b_pose_no_temporal_seed55_20260918T200442731426Z,55,global,clean_gallery,random_joint,0.36818182468414307,0.16829437272889275,0.1418939396739006,0.04230303019285202,0.32587879449129104,0.11489711701315802
casia_b_pose,no_temporal,tcn,legacy,73831959b9c7687625f8e3b1f9870399e129fe8e23b1f85589f1a79dde23bb8f,b060fe06dcb4298c31bdf3dbccb281438e81f18e,1776934f9c734c06a9f275ecbd5dd046382dc45097ba027fd95ceb0add4eb100,test,casia_b_pose_no_temporal_seed55_20260918T200442731426Z,55,global,clean_gallery,temporal,0.36818182468414307,0.1759999990463257,0.1574999984353781,0.12527272552251817,0.2429090991616249,0.34024690281761605
casia_b_pose,no_temporal,tcn,legacy,73831959b9c7687625f8e3b1f9870399e129fe8e23b1f85589f1a79dde23bb8f,b060fe06dcb4298c31bdf3dbccb281438e81f18e,1776934f9c734c06a9f275ecbd5dd046382dc45097ba027fd95ceb0add4eb100,test,casia_b_pose_no_temporal_seed55_20260918T200442731426Z,55,global,occluded_gallery,body_part,0.36818182468414307,0.20642424353531427,0.18690909147262574,0.09515151381492615,0.2730303108692169,0.2584362057973802
casia_b_pose,no_temporal,tcn,legacy,73831959b9c7687625f8e3b1f9870399e129fe8e23b1f85589f1a79dde23bb8f,b060fe06dcb4298c31bdf3dbccb281438e81f18e,1776934f9c734c06a9f275ecbd5dd046382dc45097ba027fd95ceb0add4eb100,test,casia_b_pose_no_temporal_seed55_20260918T200442731426Z,55,global,occluded_gallery,dynamic_joint,0.36818182468414307,0.2848311709506171,0.26354545578360555,0.1084242433309555,0.25975758135318755,0.2944855939696937
casia_b_pose,no_temporal,tcn,legacy,73831959b9c7687625f8e3b1f9870399e129fe8e23b1f85589f1a79dde23bb8f,b060fe06dcb4298c31bdf3dbccb281438e81f18e,1776934f9c734c06a9f275ecbd5dd046382dc45097ba027fd95ceb0add4eb100,test,casia_b_pose_no_temporal_seed55_20260918T200442731426Z,55,global,occluded_gallery,random_joint,0.36818182468414307,0.30570129794733863,0.2877424232661724,0.15618182122707366,0.2120000034570694,0.4241975316436638
casia_b_pose,no_temporal,tcn,legacy,73831959b9c7687625f8e3b1f9870399e129fe8e23b1f85589f1a79dde23bb8f,b060fe06dcb4298c31bdf3dbccb281438e81f18e,1776934f9c734c06a9f275ecbd5dd046382dc45097ba027fd95ceb0add4eb100,test,casia_b_pose_no_temporal_seed55_20260918T200442731426Z,55,global,occluded_gallery,temporal,0.36818182468414307,0.29576623184340345,0.28162121027708054,0.18533333539962768,0.1828484892845154,0.5033744823189521
casia_b_pose,no_temporal,tcn,legacy,73831959b9c7687625f8e3b1f9870399e129fe8e23b1f85589f1a79dde23bb8f,b060fe06dcb4298c31bdf3dbccb281438e81f18e,1776934f9c734c06a9f275ecbd5dd046382dc45097ba027fd95ceb0add4eb100,test,casia_b_pose_no_temporal_seed55_20260918T200442731426Z,55,global_parts,clean_gallery,body_part,0.42848485708236694,0.1362770561128855,0.10736363558098674,0.02181818149983883,0.4066666755825281,0.05091937588740681
casia_b_pose,no_temporal,tcn,legacy,73831959b9c7687625f8e3b1f9870399e129fe8e23b1f85589f1a79dde23bb8f,b060fe06dcb4298c31bdf3dbccb281438e81f18e,1776934f9c734c06a9f275ecbd5dd046382dc45097ba027fd95ceb0add4eb100,test,casia_b_pose_no_temporal_seed55_20260918T200442731426Z,55,global_parts,clean_gallery,dynamic_joint,0.42848485708236694,0.2510476216673851,0.22268182076513765,0.10339394062757493,0.32509091645479204,0.24130127102181276
casia_b_pose,no_temporal,tcn,legacy,73831959b9c7687625f8e3b1f9870399e129fe8e23b1f85589f1a79dde23bb8f,b060fe06dcb4298c31bdf3dbccb281438e81f18e,1776934f9c734c06a9f275ecbd5dd046382dc45097ba027fd95ceb0add4eb100,test,casia_b_pose_no_temporal_seed55_20260918T200442731426Z,55,global_parts,clean_gallery,random_joint,0.42848485708236694,0.23609091096690724,0.20537878889590502,0.056727273017168046,0.3717575840651989,0.13239037991548777
casia_b_pose,no_temporal,tcn,legacy,73831959b9c7687625f8e3b1f9870399e129fe8e23b1f85589f1a79dde23bb8f,b060fe06dcb4298c31bdf3dbccb281438e81f18e,1776934f9c734c06a9f275ecbd5dd046382dc45097ba027fd95ceb0add4eb100,test,casia_b_pose_no_temporal_seed55_20260918T200442731426Z,55,global_parts,clean_gallery,temporal,0.42848485708236694,0.27137229612895425,0.25372727438807485,0.20903030335903167,0.21945455372333528,0.4878359174285828
casia_b_pose,no_temporal,tcn,legacy,73831959b9c7687625f8e3b1f9870399e129fe8e23b1f85589f1a79dde23bb8f,b060fe06dcb4298c31bdf3dbccb281438e81f18e,1776934f9c734c06a9f275ecbd5dd046382dc45097ba027fd95ceb0add4eb100,test,casia_b_pose_no_temporal_seed55_20260918T200442731426Z,55,global_parts,occluded_gallery,body_part,0.42848485708236694,0.2164761917931693,0.19383333399891856,0.09515151381492615,0.3333333432674408,0.22206505607416444
casia_b_pose,no_temporal,tcn,legacy,73831959b9c7687625f8e3b1f9870399e129fe8e23b1f85589f1a79dde23bb8f,b060fe06dcb4298c31bdf3dbccb281438e81f18e,1776934f9c734c06a9f275ecbd5dd046382dc45097ba027fd95ceb0add4eb100,test,casia_b_pose_no_temporal_seed55_20260918T200442731426Z,55,global_parts,occluded_gallery,dynamic_joint,0.42848485708236694,0.343294370174408,0.3172272697091103,0.12666666507720947,0.30181819200515747,0.29561526617231315
casia_b_pose,no_temporal,tcn,legacy,73831959b9c7687625f8e3b1f9870399e129fe8e23b1f85589f1a79dde23bb8f,b060fe06dcb4298c31bdf3dbccb281438e81f18e,1776934f9c734c06a9f275ecbd5dd046382dc45097ba027fd95ceb0add4eb100,test,casia_b_pose_no_temporal_seed55_20260918T200442731426Z,55,global_parts,occluded_gallery,random_joint,0.42848485708236694,0.35955843925476066,0.3374696940183639,0.17557575702667236,0.25290910005569456,0.40975953788005565
casia_b_pose,no_temporal,tcn,legacy,73831959b9c7687625f8e3b1f9870399e129fe8e23b1f85589f1a79dde23bb8f,b060fe06dcb4298c31bdf3dbccb281438e81f18e,1776934f9c734c06a9f275ecbd5dd046382dc45097ba027fd95ceb0add4eb100,test,casia_b_pose_no_temporal_seed55_20260918T200442731426Z,55,global_parts,occluded_gallery,temporal,0.42848485708236694,0.3470562802893775,0.3304696999490261,0.21218182146549225,0.2163030356168747,0.4951909453936779
casia_b_pose,no_visibility,tcn,legacy,1b7bd4617cb24cbeaa0388bff22efecc760c6836f07c4fc920a35cd11e60ef29,b060fe06dcb4298c31bdf3dbccb281438e81f18e,1776934f9c734c06a9f275ecbd5dd046382dc45097ba027fd95ceb0add4eb100,test,casia_b_pose_no_visibility_seed11_20260918T210406709996Z,11,global,clean_gallery,body_part,0.3739393949508667,0.10522510867033687,0.08075757622718811,0.02757575735449791,0.3463636375963688,0.07374392141304392
casia_b_pose,no_visibility,tcn,legacy,1b7bd4617cb24cbeaa0388bff22efecc760c6836f07c4fc920a35cd11e60ef29,b060fe06dcb4298c31bdf3dbccb281438e81f18e,1776934f9c734c06a9f275ecbd5dd046382dc45097ba027fd95ceb0add4eb100,test,casia_b_pose_no_visibility_seed11_20260918T210406709996Z,11,global,clean_gallery,dynamic_joint,0.3739393949508667,0.20587445752961295,0.18127272613346576,0.09169697016477585,0.28224242478609085,0.24521880123602452
casia_b_pose,no_visibility,tcn,legacy,1b7bd4617cb24cbeaa0388bff22efecc760c6836f07c4fc920a35cd11e60ef29,b060fe06dcb4298c31bdf3dbccb281438e81f18e,1776934f9c734c06a9f275ecbd5dd046382dc45097ba027fd95ceb0add4eb100,test,casia_b_pose_no_visibility_seed11_20260918T210406709996Z,11,global,clean_gallery,random_joint,0.3739393949508667,0.1878571428358555,0.1636515149846673,0.06278787925839424,0.31115151569247246,0.16790923905368188
casia_b_pose,no_visibility,tcn,legacy,1b7bd4617cb24cbeaa0388bff22efecc760c6836f07c4fc920a35cd11e60ef29,b060fe06dcb4298c31bdf3dbccb281438e81f18e,1776934f9c734c06a9f275ecbd5dd046382dc45097ba027fd95ceb0add4eb100,test,casia_b_pose_no_visibility_seed11_20260918T210406709996Z,11,global,clean_gallery,temporal,0.3739393949508667,0.1996883119855608,0.18200000002980232,0.14169696867465972,0.23224242627620698,0.3789303041827883
casia_b_pose,no_visibility,tcn,legacy,1b7bd4617cb24cbeaa0388bff22efecc760c6836f07c4fc920a35cd11e60ef29,b060fe06dcb4298c31bdf3dbccb281438e81f18e,1776934f9c734c06a9f275ecbd5dd046382dc45097ba027fd95ceb0add4eb100,test,casia_b_pose_no_visibility_seed11_20260918T210406709996Z,11,global,occluded_gallery,body_part,0.3739393949508667,0.20402597465685438,0.18507575802505016,0.10181818157434464,0.27212121337652206,0.27228524982697505
casia_b_pose,no_visibility,tcn,legacy,1b7bd4617cb24cbeaa0388bff22efecc760c6836f07c4fc920a35cd11e60ef29,b060fe06dcb4298c31bdf3dbccb281438e81f18e,1776934f9c734c06a9f275ecbd5dd046382dc45097ba027fd95ceb0add4eb100,test,casia_b_pose_no_visibility_seed11_20260918T210406709996Z,11,global,occluded_gallery,dynamic_joint,0.3739393949508667,0.29666666367224287,0.27466666363179687,0.11672727316617966,0.25721212178468705,0.31215559190150827
casia_b_pose,no_visibility,tcn,legacy,1b7bd4617cb24cbeaa0388bff22efecc760c6836f07c4fc920a35cd11e60ef29,b060fe06dcb4298c31bdf3dbccb281438e81f18e,1776934f9c734c06a9f275ecbd5dd046382dc45097ba027fd95ceb0add4eb100,test,casia_b_pose_no_visibility_seed11_20260918T210406709996Z,11,global,occluded_gallery,random_joint,0.3739393949508667,0.3210476181336812,0.30337878689169884,0.17672727406024932,0.19721212089061738,0.47260940261046896
casia_b_pose,no_visibility,tcn,legacy,1b7bd4617cb24cbeaa0388bff22efecc760c6836f07c4fc920a35cd11e60ef29,b060fe06dcb4298c31bdf3dbccb281438e81f18e,1776934f9c734c06a9f275ecbd5dd046382dc45097ba027fd95ceb0add4eb100,test,casia_b_pose_no_visibility_seed11_20260918T210406709996Z,11,global,occluded_gallery,temporal,0.3739393949508667,0.3028657994100026,0.28824242278933526,0.18599999845027923,0.18793939650058747,0.4974068016415293
casia_b_pose,no_visibility,tcn,legacy,1b7bd4617cb24cbeaa0388bff22efecc760c6836f07c4fc920a35cd11e60ef29,b060fe06dcb4298c31bdf3dbccb281438e81f18e,1776934f9c734c06a9f275ecbd5dd046382dc45097ba027fd95ceb0add4eb100,test,casia_b_pose_no_visibility_seed11_20260918T210406709996Z,11,global_parts,clean_gallery,body_part,0.40939393639564514,0.13272727270211493,0.10515151526778937,0.02757575735449791,0.38181817904114723,0.06735751290622008
casia_b_pose,no_visibility,tcn,legacy,1b7bd4617cb24cbeaa0388bff22efecc760c6836f07c4fc920a35cd11e60ef29,b060fe06dcb4298c31bdf3dbccb281438e81f18e,1776934f9c734c06a9f275ecbd5dd046382dc45097ba027fd95ceb0add4eb100,test,casia_b_pose_no_visibility_seed11_20260918T210406709996Z,11,global_parts,clean_gallery,dynamic_joint,0.40939393639564514,0.2657792208450181,0.24040909074246883,0.1243636354804039,0.28503030091524123,0.30377498156254273
casia_b_pose,no_visibility,tcn,legacy,1b7bd4617cb24cbeaa0388bff22efecc760c6836f07c4fc920a35cd11e60ef29,b060fe06dcb4298c31bdf3dbccb281438e81f18e,1776934f9c734c06a9f275ecbd5dd046382dc45097ba027fd95ceb0add4eb100,test,casia_b_pose_no_visibility_seed11_20260918T210406709996Z,11,global_parts,clean_gallery,random_joint,0.40939393639564514,0.23611255415848328,0.20915151610970495,0.07412121295928956,0.3352727234363556,0.18105107665214068
casia_b_pose,no_visibility,tcn,legacy,1b7bd4617cb24cbeaa0388bff22efecc760c6836f07c4fc920a35cd11e60ef29,b060fe06dcb4298c31bdf3dbccb281438e81f18e,1776934f9c734c06a9f275ecbd5dd046382dc45097ba027fd95ceb0add4eb100,test,casia_b_pose_no_visibility_seed11_20260918T210406709996Z,11,global_parts,clean_gallery,temporal,0.40939393639564514,0.27690908993993485,0.2614696964621544,0.21703030467033385,0.1923636317253113,0.5301258406050062
casia_b_pose,no_visibility,tcn,legacy,1b7bd4617cb24cbeaa0388bff22efecc760c6836f07c4fc920a35cd11e60ef29,b060fe06dcb4298c31bdf3dbccb281438e81f18e,1776934f9c734c06a9f275ecbd5dd046382dc45097ba027fd95ceb0add4eb100,test,casia_b_pose_no_visibility_seed11_20260918T210406709996Z,11,global_parts,occluded_gallery,body_part,0.40939393639564514,0.2089567080140114,0.18815151341259478,0.10181818157434464,0.3075757548213005,0.24870466443827796
casia_b_pose,no_visibility,tcn,legacy,1b7bd4617cb24cbeaa0388bff22efecc760c6836f07c4fc920a35cd11e60ef29,b060fe06dcb4298c31bdf3dbccb281438e81f18e,1776934f9c734c06a9f275ecbd5dd046382dc45097ba027fd95ceb0add4eb100,test,casia_b_pose_no_visibility_seed11_20260918T210406709996Z,11,global_parts,occluded_gallery,dynamic_joint,0.40939393639564514,0.35352813516344345,0.3295151479542256,0.14399999678134917,0.26539393961429597,0.35173944697164533
casia_b_pose,no_visibility,tcn,legacy,1b7bd4617cb24cbeaa0388bff22efecc760c6836f07c4fc920a35cd11e60ef29,b060fe06dcb4298c31bdf3dbccb281438e81f18e,1776934f9c734c06a9f275ecbd5dd046382dc45097ba027fd95ceb0add4eb100,test,casia_b_pose_no_visibility_seed11_20260918T210406709996Z,11,global_parts,occluded_gallery,random_joint,0.40939393639564514,0.3810909096683775,0.36230303049087526,0.21260606050491332,0.19678787589073182,0.5193190265022569
casia_b_pose,no_visibility,tcn,legacy,1b7bd4617cb24cbeaa0388bff22efecc760c6836f07c4fc920a35cd11e60ef29,b060fe06dcb4298c31bdf3dbccb281438e81f18e,1776934f9c734c06a9f275ecbd5dd046382dc45097ba027fd95ceb0add4eb100,test,casia_b_pose_no_visibility_seed11_20260918T210406709996Z,11,global_parts,occluded_gallery,temporal,0.40939393639564514,0.35618181484086175,0.341151512414217,0.22351514995098115,0.185878786444664,0.5459659513251128
casia_b_pose,no_visibility,tcn,legacy,1b7bd4617cb24cbeaa0388bff22efecc760c6836f07c4fc920a35cd11e60ef29,b060fe06dcb4298c31bdf3dbccb281438e81f18e,1776934f9c734c06a9f275ecbd5dd046382dc45097ba027fd95ceb0add4eb100,test,casia_b_pose_no_visibility_seed22_20260918T212400240668Z,22,global,clean_gallery,body_part,0.3799999952316284,0.09925974096570697,0.07425757683813572,0.023333333432674408,0.356666661798954,0.06140350980386621
casia_b_pose,no_visibility,tcn,legacy,1b7bd4617cb24cbeaa0388bff22efecc760c6836f07c4fc920a35cd11e60ef29,b060fe06dcb4298c31bdf3dbccb281438e81f18e,1776934f9c734c06a9f275ecbd5dd046382dc45097ba027fd95ceb0add4eb100,test,casia_b_pose_no_visibility_seed22_20260918T212400240668Z,22,global,clean_gallery,dynamic_joint,0.3799999952316284,0.1718961031309196,0.14828787837177515,0.059515152126550674,0.32048484310507774,0.15661882335096688
casia_b_pose,no_visibility,tcn,legacy,1b7bd4617cb24cbeaa0388bff22efecc760c6836f07c4fc920a35cd11e60ef29,b060fe06dcb4298c31bdf3dbccb281438e81f18e,1776934f9c734c06a9f275ecbd5dd046382dc45097ba027fd95ceb0add4eb100,test,casia_b_pose_no_visibility_seed22_20260918T212400240668Z,22,global,clean_gallery,random_joint,0.3799999952316284,0.12936796567269737,0.10689394008368254,0.041272726655006406,0.338727268576622,0.10861243992871283
casia_b_pose,no_visibility,tcn,legacy,1b7bd4617cb24cbeaa0388bff22efecc760c6836f07c4fc920a35cd11e60ef29,b060fe06dcb4298c31bdf3dbccb281438e81f18e,1776934f9c734c06a9f275ecbd5dd046382dc45097ba027fd95ceb0add4eb100,test,casia_b_pose_no_visibility_seed22_20260918T212400240668Z,22,global,clean_gallery,temporal,0.3799999952316284,0.21498268246650695,0.1968939378857613,0.1470909059047699,0.23290908932685853,0.38708133618557244
casia_b_pose,no_visibility,tcn,legacy,1b7bd4617cb24cbeaa0388bff22efecc760c6836f07c4fc920a35cd11e60ef29,b060fe06dcb4298c31bdf3dbccb281438e81f18e,1776934f9c734c06a9f275ecbd5dd046382dc45097ba027fd95ceb0add4eb100,test,casia_b_pose_no_visibility_seed22_20260918T212400240668Z,22,global,occluded_gallery,body_part,0.3799999952316284,0.21207792141607829,0.1920454543083906,0.09878788143396378,0.28121211379766464,0.25996811229891664
casia_b_pose,no_visibility,tcn,legacy,1b7bd4617cb24cbeaa0388bff22efecc760c6836f07c4fc920a35cd11e60ef29,b060fe06dcb4298c31bdf3dbccb281438e81f18e,1776934f9c734c06a9f275ecbd5dd046382dc45097ba027fd95ceb0add4eb100,test,casia_b_pose_no_visibility_seed22_20260918T212400240668Z,22,global,occluded_gallery,dynamic_joint,0.3799999952316284,0.29675325006246567,0.2753030341118574,0.11781818121671676,0.26218181401491164,0.31004784919773715
casia_b_pose,no_visibility,tcn,legacy,1b7bd4617cb24cbeaa0388bff22efecc760c6836f07c4fc920a35cd11e60ef29,b060fe06dcb4298c31bdf3dbccb281438e81f18e,1776934f9c734c06a9f275ecbd5dd046382dc45097ba027fd95ceb0add4eb100,test,casia_b_pose_no_visibility_seed22_20260918T212400240668Z,22,global,occluded_gallery,random_joint,0.3799999952316284,0.32203462762492047,0.3052272699773312,0.1813333362340927,0.19866665899753572,0.4771929960777006
casia_b_pose,no_visibility,tcn,legacy,1b7bd4617cb24cbeaa0388bff22efecc760c6836f07c4fc920a35cd11e60ef29,b060fe06dcb4298c31bdf3dbccb281438e81f18e,1776934f9c734c06a9f275ecbd5dd046382dc45097ba027fd95ceb0add4eb100,test,casia_b_pose_no_visibility_seed22_20260918T212400240668Z,22,global,occluded_gallery,temporal,0.3799999952316284,0.31249783635139466,0.2977272734045982,0.19563636183738708,0.18436363339424133,0.5148325376113156
casia_b_pose,no_visibility,tcn,legacy,1b7bd4617cb24cbeaa0388bff22efecc760c6836f07c4fc920a35cd11e60ef29,b060fe06dcb4298c31bdf3dbccb281438e81f18e,1776934f9c734c06a9f275ecbd5dd046382dc45097ba027fd95ceb0add4eb100,test,casia_b_pose_no_visibility_seed22_20260918T212400240668Z,22,global_parts,clean_gallery,body_part,0.4215151369571686,0.14112121276557446,0.11328788036480546,0.02606060542166233,0.39545453153550625,0.0618260250623228
casia_b_pose,no_visibility,tcn,legacy,1b7bd4617cb24cbeaa0388bff22efecc760c6836f07c4fc920a35cd11e60ef29,b060fe06dcb4298c31bdf3dbccb281438e81f18e,1776934f9c734c06a9f275ecbd5dd046382dc45097ba027fd95ceb0add4eb100,test,casia_b_pose_no_visibility_seed22_20260918T212400240668Z,22,global_parts,clean_gallery,dynamic_joint,0.4215151369571686,0.2959870131952422,0.26984848640859127,0.11303030401468277,0.3084848329424858,0.2681524199359135
casia_b_pose,no_visibility,tcn,legacy,1b7bd4617cb24cbeaa0388bff22efecc760c6836f07c4fc920a35cd11e60ef29,b060fe06dcb4298c31bdf3dbccb281438e81f18e,1776934f9c734c06a9f275ecbd5dd046382dc45097ba027fd95ceb0add4eb100,test,casia_b_pose_no_visibility_seed22_20260918T212400240668Z,22,global_parts,clean_gallery,random_joint,0.4215151369571686,0.2429653708423887,0.2194242462515831,0.08533333241939545,0.33618180453777313,0.20244428951092786
casia_b_pose,no_visibility,tcn,legacy,1b7bd4617cb24cbeaa0388bff22efecc760c6836f07c4fc920a35cd11e60ef29,b060fe06dcb4298c31bdf3dbccb281438e81f18e,1776934f9c734c06a9f275ecbd5dd046382dc45097ba027fd95ceb0add4eb100,test,casia_b_pose_no_visibility_seed22_20260918T212400240668Z,22,global_parts,clean_gallery,temporal,0.4215151369571686,0.33786147194249294,0.32295454740524293,0.2478181838989258,0.1736969530582428,0.587922383257395
casia_b_pose,no_visibility,tcn,legacy,1b7bd4617cb24cbeaa0388bff22efecc760c6836f07c4fc920a35cd11e60ef29,b060fe06dcb4298c31bdf3dbccb281438e81f18e,1776934f9c734c06a9f275ecbd5dd046382dc45097ba027fd95ceb0add4eb100,test,casia_b_pose_no_visibility_seed22_20260918T212400240668Z,22,global_parts,occluded_gallery,body_part,0.4215151369571686,0.21708225160837172,0.19504545666277406,0.09878788143396378,0.3227272555232048,0.23436378144588887
casia_b_pose,no_visibility,tcn,legacy,1b7bd4617cb24cbeaa0388bff22efecc760c6836f07c4fc920a35cd11e60ef29,b060fe06dcb4298c31bdf3dbccb281438e81f18e,1776934f9c734c06a9f275ecbd5dd046382dc45097ba027fd95ceb0add4eb100,test,casia_b_pose_no_visibility_seed22_20260918T212400240668Z,22,global_parts,occluded_gallery,dynamic_joint,0.4215151369571686,0.35522510622228903,0.3309242412447929,0.1456969678401947,0.2758181691169739,0.34565061860399904
casia_b_pose,no_visibility,tcn,legacy,1b7bd4617cb24cbeaa0388bff22efecc760c6836f07c4fc920a35cd11e60ef29,b060fe06dcb4298c31bdf3dbccb281438e81f18e,1776934f9c734c06a9f275ecbd5dd046382dc45097ba027fd95ceb0add4eb100,test,casia_b_pose_no_visibility_seed22_20260918T212400240668Z,22,global_parts,occluded_gallery,random_joint,0.4215151369571686,0.3840692647865841,0.3667575776576996,0.22981818318367003,0.19169695377349855,0.545219288784456
casia_b_pose,no_visibility,tcn,legacy,1b7bd4617cb24cbeaa0388bff22efecc760c6836f07c4fc920a35cd11e60ef29,b060fe06dcb4298c31bdf3dbccb281438e81f18e,1776934f9c734c06a9f275ecbd5dd046382dc45097ba027fd95ceb0add4eb100,test,casia_b_pose_no_visibility_seed22_20260918T212400240668Z,22,global_parts,occluded_gallery,temporal,0.4215151369571686,0.35744588034493585,0.34151514545083045,0.22145453989505767,0.2000605970621109,0.5253774312678131
casia_b_pose,no_visibility,tcn,legacy,1b7bd4617cb24cbeaa0388bff22efecc760c6836f07c4fc920a35cd11e60ef29,b060fe06dcb4298c31bdf3dbccb281438e81f18e,1776934f9c734c06a9f275ecbd5dd046382dc45097ba027fd95ceb0add4eb100,test,casia_b_pose_no_visibility_seed33_20260918T212711743447Z,33,global,clean_gallery,body_part,0.36666667461395264,0.08894805253616402,0.06489393943920732,0.024848485365509987,0.34181818924844265,0.06776859498254613
casia_b_pose,no_visibility,tcn,legacy,1b7bd4617cb24cbeaa0388bff22efecc760c6836f07c4fc920a35cd11e60ef29,b060fe06dcb4298c31bdf3dbccb281438e81f18e,1776934f9c734c06a9f275ecbd5dd046382dc45097ba027fd95ceb0add4eb100,test,casia_b_pose_no_visibility_seed33_20260918T212711743447Z,33,global,clean_gallery,dynamic_joint,0.36666667461395264,0.1827445890222277,0.1589090906083584,0.08084848523139954,0.2858181893825531,0.22049586403378868
casia_b_pose,no_visibility,tcn,legacy,1b7bd4617cb24cbeaa0388bff22efecc760c6836f07c4fc920a35cd11e60ef29,b060fe06dcb4298c31bdf3dbccb281438e81f18e,1776934f9c734c06a9f275ecbd5dd046382dc45097ba027fd95ceb0add4eb100,test,casia_b_pose_no_visibility_seed33_20260918T212711743447Z,33,global,clean_gallery,random_joint,0.36666667461395264,0.1730216455246721,0.14819696974009275,0.05921212062239647,0.3074545539915562,0.1614875981972955
casia_b_pose,no_visibility,tcn,legacy,1b7bd4617cb24cbeaa0388bff22efecc760c6836f07c4fc920a35cd11e60ef29,b060fe06dcb4298c31bdf3dbccb281438e81f18e,1776934f9c734c06a9f275ecbd5dd046382dc45097ba027fd95ceb0add4eb100,test,casia_b_pose_no_visibility_seed33_20260918T212711743447Z,33,global,clean_gallery,temporal,0.36666667461395264,0.19046320510762077,0.17362121343612671,0.14709091186523438,0.21957576274871826,0.4011570236648858
casia_b_pose,no_visibility,tcn,legacy,1b7bd4617cb24cbeaa0388bff22efecc760c6836f07c4fc920a35cd11e60ef29,b060fe06dcb4298c31bdf3dbccb281438e81f18e,1776934f9c734c06a9f275ecbd5dd046382dc45097ba027fd95ceb0add4eb100,test,casia_b_pose_no_visibility_seed33_20260918T212711743447Z,33,global,occluded_gallery,body_part,0.36666667461395264,0.19925108488116947,0.179196972027421,0.08666666597127914,0.2800000086426735,0.23636362934408126
casia_b_pose,no_visibility,tcn,legacy,1b7bd4617cb24cbeaa0388bff22efecc760c6836f07c4fc920a35cd11e60ef29,b060fe06dcb4298c31bdf3dbccb281438e81f18e,1776934f9c734c06a9f275ecbd5dd046382dc45097ba027fd95ceb0add4eb100,test,casia_b_pose_no_visibility_seed33_20260918T212711743447Z,33,global,occluded_gallery,dynamic_joint,0.36666667461395264,0.2905411258339882,0.26934848465025424,0.11715151518583297,0.24951515942811966,0.3195041253999336
casia_b_pose,no_visibility,tcn,legacy,1b7bd4617cb24cbeaa0388bff22efecc760c6836f07c4fc920a35cd11e60ef29,b060fe06dcb4298c31bdf3dbccb281438e81f18e,1776934f9c734c06a9f275ecbd5dd046382dc45097ba027fd95ceb0add4eb100,test,casia_b_pose_no_visibility_seed33_20260918T212711743447Z,33,global,occluded_gallery,random_joint,0.36666667461395264,0.3217835481677736,0.3062272705137729,0.19169696867465974,0.1749697059392929,0.5228099032356543
casia_b_pose,no_visibility,tcn,legacy,1b7bd4617cb24cbeaa0388bff22efecc760c6836f07c4fc920a35cd11e60ef29,b060fe06dcb4298c31bdf3dbccb281438e81f18e,1776934f9c734c06a9f275ecbd5dd046382dc45097ba027fd95ceb0add4eb100,test,casia_b_pose_no_visibility_seed33_20260918T212711743447Z,33,global,occluded_gallery,temporal,0.36666667461395264,0.2930389608655657,0.27893939390778544,0.18351515233516694,0.1831515222787857,0.5004958591570451
casia_b_pose,no_visibility,tcn,legacy,1b7bd4617cb24cbeaa0388bff22efecc760c6836f07c4fc920a35cd11e60ef29,b060fe06dcb4298c31bdf3dbccb281438e81f18e,1776934f9c734c06a9f275ecbd5dd046382dc45097ba027fd95ceb0add4eb100,test,casia_b_pose_no_visibility_seed33_20260918T212711743447Z,33,global_parts,clean_gallery,body_part,0.3590908944606781,0.11757575677973885,0.09387878812849522,0.02393939346075058,0.3351515009999275,0.06666666804989688
casia_b_pose,no_visibility,tcn,legacy,1b7bd4617cb24cbeaa0388bff22efecc760c6836f07c4fc920a35cd11e60ef29,b060fe06dcb4298c31bdf3dbccb281438e81f18e,1776934f9c734c06a9f275ecbd5dd046382dc45097ba027fd95ceb0add4eb100,test,casia_b_pose_no_visibility_seed33_20260918T212711743447Z,33,global_parts,clean_gallery,dynamic_joint,0.3590908944606781,0.2426753220813615,0.22137878648936749,0.11048484891653061,0.2486060455441475,0.30767933863226693
casia_b_pose,no_visibility,tcn,legacy,1b7bd4617cb24cbeaa0388bff22efecc760c6836f07c4fc920a35cd11e60ef29,b060fe06dcb4298c31bdf3dbccb281438e81f18e,1776934f9c734c06a9f275ecbd5dd046382dc45097ba027fd95ceb0add4eb100,test,casia_b_pose_no_visibility_seed33_20260918T212711743447Z,33,global_parts,clean_gallery,random_joint,0.3590908944606781,0.23532034478017266,0.21446969620883466,0.10381818264722824,0.25527271181344985,0.28911393813856995
casia_b_pose,no_visibility,tcn,legacy,1b7bd4617cb24cbeaa0388bff22efecc760c6836f07c4fc920a35cd11e60ef29,b060fe06dcb4298c31bdf3dbccb281438e81f18e,1776934f9c734c06a9f275ecbd5dd046382dc45097ba027fd95ceb0add4eb100,test,casia_b_pose_no_visibility_seed33_20260918T212711743447Z,33,global_parts,clean_gallery,temporal,0.3590908944606781,0.2706839850970677,0.25871212482452394,0.2158181846141815,0.1432727098464966,0.601012690500885
casia_b_pose,no_visibility,tcn,legacy,1b7bd4617cb24cbeaa0388bff22efecc760c6836f07c4fc920a35cd11e60ef29,b060fe06dcb4298c31bdf3dbccb281438e81f18e,1776934f9c734c06a9f275ecbd5dd046382dc45097ba027fd95ceb0add4eb100,test,casia_b_pose_no_visibility_seed33_20260918T212711743447Z,33,global_parts,occluded_gallery,body_part,0.3590908944606781,0.1940476181251662,0.17513636387884618,0.08666666597127914,0.27242422848939896,0.2413502188671328
casia_b_pose,no_visibility,tcn,legacy,1b7bd4617cb24cbeaa0388bff22efecc760c6836f07c4fc920a35cd11e60ef29,b060fe06dcb4298c31bdf3dbccb281438e81f18e,1776934f9c734c06a9f275ecbd5dd046382dc45097ba027fd95ceb0add4eb100,test,casia_b_pose_no_visibility_seed33_20260918T212711743447Z,33,global_parts,occluded_gallery,dynamic_joint,0.3590908944606781,0.31890909075737,0.29868181943893435,0.13672727346420288,0.22236362099647522,0.3807595112361588
casia_b_pose,no_visibility,tcn,legacy,1b7bd4617cb24cbeaa0388bff22efecc760c6836f07c4fc920a35cd11e60ef29,b060fe06dcb4298c31bdf3dbccb281438e81f18e,1776934f9c734c06a9f275ecbd5dd046382dc45097ba027fd95ceb0add4eb100,test,casia_b_pose_no_visibility_seed33_20260918T212711743447Z,33,global_parts,occluded_gallery,random_joint,0.3590908944606781,0.3583160170486995,0.34443939477205276,0.2231515169143677,0.1359393775463104,0.6214346293840756
casia_b_pose,no_visibility,tcn,legacy,1b7bd4617cb24cbeaa0388bff22efecc760c6836f07c4fc920a35cd11e60ef29,b060fe06dcb4298c31bdf3dbccb281438e81f18e,1776934f9c734c06a9f275ecbd5dd046382dc45097ba027fd95ceb0add4eb100,test,casia_b_pose_no_visibility_seed33_20260918T212711743447Z,33,global_parts,occluded_gallery,temporal,0.3590908944606781,0.3196926368134362,0.30731817856431004,0.20503030121326446,0.15406059324741364,0.5709704823376303
casia_b_pose,no_visibility,tcn,legacy,1b7bd4617cb24cbeaa0388bff22efecc760c6836f07c4fc920a35cd11e60ef29,b060fe06dcb4298c31bdf3dbccb281438e81f18e,1776934f9c734c06a9f275ecbd5dd046382dc45097ba027fd95ceb0add4eb100,test,casia_b_pose_no_visibility_seed44_20260918T213701782572Z,44,global,clean_gallery,body_part,0.3630303144454956,0.08956710062921047,0.06512121250852942,0.0245454553514719,0.3384848590940237,0.06761268790724387
casia_b_pose,no_visibility,tcn,legacy,1b7bd4617cb24cbeaa0388bff22efecc760c6836f07c4fc920a35cd11e60ef29,b060fe06dcb4298c31bdf3dbccb281438e81f18e,1776934f9c734c06a9f275ecbd5dd046382dc45097ba027fd95ceb0add4eb100,test,casia_b_pose_no_visibility_seed44_20260918T213701782572Z,44,global,clean_gallery,dynamic_joint,0.3630303144454956,0.16891342124768666,0.14439393989741803,0.0766666665673256,0.28636364787817004,0.2111853019338861
casia_b_pose,no_visibility,tcn,legacy,1b7bd4617cb24cbeaa0388bff22efecc760c6836f07c4fc920a35cd11e60ef29,b060fe06dcb4298c31bdf3dbccb281438e81f18e,1776934f9c734c06a9f275ecbd5dd046382dc45097ba027fd95ceb0add4eb100,test,casia_b_pose_no_visibility_seed44_20260918T213701782572Z,44,global,clean_gallery,random_joint,0.3630303144454956,0.16287013175232068,0.13869697060436012,0.06036363616585731,0.3026666782796383,0.16627712277433004
casia_b_pose,no_visibility,tcn,legacy,1b7bd4617cb24cbeaa0388bff22efecc760c6836f07c4fc920a35cd11e60ef29,b060fe06dcb4298c31bdf3dbccb281438e81f18e,1776934f9c734c06a9f275ecbd5dd046382dc45097ba027fd95ceb0add4eb100,test,casia_b_pose_no_visibility_seed44_20260918T213701782572Z,44,global,clean_gallery,temporal,0.3630303144454956,0.16557575847421374,0.14790909066796304,0.12733333110809325,0.23569698333740235,0.3507512349280978
casia_b_pose,no_visibility,tcn,legacy,1b7bd4617cb24cbeaa0388bff22efecc760c6836f07c4fc920a35cd11e60ef29,b060fe06dcb4298c31bdf3dbccb281438e81f18e,1776934f9c734c06a9f275ecbd5dd046382dc45097ba027fd95ceb0add4eb100,test,casia_b_pose_no_visibility_seed44_20260918T213701782572Z,44,global,occluded_gallery,body_part,0.3630303144454956,0.19729004331997466,0.17662121132016181,0.07878787815570831,0.2842424362897873,0.21702837206873893
casia_b_pose,no_visibility,tcn,legacy,1b7bd4617cb24cbeaa0388bff22efecc760c6836f07c4fc920a35cd11e60ef29,b060fe06dcb4298c31bdf3dbccb281438e81f18e,1776934f9c734c06a9f275ecbd5dd046382dc45097ba027fd95ceb0add4eb100,test,casia_b_pose_no_visibility_seed44_20260918T213701782572Z,44,global,occluded_gallery,dynamic_joint,0.3630303144454956,0.2952207782438823,0.27422727048397066,0.11866666376590729,0.24436365067958832,0.32687811194820643
casia_b_pose,no_visibility,tcn,legacy,1b7bd4617cb24cbeaa0388bff22efecc760c6836f07c4fc920a35cd11e60ef29,b060fe06dcb4298c31bdf3dbccb281438e81f18e,1776934f9c734c06a9f275ecbd5dd046382dc45097ba027fd95ceb0add4eb100,test,casia_b_pose_no_visibility_seed44_20260918T213701782572Z,44,global,occluded_gallery,random_joint,0.3630303144454956,0.3241428571087973,0.30816666632890705,0.18054545521736146,0.18248485922813415,0.4973288676818422
casia_b_pose,no_visibility,tcn,legacy,1b7bd4617cb24cbeaa0388bff22efecc760c6836f07c4fc920a35cd11e60ef29,b060fe06dcb4298c31bdf3dbccb281438e81f18e,1776934f9c734c06a9f275ecbd5dd046382dc45097ba027fd95ceb0add4eb100,test,casia_b_pose_no_visibility_seed44_20260918T213701782572Z,44,global,occluded_gallery,temporal,0.3630303144454956,0.3030259796551296,0.2891818225383759,0.19054545164108277,0.17248486280441283,0.5248747668142484
casia_b_pose,no_visibility,tcn,legacy,1b7bd4617cb24cbeaa0388bff22efecc760c6836f07c4fc920a35cd11e60ef29,b060fe06dcb4298c31bdf3dbccb281438e81f18e,1776934f9c734c06a9f275ecbd5dd046382dc45097ba027fd95ceb0add4eb100,test,casia_b_pose_no_visibility_seed44_20260918T213701782572Z,44,global_parts,clean_gallery,body_part,0.3845454454421997,0.11561471803912095,0.08943939404562115,0.024848485365509987,0.3596969600766897,0.06461781217285258
casia_b_pose,no_visibility,tcn,legacy,1b7bd4617cb24cbeaa0388bff22efecc760c6836f07c4fc920a35cd11e60ef29,b060fe06dcb4298c31bdf3dbccb281438e81f18e,1776934f9c734c06a9f275ecbd5dd046382dc45097ba027fd95ceb0add4eb100,test,casia_b_pose_no_visibility_seed44_20260918T213701782572Z,44,global_parts,clean_gallery,dynamic_joint,0.3845454454421997,0.2316190500344549,0.20613636672496793,0.10454545617103576,0.27999998927116393,0.2718676229562828
casia_b_pose,no_visibility,tcn,legacy,1b7bd4617cb24cbeaa0388bff22efecc760c6836f07c4fc920a35cd11e60ef29,b060fe06dcb4298c31bdf3dbccb281438e81f18e,1776934f9c734c06a9f275ecbd5dd046382dc45097ba027fd95ceb0add4eb100,test,casia_b_pose_no_visibility_seed44_20260918T213701782572Z,44,global_parts,clean_gallery,random_joint,0.3845454454421997,0.22635497791426526,0.20253030285239218,0.09703030288219452,0.2875151425600052,0.25232467067869346
casia_b_pose,no_visibility,tcn,legacy,1b7bd4617cb24cbeaa0388bff22efecc760c6836f07c4fc920a35cd11e60ef29,b060fe06dcb4298c31bdf3dbccb281438e81f18e,1776934f9c734c06a9f275ecbd5dd046382dc45097ba027fd95ceb0add4eb100,test,casia_b_pose_no_visibility_seed44_20260918T213701782572Z,44,global_parts,clean_gallery,temporal,0.3845454454421997,0.24529870003461837,0.23119696900248526,0.21084848344326018,0.17369696199893953,0.5483057618867375
casia_b_pose,no_visibility,tcn,legacy,1b7bd4617cb24cbeaa0388bff22efecc760c6836f07c4fc920a35cd11e60ef29,b060fe06dcb4298c31bdf3dbccb281438e81f18e,1776934f9c734c06a9f275ecbd5dd046382dc45097ba027fd95ceb0add4eb100,test,casia_b_pose_no_visibility_seed44_20260918T213701782572Z,44,global_parts,occluded_gallery,body_part,0.3845454454421997,0.19892207554408484,0.17778787687420844,0.07878787815570831,0.3057575672864914,0.2048857400069006
casia_b_pose,no_visibility,tcn,legacy,1b7bd4617cb24cbeaa0388bff22efecc760c6836f07c4fc920a35cd11e60ef29,b060fe06dcb4298c31bdf3dbccb281438e81f18e,1776934f9c734c06a9f275ecbd5dd046382dc45097ba027fd95ceb0add4eb100,test,casia_b_pose_no_visibility_seed44_20260918T213701782572Z,44,global_parts,occluded_gallery,dynamic_joint,0.3845454454421997,0.3268225054655756,0.3039545405656099,0.12787878662347793,0.25666665881872175,0.3325453158765838
casia_b_pose,no_visibility,tcn,legacy,1b7bd4617cb24cbeaa0388bff22efecc760c6836f07c4fc920a35cd11e60ef29,b060fe06dcb4298c31bdf3dbccb281438e81f18e,1776934f9c734c06a9f275ecbd5dd046382dc45097ba027fd95ceb0add4eb100,test,casia_b_pose_no_visibility_seed44_20260918T213701782572Z,44,global_parts,occluded_gallery,random_joint,0.3845454454421997,0.3621212141854423,0.34566666930913925,0.2099393904209137,0.174606055021286,0.5459416901414563
casia_b_pose,no_visibility,tcn,legacy,1b7bd4617cb24cbeaa0388bff22efecc760c6836f07c4fc920a35cd11e60ef29,b060fe06dcb4298c31bdf3dbccb281438e81f18e,1776934f9c734c06a9f275ecbd5dd046382dc45097ba027fd95ceb0add4eb100,test,casia_b_pose_no_visibility_seed44_20260918T213701782572Z,44,global_parts,occluded_gallery,temporal,0.3845454454421997,0.33411255436284204,0.3205757588148117,0.216848486661911,0.1676969587802887,0.5639086075055467
casia_b_pose,no_visibility,tcn,legacy,1b7bd4617cb24cbeaa0388bff22efecc760c6836f07c4fc920a35cd11e60ef29,b060fe06dcb4298c31bdf3dbccb281438e81f18e,1776934f9c734c06a9f275ecbd5dd046382dc45097ba027fd95ceb0add4eb100,test,casia_b_pose_no_visibility_seed55_20260918T215913485122Z,55,global,clean_gallery,body_part,0.36818182468414307,0.09476190486124585,0.07077272683382034,0.02818181738257408,0.340000007301569,0.0765432063539551
casia_b_pose,no_visibility,tcn,legacy,1b7bd4617cb24cbeaa0388bff22efecc760c6836f07c4fc920a35cd11e60ef29,b060fe06dcb4298c31bdf3dbccb281438e81f18e,1776934f9c734c06a9f275ecbd5dd046382dc45097ba027fd95ceb0add4eb100,test,casia_b_pose_no_visibility_seed55_20260918T215913485122Z,55,global,clean_gallery,dynamic_joint,0.36818182468414307,0.18501298832041876,0.1603636372834444,0.0746060624718666,0.29357576221227644,0.20263374634494757
casia_b_pose,no_visibility,tcn,legacy,1b7bd4617cb24cbeaa0388bff22efecc760c6836f07c4fc920a35cd11e60ef29,b060fe06dcb4298c31bdf3dbccb281438e81f18e,1776934f9c734c06a9f275ecbd5dd046382dc45097ba027fd95ceb0add4eb100,test,casia_b_pose_no_visibility_seed55_20260918T215913485122Z,55,global,clean_gallery,random_joint,0.36818182468414307,0.15753679797053338,0.13246969785541296,0.04321212098002434,0.3249697037041187,0.11736625244088375
casia_b_pose,no_visibility,tcn,legacy,1b7bd4617cb24cbeaa0388bff22efecc760c6836f07c4fc920a35cd11e60ef29,b060fe06dcb4298c31bdf3dbccb281438e81f18e,1776934f9c734c06a9f275ecbd5dd046382dc45097ba027fd95ceb0add4eb100,test,casia_b_pose_no_visibility_seed55_20260918T215913485122Z,55,global,clean_gallery,temporal,0.36818182468414307,0.18570995671408516,0.16872727200388907,0.13842424154281616,0.2297575831413269,0.3759670691554858
casia_b_pose,no_visibility,tcn,legacy,1b7bd4617cb24cbeaa0388bff22efecc760c6836f07c4fc920a35cd11e60ef29,b060fe06dcb4298c31bdf3dbccb281438e81f18e,1776934f9c734c06a9f275ecbd5dd046382dc45097ba027fd95ceb0add4eb100,test,casia_b_pose_no_visibility_seed55_20260918T215913485122Z,55,global,occluded_gallery,body_part,0.36818182468414307,0.20582251229456494,0.18551515229046345,0.08848484605550766,0.2796969786286354,0.2403292072644197
casia_b_pose,no_visibility,tcn,legacy,1b7bd4617cb24cbeaa0388bff22efecc760c6836f07c4fc920a35cd11e60ef29,b060fe06dcb4298c31bdf3dbccb281438e81f18e,1776934f9c734c06a9f275ecbd5dd046382dc45097ba027fd95ceb0add4eb100,test,casia_b_pose_no_visibility_seed55_20260918T215913485122Z,55,global,occluded_gallery,dynamic_joint,0.36818182468414307,0.298601727613381,0.2765606019645929,0.1124242439866066,0.25575758069753646,0.30534979308946997
casia_b_pose,no_visibility,tcn,legacy,1b7bd4617cb24cbeaa0388bff22efecc760c6836f07c4fc920a35cd11e60ef29,b060fe06dcb4298c31bdf3dbccb281438e81f18e,1776934f9c734c06a9f275ecbd5dd046382dc45097ba027fd95ceb0add4eb100,test,casia_b_pose_no_visibility_seed55_20260918T215913485122Z,55,global,occluded_gallery,random_joint,0.36818182468414307,0.31629004265580857,0.29856060445308685,0.1646060585975647,0.20357576608657837,0.44707817594955274
casia_b_pose,no_visibility,tcn,legacy,1b7bd4617cb24cbeaa0388bff22efecc760c6836f07c4fc920a35cd11e60ef29,b060fe06dcb4298c31bdf3dbccb281438e81f18e,1776934f9c734c06a9f275ecbd5dd046382dc45097ba027fd95ceb0add4eb100,test,casia_b_pose_no_visibility_seed55_20260918T215913485122Z,55,global,occluded_gallery,temporal,0.36818182468414307,0.3092077970504761,0.29592424631118774,0.19951515197753905,0.16866667270660402,0.5418929958009191
casia_b_pose,no_visibility,tcn,legacy,1b7bd4617cb24cbeaa0388bff22efecc760c6836f07c4fc920a35cd11e60ef29,b060fe06dcb4298c31bdf3dbccb281438e81f18e,1776934f9c734c06a9f275ecbd5dd046382dc45097ba027fd95ceb0add4eb100,test,casia_b_pose_no_visibility_seed55_20260918T215913485122Z,55,global_parts,clean_gallery,body_part,0.4033333361148834,0.12419047701571671,0.09827272789552807,0.02545454539358616,0.37787879072129726,0.0631104426893586
casia_b_pose,no_visibility,tcn,legacy,1b7bd4617cb24cbeaa0388bff22efecc760c6836f07c4fc920a35cd11e60ef29,b060fe06dcb4298c31bdf3dbccb281438e81f18e,1776934f9c734c06a9f275ecbd5dd046382dc45097ba027fd95ceb0add4eb100,test,casia_b_pose_no_visibility_seed55_20260918T215913485122Z,55,global_parts,clean_gallery,dynamic_joint,0.4033333361148834,0.2587142916662352,0.23190909661352632,0.09642424136400223,0.3069090947508812,0.239068365369475
casia_b_pose,no_visibility,tcn,legacy,1b7bd4617cb24cbeaa0388bff22efecc760c6836f07c4fc920a35cd11e60ef29,b060fe06dcb4298c31bdf3dbccb281438e81f18e,1776934f9c734c06a9f275ecbd5dd046382dc45097ba027fd95ceb0add4eb100,test,casia_b_pose_no_visibility_seed55_20260918T215913485122Z,55,global_parts,clean_gallery,random_joint,0.4033333361148834,0.21329004445246286,0.1852424245327711,0.04575757533311844,0.357575760781765,0.11344853310137767
casia_b_pose,no_visibility,tcn,legacy,1b7bd4617cb24cbeaa0388bff22efecc760c6836f07c4fc920a35cd11e60ef29,b060fe06dcb4298c31bdf3dbccb281438e81f18e,1776934f9c734c06a9f275ecbd5dd046382dc45097ba027fd95ceb0add4eb100,test,casia_b_pose_no_visibility_seed55_20260918T215913485122Z,55,global_parts,clean_gallery,temporal,0.4033333361148834,0.28809523497309003,0.2735909059643746,0.2256969690322876,0.17763636708259584,0.5595792582044377
casia_b_pose,no_visibility,tcn,legacy,1b7bd4617cb24cbeaa0388bff22efecc760c6836f07c4fc920a35cd11e60ef29,b060fe06dcb4298c31bdf3dbccb281438e81f18e,1776934f9c734c06a9f275ecbd5dd046382dc45097ba027fd95ceb0add4eb100,test,casia_b_pose_no_visibility_seed55_20260918T215913485122Z,55,global_parts,occluded_gallery,body_part,0.4033333361148834,0.20974458903074264,0.18798484839498997,0.08848484605550766,0.31484849005937576,0.21938391432714127
casia_b_pose,no_visibility,tcn,legacy,1b7bd4617cb24cbeaa0388bff22efecc760c6836f07c4fc920a35cd11e60ef29,b060fe06dcb4298c31bdf3dbccb281438e81f18e,1776934f9c734c06a9f275ecbd5dd046382dc45097ba027fd95ceb0add4eb100,test,casia_b_pose_no_visibility_seed55_20260918T215913485122Z,55,global_parts,occluded_gallery,dynamic_joint,0.4033333361148834,0.3436233805758612,0.31960606426000593,0.1353939414024353,0.2679393947124481,0.33568745570753017
casia_b_pose,no_visibility,tcn,legacy,1b7bd4617cb24cbeaa0388bff22efecc760c6836f07c4fc920a35cd11e60ef29,b060fe06dcb4298c31bdf3dbccb281438e81f18e,1776934f9c734c06a9f275ecbd5dd046382dc45097ba027fd95ceb0add4eb100,test,casia_b_pose_no_visibility_seed55_20260918T215913485122Z,55,global_parts,occluded_gallery,random_joint,0.4033333361148834,0.36388311684131625,0.34560606032609936,0.20151515007019044,0.20181818604469298,0.49962433557138924
casia_b_pose,no_visibility,tcn,legacy,1b7bd4617cb24cbeaa0388bff22efecc760c6836f07c4fc920a35cd11e60ef29,b060fe06dcb4298c31bdf3dbccb281438e81f18e,1776934f9c734c06a9f275ecbd5dd046382dc45097ba027fd95ceb0add4eb100,test,casia_b_pose_no_visibility_seed55_20260918T215913485122Z,55,global_parts,occluded_gallery,temporal,0.4033333361148834,0.3516623343740191,0.33778787553310397,0.2300606071949005,0.1732727289199829,0.570398195723081
casia_b_pose,oap_supcon__clip_only,tcn,legacy,e394ced7fd4fd8dfbee0caef0d0da6d774c2e4cbd3e2ee7ac1d1cade949871ef,b060fe06dcb4298c31bdf3dbccb281438e81f18e,1776934f9c734c06a9f275ecbd5dd046382dc45097ba027fd95ceb0add4eb100,test,casia_b_pose_oap_supcon__clip_only_seed11_20260918T103843351659Z,11,global,clean_gallery,body_part,0.36454546451568604,0.10372294464281626,0.0805151516571641,0.031515151262283325,0.3330303132534027,0.08645053725782195
casia_b_pose,oap_supcon__clip_only,tcn,legacy,e394ced7fd4fd8dfbee0caef0d0da6d774c2e4cbd3e2ee7ac1d1cade949871ef,b060fe06dcb4298c31bdf3dbccb281438e81f18e,1776934f9c734c06a9f275ecbd5dd046382dc45097ba027fd95ceb0add4eb100,test,casia_b_pose_oap_supcon__clip_only_seed11_20260918T103843351659Z,11,global,clean_gallery,dynamic_joint,0.36454546451568604,0.19076623490878514,0.17089393995702268,0.10048484951257705,0.26406061500310896,0.27564421805679407
casia_b_pose,oap_supcon__clip_only,tcn,legacy,e394ced7fd4fd8dfbee0caef0d0da6d774c2e4cbd3e2ee7ac1d1cade949871ef,b060fe06dcb4298c31bdf3dbccb281438e81f18e,1776934f9c734c06a9f275ecbd5dd046382dc45097ba027fd95ceb0add4eb100,test,casia_b_pose_oap_supcon__clip_only_seed11_20260918T103843351659Z,11,global,clean_gallery,random_joint,0.36454546451568604,0.18992640716688977,0.1705909088253975,0.10884848535060883,0.2556969791650772,0.2985868593790314
casia_b_pose,oap_supcon__clip_only,tcn,legacy,e394ced7fd4fd8dfbee0caef0d0da6d774c2e4cbd3e2ee7ac1d1cade949871ef,b060fe06dcb4298c31bdf3dbccb281438e81f18e,1776934f9c734c06a9f275ecbd5dd046382dc45097ba027fd95ceb0add4eb100,test,casia_b_pose_oap_supcon__clip_only_seed11_20260918T103843351659Z,11,global,clean_gallery,temporal,0.36454546451568604,0.203077922974314,0.18498484864830972,0.13024242520332335,0.23430303931236268,0.35727347582380675
casia_b_pose,oap_supcon__clip_only,tcn,legacy,e394ced7fd4fd8dfbee0caef0d0da6d774c2e4cbd3e2ee7ac1d1cade949871ef,b060fe06dcb4298c31bdf3dbccb281438e81f18e,1776934f9c734c06a9f275ecbd5dd046382dc45097ba027fd95ceb0add4eb100,test,casia_b_pose_oap_supcon__clip_only_seed11_20260918T103843351659Z,11,global,occluded_gallery,body_part,0.36454546451568604,0.20079220959118432,0.18325757682323457,0.1090909093618393,0.25545455515384674,0.2992518628829223
casia_b_pose,oap_supcon__clip_only,tcn,legacy,e394ced7fd4fd8dfbee0caef0d0da6d774c2e4cbd3e2ee7ac1d1cade949871ef,b060fe06dcb4298c31bdf3dbccb281438e81f18e,1776934f9c734c06a9f275ecbd5dd046382dc45097ba027fd95ceb0add4eb100,test,casia_b_pose_oap_supcon__clip_only_seed11_20260918T103843351659Z,11,global,occluded_gallery,dynamic_joint,0.36454546451568604,0.2900995684521539,0.27018181830644605,0.12436363399028778,0.24018183052539827,0.34114711632885103
casia_b_pose,oap_supcon__clip_only,tcn,legacy,e394ced7fd4fd8dfbee0caef0d0da6d774c2e4cbd3e2ee7ac1d1cade949871ef,b060fe06dcb4298c31bdf3dbccb281438e81f18e,1776934f9c734c06a9f275ecbd5dd046382dc45097ba027fd95ceb0add4eb100,test,casia_b_pose_oap_supcon__clip_only_seed11_20260918T103843351659Z,11,global,occluded_gallery,random_joint,0.36454546451568604,0.31448051716600145,0.29848484620451926,0.18103030622005462,0.18351515829563142,0.49659184886735863
casia_b_pose,oap_supcon__clip_only,tcn,legacy,e394ced7fd4fd8dfbee0caef0d0da6d774c2e4cbd3e2ee7ac1d1cade949871ef,b060fe06dcb4298c31bdf3dbccb281438e81f18e,1776934f9c734c06a9f275ecbd5dd046382dc45097ba027fd95ceb0add4eb100,test,casia_b_pose_oap_supcon__clip_only_seed11_20260918T103843351659Z,11,global,occluded_gallery,temporal,0.36454546451568604,0.29689610387597765,0.2823787875473499,0.1780606061220169,0.18648485839366913,0.4884455395942942
casia_b_pose,oap_supcon__clip_only,tcn,legacy,e394ced7fd4fd8dfbee0caef0d0da6d774c2e4cbd3e2ee7ac1d1cade949871ef,b060fe06dcb4298c31bdf3dbccb281438e81f18e,1776934f9c734c06a9f275ecbd5dd046382dc45097ba027fd95ceb0add4eb100,test,casia_b_pose_oap_supcon__clip_only_seed11_20260918T103843351659Z,11,global_parts,clean_gallery,body_part,0.3996969759464264,0.14489610376102585,0.1182272719219327,0.02030302956700325,0.37939394637942314,0.050796054983724914
casia_b_pose,oap_supcon__clip_only,tcn,legacy,e394ced7fd4fd8dfbee0caef0d0da6d774c2e4cbd3e2ee7ac1d1cade949871ef,b060fe06dcb4298c31bdf3dbccb281438e81f18e,1776934f9c734c06a9f275ecbd5dd046382dc45097ba027fd95ceb0add4eb100,test,casia_b_pose_oap_supcon__clip_only_seed11_20260918T103843351659Z,11,global_parts,clean_gallery,dynamic_joint,0.3996969759464264,0.27827272798333846,0.2573030307888985,0.15333333611488342,0.24636363983154297,0.3836239585045936
casia_b_pose,oap_supcon__clip_only,tcn,legacy,e394ced7fd4fd8dfbee0caef0d0da6d774c2e4cbd3e2ee7ac1d1cade949871ef,b060fe06dcb4298c31bdf3dbccb281438e81f18e,1776934f9c734c06a9f275ecbd5dd046382dc45097ba027fd95ceb0add4eb100,test,casia_b_pose_oap_supcon__clip_only_seed11_20260918T103843351659Z,11,global_parts,clean_gallery,random_joint,0.3996969759464264,0.25056277470929283,0.23093939796090127,0.14399999976158143,0.255696976184845,0.3602729278113992
casia_b_pose,oap_supcon__clip_only,tcn,legacy,e394ced7fd4fd8dfbee0caef0d0da6d774c2e4cbd3e2ee7ac1d1cade949871ef,b060fe06dcb4298c31bdf3dbccb281438e81f18e,1776934f9c734c06a9f275ecbd5dd046382dc45097ba027fd95ceb0add4eb100,test,casia_b_pose_oap_supcon__clip_only_seed11_20260918T103843351659Z,11,global_parts,clean_gallery,temporal,0.3996969759464264,0.30832034690039495,0.29422727301716806,0.2390909105539322,0.1606060653924942,0.5981804340345545
casia_b_pose,oap_supcon__clip_only,tcn,legacy,e394ced7fd4fd8dfbee0caef0d0da6d774c2e4cbd3e2ee7ac1d1cade949871ef,b060fe06dcb4298c31bdf3dbccb281438e81f18e,1776934f9c734c06a9f275ecbd5dd046382dc45097ba027fd95ceb0add4eb100,test,casia_b_pose_oap_supcon__clip_only_seed11_20260918T103843351659Z,11,global_parts,occluded_gallery,body_part,0.3996969759464264,0.20853679691042223,0.18928787857294083,0.1090909093618393,0.2906060665845871,0.2729340373504886
casia_b_pose,oap_supcon__clip_only,tcn,legacy,e394ced7fd4fd8dfbee0caef0d0da6d774c2e4cbd3e2ee7ac1d1cade949871ef,b060fe06dcb4298c31bdf3dbccb281438e81f18e,1776934f9c734c06a9f275ecbd5dd046382dc45097ba027fd95ceb0add4eb100,test,casia_b_pose_oap_supcon__clip_only_seed11_20260918T103843351659Z,11,global_parts,occluded_gallery,dynamic_joint,0.3996969759464264,0.3461342028209141,0.32377273067831996,0.1523030310869217,0.2473939448595047,0.38104624316030783
casia_b_pose,oap_supcon__clip_only,tcn,legacy,e394ced7fd4fd8dfbee0caef0d0da6d774c2e4cbd3e2ee7ac1d1cade949871ef,b060fe06dcb4298c31bdf3dbccb281438e81f18e,1776934f9c734c06a9f275ecbd5dd046382dc45097ba027fd95ceb0add4eb100,test,casia_b_pose_oap_supcon__clip_only_seed11_20260918T103843351659Z,11,global_parts,occluded_gallery,random_joint,0.3996969759464264,0.3749523831265314,0.35872727483510974,0.23018181920051575,0.16951515674591064,0.5758908199279654
casia_b_pose,oap_supcon__clip_only,tcn,legacy,e394ced7fd4fd8dfbee0caef0d0da6d774c2e4cbd3e2ee7ac1d1cade949871ef,b060fe06dcb4298c31bdf3dbccb281438e81f18e,1776934f9c734c06a9f275ecbd5dd046382dc45097ba027fd95ceb0add4eb100,test,casia_b_pose_oap_supcon__clip_only_seed11_20260918T103843351659Z,11,global_parts,occluded_gallery,temporal,0.3996969759464264,0.3437619081565312,0.32937879115343094,0.2171515166759491,0.1825454592704773,0.5432903668129205
casia_b_pose,oap_supcon__confidence_only,tcn,legacy,cf7b3dd0553cc1eb3c1a229bdff40b9131b36242fb0f2f64bbed17b347c5a1a6,3f00838b0e0dd262bb6b996b4db5b4d333537b62,1776934f9c734c06a9f275ecbd5dd046382dc45097ba027fd95ceb0add4eb100,test,casia_b_pose_oap_supcon__confidence_only_seed11_20260918T102602944109Z,11,global,clean_gallery,body_part,0.36666667461395264,0.11960173259888376,0.09669697005301714,0.036666665226221085,0.33000000938773155,0.09999999390407055
casia_b_pose,oap_supcon__confidence_only,tcn,legacy,cf7b3dd0553cc1eb3c1a229bdff40b9131b36242fb0f2f64bbed17b347c5a1a6,3f00838b0e0dd262bb6b996b4db5b4d333537b62,1776934f9c734c06a9f275ecbd5dd046382dc45097ba027fd95ceb0add4eb100,test,casia_b_pose_oap_supcon__confidence_only_seed11_20260918T102602944109Z,11,global,clean_gallery,dynamic_joint,0.36666667461395264,0.23498701197760444,0.21292424052953718,0.1114545464515686,0.25521212816238403,0.3039669382796084
casia_b_pose,oap_supcon__confidence_only,tcn,legacy,cf7b3dd0553cc1eb3c1a229bdff40b9131b36242fb0f2f64bbed17b347c5a1a6,3f00838b0e0dd262bb6b996b4db5b4d333537b62,1776934f9c734c06a9f275ecbd5dd046382dc45097ba027fd95ceb0add4eb100,test,casia_b_pose_oap_supcon__confidence_only_seed11_20260918T102602944109Z,11,global,clean_gallery,random_joint,0.36666667461395264,0.21890909097024372,0.20024242363870146,0.11048484891653061,0.25618182569742204,0.30132230869591653
casia_b_pose,oap_supcon__confidence_only,tcn,legacy,cf7b3dd0553cc1eb3c1a229bdff40b9131b36242fb0f2f64bbed17b347c5a1a6,3f00838b0e0dd262bb6b996b4db5b4d333537b62,1776934f9c734c06a9f275ecbd5dd046382dc45097ba027fd95ceb0add4eb100,test,casia_b_pose_oap_supcon__confidence_only_seed11_20260918T102602944109Z,11,global,clean_gallery,temporal,0.36666667461395264,0.22506494075059894,0.19828788377344608,0.0581212118268013,0.30854546278715134,0.1585123924556127
casia_b_pose,oap_supcon__confidence_only,tcn,legacy,cf7b3dd0553cc1eb3c1a229bdff40b9131b36242fb0f2f64bbed17b347c5a1a6,3f00838b0e0dd262bb6b996b4db5b4d333537b62,1776934f9c734c06a9f275ecbd5dd046382dc45097ba027fd95ceb0add4eb100,test,casia_b_pose_oap_supcon__confidence_only_seed11_20260918T102602944109Z,11,global,occluded_gallery,body_part,0.36666667461395264,0.20240692794322968,0.1829848498106003,0.09060606360435486,0.2760606110095978,0.24710744083778552
casia_b_pose,oap_supcon__confidence_only,tcn,legacy,cf7b3dd0553cc1eb3c1a229bdff40b9131b36242fb0f2f64bbed17b347c5a1a6,3f00838b0e0dd262bb6b996b4db5b4d333537b62,1776934f9c734c06a9f275ecbd5dd046382dc45097ba027fd95ceb0add4eb100,test,casia_b_pose_oap_supcon__confidence_only_seed11_20260918T102602944109Z,11,global,occluded_gallery,dynamic_joint,0.36666667461395264,0.2936926407473428,0.2724999994039536,0.11218181848526002,0.25448485612869265,0.30595040741941265
casia_b_pose,oap_supcon__confidence_only,tcn,legacy,cf7b3dd0553cc1eb3c1a229bdff40b9131b36242fb0f2f64bbed17b347c5a1a6,3f00838b0e0dd262bb6b996b4db5b4d333537b62,1776934f9c734c06a9f275ecbd5dd046382dc45097ba027fd95ceb0add4eb100,test,casia_b_pose_oap_supcon__confidence_only_seed11_20260918T102602944109Z,11,global,occluded_gallery,random_joint,0.36666667461395264,0.3133160161120552,0.29718181639909746,0.17418181896209717,0.19248485565185547,0.47504131414584
casia_b_pose,oap_supcon__confidence_only,tcn,legacy,cf7b3dd0553cc1eb3c1a229bdff40b9131b36242fb0f2f64bbed17b347c5a1a6,3f00838b0e0dd262bb6b996b4db5b4d333537b62,1776934f9c734c06a9f275ecbd5dd046382dc45097ba027fd95ceb0add4eb100,test,casia_b_pose_oap_supcon__confidence_only_seed11_20260918T102602944109Z,11,global,occluded_gallery,temporal,0.36666667461395264,0.31344588824680875,0.29969696998596196,0.19745454788208008,0.16921212673187255,0.5385123916428222
casia_b_pose,oap_supcon__confidence_only,tcn,legacy,cf7b3dd0553cc1eb3c1a229bdff40b9131b36242fb0f2f64bbed17b347c5a1a6,3f00838b0e0dd262bb6b996b4db5b4d333537b62,1776934f9c734c06a9f275ecbd5dd046382dc45097ba027fd95ceb0add4eb100,test,casia_b_pose_oap_supcon__confidence_only_seed11_20260918T102602944109Z,11,global_parts,clean_gallery,body_part,0.442727267742157,0.16316017380782538,0.13351515270769596,0.03030303120613098,0.412424236536026,0.06844627248886638
casia_b_pose,oap_supcon__confidence_only,tcn,legacy,cf7b3dd0553cc1eb3c1a229bdff40b9131b36242fb0f2f64bbed17b347c5a1a6,3f00838b0e0dd262bb6b996b4db5b4d333537b62,1776934f9c734c06a9f275ecbd5dd046382dc45097ba027fd95ceb0add4eb100,test,casia_b_pose_oap_supcon__confidence_only_seed11_20260918T102602944109Z,11,global_parts,clean_gallery,dynamic_joint,0.442727267742157,0.31186579849038804,0.28339393734931945,0.12551515102386473,0.31721211671829225,0.2835044510901108
casia_b_pose,oap_supcon__confidence_only,tcn,legacy,cf7b3dd0553cc1eb3c1a229bdff40b9131b36242fb0f2f64bbed17b347c5a1a6,3f00838b0e0dd262bb6b996b4db5b4d333537b62,1776934f9c734c06a9f275ecbd5dd046382dc45097ba027fd95ceb0add4eb100,test,casia_b_pose_oap_supcon__confidence_only_seed11_20260918T102602944109Z,11,global_parts,clean_gallery,random_joint,0.442727267742157,0.25612554103136065,0.2335303034633398,0.09757575839757919,0.3451515093445778,0.2203969927020782
casia_b_pose,oap_supcon__confidence_only,tcn,legacy,cf7b3dd0553cc1eb3c1a229bdff40b9131b36242fb0f2f64bbed17b347c5a1a6,3f00838b0e0dd262bb6b996b4db5b4d333537b62,1776934f9c734c06a9f275ecbd5dd046382dc45097ba027fd95ceb0add4eb100,test,casia_b_pose_oap_supcon__confidence_only_seed11_20260918T102602944109Z,11,global_parts,clean_gallery,temporal,0.442727267742157,0.2876363615904536,0.2537575740367174,0.04824242442846298,0.394484843313694,0.10896646297503235
casia_b_pose,oap_supcon__confidence_only,tcn,legacy,cf7b3dd0553cc1eb3c1a229bdff40b9131b36242fb0f2f64bbed17b347c5a1a6,3f00838b0e0dd262bb6b996b4db5b4d333537b62,1776934f9c734c06a9f275ecbd5dd046382dc45097ba027fd95ceb0add4eb100,test,casia_b_pose_oap_supcon__confidence_only_seed11_20260918T102602944109Z,11,global_parts,occluded_gallery,body_part,0.442727267742157,0.22644155749252867,0.2025303028523922,0.09060606360435486,0.3521212041378021,0.20465435541486357
casia_b_pose,oap_supcon__confidence_only,tcn,legacy,cf7b3dd0553cc1eb3c1a229bdff40b9131b36242fb0f2f64bbed17b347c5a1a6,3f00838b0e0dd262bb6b996b4db5b4d333537b62,1776934f9c734c06a9f275ecbd5dd046382dc45097ba027fd95ceb0add4eb100,test,casia_b_pose_oap_supcon__confidence_only_seed11_20260918T102602944109Z,11,global_parts,occluded_gallery,dynamic_joint,0.442727267742157,0.3478961048381669,0.3212727289646864,0.11090909093618392,0.33181817680597303,0.2505133499045671
casia_b_pose,oap_supcon__confidence_only,tcn,legacy,cf7b3dd0553cc1eb3c1a229bdff40b9131b36242fb0f2f64bbed17b347c5a1a6,3f00838b0e0dd262bb6b996b4db5b4d333537b62,1776934f9c734c06a9f275ecbd5dd046382dc45097ba027fd95ceb0add4eb100,test,casia_b_pose_oap_supcon__confidence_only_seed11_20260918T102602944109Z,11,global_parts,occluded_gallery,random_joint,0.442727267742157,0.36779220529964995,0.3465757556259632,0.18145454823970794,0.261272719502449,0.4098562737395848
casia_b_pose,oap_supcon__confidence_only,tcn,legacy,cf7b3dd0553cc1eb3c1a229bdff40b9131b36242fb0f2f64bbed17b347c5a1a6,3f00838b0e0dd262bb6b996b4db5b4d333537b62,1776934f9c734c06a9f275ecbd5dd046382dc45097ba027fd95ceb0add4eb100,test,casia_b_pose_oap_supcon__confidence_only_seed11_20260918T102602944109Z,11,global_parts,occluded_gallery,temporal,0.442727267742157,0.3811038953917367,0.3621060602366924,0.2134545475244522,0.22927272021770478,0.4821355337181704
casia_b_pose,oap_supcon,tcn,legacy,2490eaecd9a7a38f0cdbe65a5f134c853dc4a780c0bf8adf17fef18f02c6ee09,b060fe06dcb4298c31bdf3dbccb281438e81f18e,1776934f9c734c06a9f275ecbd5dd046382dc45097ba027fd95ceb0add4eb100,test,casia_b_pose_oap_supcon_seed11_20260918T131752198293Z,11,global,clean_gallery,body_part,0.3736363649368286,0.09714718641979354,0.0727424243465066,0.026969697326421738,0.3466666676104069,0.07218167142532166
casia_b_pose,oap_supcon,tcn,legacy,2490eaecd9a7a38f0cdbe65a5f134c853dc4a780c0bf8adf17fef18f02c6ee09,b060fe06dcb4298c31bdf3dbccb281438e81f18e,1776934f9c734c06a9f275ecbd5dd046382dc45097ba027fd95ceb0add4eb100,test,casia_b_pose_oap_supcon_seed11_20260918T131752198293Z,11,global,clean_gallery,dynamic_joint,0.3736363649368286,0.19712986882243838,0.17363636232912538,0.10084848552942276,0.27278787940740584,0.2699107875821279
casia_b_pose,oap_supcon,tcn,legacy,2490eaecd9a7a38f0cdbe65a5f134c853dc4a780c0bf8adf17fef18f02c6ee09,b060fe06dcb4298c31bdf3dbccb281438e81f18e,1776934f9c734c06a9f275ecbd5dd046382dc45097ba027fd95ceb0add4eb100,test,casia_b_pose_oap_supcon_seed11_20260918T131752198293Z,11,global,clean_gallery,random_joint,0.3736363649368286,0.2038311694349561,0.17884848564863207,0.08248485028743743,0.29115151464939115,0.2207623722636936
casia_b_pose,oap_supcon,tcn,legacy,2490eaecd9a7a38f0cdbe65a5f134c853dc4a780c0bf8adf17fef18f02c6ee09,b060fe06dcb4298c31bdf3dbccb281438e81f18e,1776934f9c734c06a9f275ecbd5dd046382dc45097ba027fd95ceb0add4eb100,test,casia_b_pose_oap_supcon_seed11_20260918T131752198293Z,11,global,clean_gallery,temporal,0.3736363649368286,0.1872640711920602,0.17001515328884126,0.1435757577419281,0.2300606071949005,0.3842660169499367
casia_b_pose,oap_supcon,tcn,legacy,2490eaecd9a7a38f0cdbe65a5f134c853dc4a780c0bf8adf17fef18f02c6ee09,b060fe06dcb4298c31bdf3dbccb281438e81f18e,1776934f9c734c06a9f275ecbd5dd046382dc45097ba027fd95ceb0add4eb100,test,casia_b_pose_oap_supcon_seed11_20260918T131752198293Z,11,global,occluded_gallery,body_part,0.3736363649368286,0.2045454557452883,0.1841060623526573,0.09060606360435486,0.28303030133247375,0.242497979605582
casia_b_pose,oap_supcon,tcn,legacy,2490eaecd9a7a38f0cdbe65a5f134c853dc4a780c0bf8adf17fef18f02c6ee09,b060fe06dcb4298c31bdf3dbccb281438e81f18e,1776934f9c734c06a9f275ecbd5dd046382dc45097ba027fd95ceb0add4eb100,test,casia_b_pose_oap_supcon_seed11_20260918T131752198293Z,11,global,occluded_gallery,dynamic_joint,0.3736363649368286,0.3056406938603946,0.2841666679829359,0.12375757545232773,0.24987878948450087,0.3312246533424327
casia_b_pose,oap_supcon,tcn,legacy,2490eaecd9a7a38f0cdbe65a5f134c853dc4a780c0bf8adf17fef18f02c6ee09,b060fe06dcb4298c31bdf3dbccb281438e81f18e,1776934f9c734c06a9f275ecbd5dd046382dc45097ba027fd95ceb0add4eb100,test,casia_b_pose_oap_supcon_seed11_20260918T131752198293Z,11,global,occluded_gallery,random_joint,0.3736363649368286,0.3275930753776005,0.3107121229171753,0.18193939328193665,0.19169697165489197,0.48694241341497224
casia_b_pose,oap_supcon,tcn,legacy,2490eaecd9a7a38f0cdbe65a5f134c853dc4a780c0bf8adf17fef18f02c6ee09,b060fe06dcb4298c31bdf3dbccb281438e81f18e,1776934f9c734c06a9f275ecbd5dd046382dc45097ba027fd95ceb0add4eb100,test,casia_b_pose_oap_supcon_seed11_20260918T131752198293Z,11,global,occluded_gallery,temporal,0.3736363649368286,0.3091038967881884,0.29498484879732134,0.1932121217250824,0.18042424321174622,0.5171127327441726
casia_b_pose,oap_supcon,tcn,legacy,2490eaecd9a7a38f0cdbe65a5f134c853dc4a780c0bf8adf17fef18f02c6ee09,b060fe06dcb4298c31bdf3dbccb281438e81f18e,1776934f9c734c06a9f275ecbd5dd046382dc45097ba027fd95ceb0add4eb100,test,casia_b_pose_oap_supcon_seed11_20260918T131752198293Z,11,global_parts,clean_gallery,body_part,0.39848485589027405,0.13873593152633734,0.11219697007909417,0.024848485365509987,0.37363637052476406,0.06235741458729918
casia_b_pose,oap_supcon,tcn,legacy,2490eaecd9a7a38f0cdbe65a5f134c853dc4a780c0bf8adf17fef18f02c6ee09,b060fe06dcb4298c31bdf3dbccb281438e81f18e,1776934f9c734c06a9f275ecbd5dd046382dc45097ba027fd95ceb0add4eb100,test,casia_b_pose_oap_supcon_seed11_20260918T131752198293Z,11,global_parts,clean_gallery,dynamic_joint,0.39848485589027405,0.27908658172403067,0.2557727284729481,0.15430302917957306,0.244181826710701,0.3872243245852776
casia_b_pose,oap_supcon,tcn,legacy,2490eaecd9a7a38f0cdbe65a5f134c853dc4a780c0bf8adf17fef18f02c6ee09,b060fe06dcb4298c31bdf3dbccb281438e81f18e,1776934f9c734c06a9f275ecbd5dd046382dc45097ba027fd95ceb0add4eb100,test,casia_b_pose_oap_supcon_seed11_20260918T131752198293Z,11,global_parts,clean_gallery,random_joint,0.39848485589027405,0.2797489153487342,0.25769696682691573,0.15624242424964904,0.242242431640625,0.39209124748437524
casia_b_pose,oap_supcon,tcn,legacy,2490eaecd9a7a38f0cdbe65a5f134c853dc4a780c0bf8adf17fef18f02c6ee09,b060fe06dcb4298c31bdf3dbccb281438e81f18e,1776934f9c734c06a9f275ecbd5dd046382dc45097ba027fd95ceb0add4eb100,test,casia_b_pose_oap_supcon_seed11_20260918T131752198293Z,11,global_parts,clean_gallery,temporal,0.39848485589027405,0.2822294384241104,0.26848484948277473,0.2341212123632431,0.16436364352703095,0.5875285067990393
casia_b_pose,oap_supcon,tcn,legacy,2490eaecd9a7a38f0cdbe65a5f134c853dc4a780c0bf8adf17fef18f02c6ee09,b060fe06dcb4298c31bdf3dbccb281438e81f18e,1776934f9c734c06a9f275ecbd5dd046382dc45097ba027fd95ceb0add4eb100,test,casia_b_pose_oap_supcon_seed11_20260918T131752198293Z,11,global_parts,occluded_gallery,body_part,0.39848485589027405,0.208562770485878,0.1875,0.09060606360435486,0.3078787922859192,0.2273764291541959
casia_b_pose,oap_supcon,tcn,legacy,2490eaecd9a7a38f0cdbe65a5f134c853dc4a780c0bf8adf17fef18f02c6ee09,b060fe06dcb4298c31bdf3dbccb281438e81f18e,1776934f9c734c06a9f275ecbd5dd046382dc45097ba027fd95ceb0add4eb100,test,casia_b_pose_oap_supcon_seed11_20260918T131752198293Z,11,global_parts,occluded_gallery,dynamic_joint,0.39848485589027405,0.3510909063475473,0.32753029987216,0.14151515066623688,0.25696970522403717,0.35513307111777465
casia_b_pose,oap_supcon,tcn,legacy,2490eaecd9a7a38f0cdbe65a5f134c853dc4a780c0bf8adf17fef18f02c6ee09,b060fe06dcb4298c31bdf3dbccb281438e81f18e,1776934f9c734c06a9f275ecbd5dd046382dc45097ba027fd95ceb0add4eb100,test,casia_b_pose_oap_supcon_seed11_20260918T131752198293Z,11,global_parts,occluded_gallery,random_joint,0.39848485589027405,0.3699999962534223,0.3521666623651981,0.2051515132188797,0.19333334267139435,0.5148288829208851
casia_b_pose,oap_supcon,tcn,legacy,2490eaecd9a7a38f0cdbe65a5f134c853dc4a780c0bf8adf17fef18f02c6ee09,b060fe06dcb4298c31bdf3dbccb281438e81f18e,1776934f9c734c06a9f275ecbd5dd046382dc45097ba027fd95ceb0add4eb100,test,casia_b_pose_oap_supcon_seed11_20260918T131752198293Z,11,global_parts,occluded_gallery,temporal,0.39848485589027405,0.3520995655230113,0.33756060451269154,0.21800000071525574,0.1804848551750183,0.5470722349741787
casia_b_pose,oap_supcon,tcn,legacy,2490eaecd9a7a38f0cdbe65a5f134c853dc4a780c0bf8adf17fef18f02c6ee09,b060fe06dcb4298c31bdf3dbccb281438e81f18e,1776934f9c734c06a9f275ecbd5dd046382dc45097ba027fd95ceb0add4eb100,test,casia_b_pose_oap_supcon_seed22_20260918T132148715327Z,22,global,clean_gallery,body_part,0.3693939447402954,0.09509523899427483,0.07030303096398711,0.020606061443686485,0.3487878832966089,0.055783430500393555
casia_b_pose,oap_supcon,tcn,legacy,2490eaecd9a7a38f0cdbe65a5f134c853dc4a780c0bf8adf17fef18f02c6ee09,b060fe06dcb4298c31bdf3dbccb281438e81f18e,1776934f9c734c06a9f275ecbd5dd046382dc45097ba027fd95ceb0add4eb100,test,casia_b_pose_oap_supcon_seed22_20260918T132148715327Z,22,global,clean_gallery,dynamic_joint,0.3693939447402954,0.18259307518601414,0.15766666773706675,0.059575756639242174,0.3098181881010532,0.1612797326202173
casia_b_pose,oap_supcon,tcn,legacy,2490eaecd9a7a38f0cdbe65a5f134c853dc4a780c0bf8adf17fef18f02c6ee09,b060fe06dcb4298c31bdf3dbccb281438e81f18e,1776934f9c734c06a9f275ecbd5dd046382dc45097ba027fd95ceb0add4eb100,test,casia_b_pose_oap_supcon_seed22_20260918T132148715327Z,22,global,clean_gallery,random_joint,0.3693939447402954,0.16701298664723127,0.14281818103045227,0.040121211856603625,0.3292727328836918,0.1086136154311113
casia_b_pose,oap_supcon,tcn,legacy,2490eaecd9a7a38f0cdbe65a5f134c853dc4a780c0bf8adf17fef18f02c6ee09,b060fe06dcb4298c31bdf3dbccb281438e81f18e,1776934f9c734c06a9f275ecbd5dd046382dc45097ba027fd95ceb0add4eb100,test,casia_b_pose_oap_supcon_seed22_20260918T132148715327Z,22,global,clean_gallery,temporal,0.3693939447402954,0.20561904736927575,0.1887121208012104,0.1469696968793869,0.2224242478609085,0.3978670981808184
casia_b_pose,oap_supcon,tcn,legacy,2490eaecd9a7a38f0cdbe65a5f134c853dc4a780c0bf8adf17fef18f02c6ee09,b060fe06dcb4298c31bdf3dbccb281438e81f18e,1776934f9c734c06a9f275ecbd5dd046382dc45097ba027fd95ceb0add4eb100,test,casia_b_pose_oap_supcon_seed22_20260918T132148715327Z,22,global,occluded_gallery,body_part,0.3693939447402954,0.20919913479260033,0.1909848488867283,0.1066666692495346,0.2627272754907608,0.2887612825503332
casia_b_pose,oap_supcon,tcn,legacy,2490eaecd9a7a38f0cdbe65a5f134c853dc4a780c0bf8adf17fef18f02c6ee09,b060fe06dcb4298c31bdf3dbccb281438e81f18e,1776934f9c734c06a9f275ecbd5dd046382dc45097ba027fd95ceb0add4eb100,test,casia_b_pose_oap_supcon_seed22_20260918T132148715327Z,22,global,occluded_gallery,dynamic_joint,0.3693939447402954,0.298428572501455,0.2768333345651627,0.11363636553287507,0.25575757920742037,0.3076292049474925
casia_b_pose,oap_supcon,tcn,legacy,2490eaecd9a7a38f0cdbe65a5f134c853dc4a780c0bf8adf17fef18f02c6ee09,b060fe06dcb4298c31bdf3dbccb281438e81f18e,1776934f9c734c06a9f275ecbd5dd046382dc45097ba027fd95ceb0add4eb100,test,casia_b_pose_oap_supcon_seed22_20260918T132148715327Z,22,global,occluded_gallery,random_joint,0.3693939447402954,0.32252814173698424,0.3057121239602566,0.17315151393413544,0.19624243080615997,0.46874486276668836
casia_b_pose,oap_supcon,tcn,legacy,2490eaecd9a7a38f0cdbe65a5f134c853dc4a780c0bf8adf17fef18f02c6ee09,b060fe06dcb4298c31bdf3dbccb281438e81f18e,1776934f9c734c06a9f275ecbd5dd046382dc45097ba027fd95ceb0add4eb100,test,casia_b_pose_oap_supcon_seed22_20260918T132148715327Z,22,global,occluded_gallery,temporal,0.3693939447402954,0.30706061082226893,0.29337879195809363,0.19672727286815644,0.17266667187213897,0.5325676710983086
casia_b_pose,oap_supcon,tcn,legacy,2490eaecd9a7a38f0cdbe65a5f134c853dc4a780c0bf8adf17fef18f02c6ee09,b060fe06dcb4298c31bdf3dbccb281438e81f18e,1776934f9c734c06a9f275ecbd5dd046382dc45097ba027fd95ceb0add4eb100,test,casia_b_pose_oap_supcon_seed22_20260918T132148715327Z,22,global_parts,clean_gallery,body_part,0.3824242353439331,0.13856277157153402,0.11419697124511002,0.027878787368535995,0.3545454479753971,0.07290015849404319
casia_b_pose,oap_supcon,tcn,legacy,2490eaecd9a7a38f0cdbe65a5f134c853dc4a780c0bf8adf17fef18f02c6ee09,b060fe06dcb4298c31bdf3dbccb281438e81f18e,1776934f9c734c06a9f275ecbd5dd046382dc45097ba027fd95ceb0add4eb100,test,casia_b_pose_oap_supcon_seed22_20260918T132148715327Z,22,global_parts,clean_gallery,dynamic_joint,0.3824242353439331,0.24355411125080928,0.2196212116628885,0.09551515132188797,0.2869090840220451,0.2497622862107221
casia_b_pose,oap_supcon,tcn,legacy,2490eaecd9a7a38f0cdbe65a5f134c853dc4a780c0bf8adf17fef18f02c6ee09,b060fe06dcb4298c31bdf3dbccb281438e81f18e,1776934f9c734c06a9f275ecbd5dd046382dc45097ba027fd95ceb0add4eb100,test,casia_b_pose_oap_supcon_seed22_20260918T132148715327Z,22,global_parts,clean_gallery,random_joint,0.3824242353439331,0.22622943967580797,0.20300000272691252,0.07812121063470841,0.3043030247092247,0.20427892224050634
casia_b_pose,oap_supcon,tcn,legacy,2490eaecd9a7a38f0cdbe65a5f134c853dc4a780c0bf8adf17fef18f02c6ee09,b060fe06dcb4298c31bdf3dbccb281438e81f18e,1776934f9c734c06a9f275ecbd5dd046382dc45097ba027fd95ceb0add4eb100,test,casia_b_pose_oap_supcon_seed22_20260918T132148715327Z,22,global_parts,clean_gallery,temporal,0.3824242353439331,0.28359307050704957,0.27101514860987663,0.2287272721529007,0.1536969631910324,0.5980982663067755
casia_b_pose,oap_supcon,tcn,legacy,2490eaecd9a7a38f0cdbe65a5f134c853dc4a780c0bf8adf17fef18f02c6ee09,b060fe06dcb4298c31bdf3dbccb281438e81f18e,1776934f9c734c06a9f275ecbd5dd046382dc45097ba027fd95ceb0add4eb100,test,casia_b_pose_oap_supcon_seed22_20260918T132148715327Z,22,global_parts,occluded_gallery,body_part,0.3824242353439331,0.20466666647366114,0.18613636419177054,0.10636363923549652,0.2760605961084366,0.27812996511541277
casia_b_pose,oap_supcon,tcn,legacy,2490eaecd9a7a38f0cdbe65a5f134c853dc4a780c0bf8adf17fef18f02c6ee09,b060fe06dcb4298c31bdf3dbccb281438e81f18e,1776934f9c734c06a9f275ecbd5dd046382dc45097ba027fd95ceb0add4eb100,test,casia_b_pose_oap_supcon_seed22_20260918T132148715327Z,22,global_parts,occluded_gallery,dynamic_joint,0.3824242353439331,0.32677488901785445,0.3032575730234384,0.12290908843278885,0.25951514691114425,0.32139461120253165
casia_b_pose,oap_supcon,tcn,legacy,2490eaecd9a7a38f0cdbe65a5f134c853dc4a780c0bf8adf17fef18f02c6ee09,b060fe06dcb4298c31bdf3dbccb281438e81f18e,1776934f9c734c06a9f275ecbd5dd046382dc45097ba027fd95ceb0add4eb100,test,casia_b_pose_oap_supcon_seed22_20260918T132148715327Z,22,global_parts,occluded_gallery,random_joint,0.3824242353439331,0.3515411240713937,0.33389393836259845,0.19236363768577575,0.19006059765815736,0.5030111062725237
casia_b_pose,oap_supcon,tcn,legacy,2490eaecd9a7a38f0cdbe65a5f134c853dc4a780c0bf8adf17fef18f02c6ee09,b060fe06dcb4298c31bdf3dbccb281438e81f18e,1776934f9c734c06a9f275ecbd5dd046382dc45097ba027fd95ceb0add4eb100,test,casia_b_pose_oap_supcon_seed22_20260918T132148715327Z,22,global_parts,occluded_gallery,temporal,0.3824242353439331,0.32880086515630996,0.3150909088551998,0.21145454347133635,0.17096969187259675,0.5529318592509306
casia_b_pose,oap_supcon,tcn,legacy,2490eaecd9a7a38f0cdbe65a5f134c853dc4a780c0bf8adf17fef18f02c6ee09,b060fe06dcb4298c31bdf3dbccb281438e81f18e,1776934f9c734c06a9f275ecbd5dd046382dc45097ba027fd95ceb0add4eb100,test,casia_b_pose_oap_supcon_seed33_20260918T134336761525Z,33,global,clean_gallery,body_part,0.3460606038570404,0.09216883118663516,0.06942424271255732,0.026969697326421738,0.31909090653061867,0.07793345161462838
casia_b_pose,oap_supcon,tcn,legacy,2490eaecd9a7a38f0cdbe65a5f134c853dc4a780c0bf8adf17fef18f02c6ee09,b060fe06dcb4298c31bdf3dbccb281438e81f18e,1776934f9c734c06a9f275ecbd5dd046382dc45097ba027fd95ceb0add4eb100,test,casia_b_pose_oap_supcon_seed33_20260918T134336761525Z,33,global,clean_gallery,dynamic_joint,0.3460606038570404,0.1587099571313177,0.13777272813022137,0.07315151691436768,0.27290908694267274,0.211383544093297
casia_b_pose,oap_supcon,tcn,legacy,2490eaecd9a7a38f0cdbe65a5f134c853dc4a780c0bf8adf17fef18f02c6ee09,b060fe06dcb4298c31bdf3dbccb281438e81f18e,1776934f9c734c06a9f275ecbd5dd046382dc45097ba027fd95ceb0add4eb100,test,casia_b_pose_oap_supcon_seed33_20260918T134336761525Z,33,global,clean_gallery,random_joint,0.3460606038570404,0.14433766230940817,0.12256060633808374,0.049757576733827594,0.2963030271232128,0.14378284086443635
casia_b_pose,oap_supcon,tcn,legacy,2490eaecd9a7a38f0cdbe65a5f134c853dc4a780c0bf8adf17fef18f02c6ee09,b060fe06dcb4298c31bdf3dbccb281438e81f18e,1776934f9c734c06a9f275ecbd5dd046382dc45097ba027fd95ceb0add4eb100,test,casia_b_pose_oap_supcon_seed33_20260918T134336761525Z,33,global,clean_gallery,temporal,0.3460606038570404,0.173212120788438,0.155924241989851,0.11951515078544617,0.22654545307159424,0.34535901935494095
casia_b_pose,oap_supcon,tcn,legacy,2490eaecd9a7a38f0cdbe65a5f134c853dc4a780c0bf8adf17fef18f02c6ee09,b060fe06dcb4298c31bdf3dbccb281438e81f18e,1776934f9c734c06a9f275ecbd5dd046382dc45097ba027fd95ceb0add4eb100,test,casia_b_pose_oap_supcon_seed33_20260918T134336761525Z,33,global,occluded_gallery,body_part,0.3460606038570404,0.18905627599784303,0.17021211981773376,0.081212118268013,0.2648484855890274,0.23467599999207708
casia_b_pose,oap_supcon,tcn,legacy,2490eaecd9a7a38f0cdbe65a5f134c853dc4a780c0bf8adf17fef18f02c6ee09,b060fe06dcb4298c31bdf3dbccb281438e81f18e,1776934f9c734c06a9f275ecbd5dd046382dc45097ba027fd95ceb0add4eb100,test,casia_b_pose_oap_supcon_seed33_20260918T134336761525Z,33,global,occluded_gallery,dynamic_joint,0.3460606038570404,0.27589610219001776,0.25669696852564816,0.11296969652175903,0.23309090733528137,0.3264448344094882
casia_b_pose,oap_supcon,tcn,legacy,2490eaecd9a7a38f0cdbe65a5f134c853dc4a780c0bf8adf17fef18f02c6ee09,b060fe06dcb4298c31bdf3dbccb281438e81f18e,1776934f9c734c06a9f275ecbd5dd046382dc45097ba027fd95ceb0add4eb100,test,casia_b_pose_oap_supcon_seed33_20260918T134336761525Z,33,global,occluded_gallery,random_joint,0.3460606038570404,0.30140692889690396,0.28568182066082953,0.16515151560306549,0.18090908825397492,0.47723292903716513
casia_b_pose,oap_supcon,tcn,legacy,2490eaecd9a7a38f0cdbe65a5f134c853dc4a780c0bf8adf17fef18f02c6ee09,b060fe06dcb4298c31bdf3dbccb281438e81f18e,1776934f9c734c06a9f275ecbd5dd046382dc45097ba027fd95ceb0add4eb100,test,casia_b_pose_oap_supcon_seed33_20260918T134336761525Z,33,global,occluded_gallery,temporal,0.3460606038570404,0.28216017271791183,0.2692727267742157,0.1760000020265579,0.1700606018304825,0.5085814451715646
casia_b_pose,oap_supcon,tcn,legacy,2490eaecd9a7a38f0cdbe65a5f134c853dc4a780c0bf8adf17fef18f02c6ee09,b060fe06dcb4298c31bdf3dbccb281438e81f18e,1776934f9c734c06a9f275ecbd5dd046382dc45097ba027fd95ceb0add4eb100,test,casia_b_pose_oap_supcon_seed33_20260918T134336761525Z,33,global_parts,clean_gallery,body_part,0.35606059432029724,0.12349783464201859,0.10004545459523798,0.0245454553514719,0.33151513896882534,0.06893617474949175
casia_b_pose,oap_supcon,tcn,legacy,2490eaecd9a7a38f0cdbe65a5f134c853dc4a780c0bf8adf17fef18f02c6ee09,b060fe06dcb4298c31bdf3dbccb281438e81f18e,1776934f9c734c06a9f275ecbd5dd046382dc45097ba027fd95ceb0add4eb100,test,casia_b_pose_oap_supcon_seed33_20260918T134336761525Z,33,global_parts,clean_gallery,dynamic_joint,0.35606059432029724,0.24818181821278165,0.2295454554259777,0.1513333350419998,0.20472725927829744,0.42502129540868727
casia_b_pose,oap_supcon,tcn,legacy,2490eaecd9a7a38f0cdbe65a5f134c853dc4a780c0bf8adf17fef18f02c6ee09,b060fe06dcb4298c31bdf3dbccb281438e81f18e,1776934f9c734c06a9f275ecbd5dd046382dc45097ba027fd95ceb0add4eb100,test,casia_b_pose_oap_supcon_seed33_20260918T134336761525Z,33,global_parts,clean_gallery,random_joint,0.35606059432029724,0.22780086270400454,0.20566666424274443,0.09957575798034668,0.25648483633995056,0.2796595848255325
casia_b_pose,oap_supcon,tcn,legacy,2490eaecd9a7a38f0cdbe65a5f134c853dc4a780c0bf8adf17fef18f02c6ee09,b060fe06dcb4298c31bdf3dbccb281438e81f18e,1776934f9c734c06a9f275ecbd5dd046382dc45097ba027fd95ceb0add4eb100,test,casia_b_pose_oap_supcon_seed33_20260918T134336761525Z,33,global_parts,clean_gallery,temporal,0.35606059432029724,0.2621861428022385,0.2504545420408249,0.21890909075737,0.13715150356292724,0.6148085304841359
casia_b_pose,oap_supcon,tcn,legacy,2490eaecd9a7a38f0cdbe65a5f134c853dc4a780c0bf8adf17fef18f02c6ee09,b060fe06dcb4298c31bdf3dbccb281438e81f18e,1776934f9c734c06a9f275ecbd5dd046382dc45097ba027fd95ceb0add4eb100,test,casia_b_pose_oap_supcon_seed33_20260918T134336761525Z,33,global_parts,occluded_gallery,body_part,0.35606059432029724,0.18900865869862693,0.17012121379375458,0.081212118268013,0.27484847605228424,0.22808510563502002
casia_b_pose,oap_supcon,tcn,legacy,2490eaecd9a7a38f0cdbe65a5f134c853dc4a780c0bf8adf17fef18f02c6ee09,b060fe06dcb4298c31bdf3dbccb281438e81f18e,1776934f9c734c06a9f275ecbd5dd046382dc45097ba027fd95ceb0add4eb100,test,casia_b_pose_oap_supcon_seed33_20260918T134336761525Z,33,global_parts,occluded_gallery,dynamic_joint,0.35606059432029724,0.31955411008426127,0.299015149474144,0.1281818151473999,0.22787877917289734,0.3600000033480057
casia_b_pose,oap_supcon,tcn,legacy,2490eaecd9a7a38f0cdbe65a5f134c853dc4a780c0bf8adf17fef18f02c6ee09,b060fe06dcb4298c31bdf3dbccb281438e81f18e,1776934f9c734c06a9f275ecbd5dd046382dc45097ba027fd95ceb0add4eb100,test,casia_b_pose_oap_supcon_seed33_20260918T134336761525Z,33,global_parts,occluded_gallery,random_joint,0.35606059432029724,0.35092640817165377,0.3335606075823307,0.1833333343267441,0.17272725999355315,0.514893636788757
casia_b_pose,oap_supcon,tcn,legacy,2490eaecd9a7a38f0cdbe65a5f134c853dc4a780c0bf8adf17fef18f02c6ee09,b060fe06dcb4298c31bdf3dbccb281438e81f18e,1776934f9c734c06a9f275ecbd5dd046382dc45097ba027fd95ceb0add4eb100,test,casia_b_pose_oap_supcon_seed33_20260918T134336761525Z,33,global_parts,occluded_gallery,temporal,0.35606059432029724,0.3160043286425728,0.30407575815916066,0.20078787803649903,0.1552727162837982,0.5639149101006068
casia_b_pose,oap_supcon,tcn,legacy,2490eaecd9a7a38f0cdbe65a5f134c853dc4a780c0bf8adf17fef18f02c6ee09,b060fe06dcb4298c31bdf3dbccb281438e81f18e,1776934f9c734c06a9f275ecbd5dd046382dc45097ba027fd95ceb0add4eb100,test,casia_b_pose_oap_supcon_seed44_20260918T135253517406Z,44,global,clean_gallery,body_part,0.3369697034358978,0.08716450264411313,0.06459090923890472,0.028787879273295403,0.3081818241626024,0.08543165447742324
casia_b_pose,oap_supcon,tcn,legacy,2490eaecd9a7a38f0cdbe65a5f134c853dc4a780c0bf8adf17fef18f02c6ee09,b060fe06dcb4298c31bdf3dbccb281438e81f18e,1776934f9c734c06a9f275ecbd5dd046382dc45097ba027fd95ceb0add4eb100,test,casia_b_pose_oap_supcon_seed44_20260918T135253517406Z,44,global,clean_gallery,dynamic_joint,0.3369697034358978,0.14437229441744942,0.12124242372810841,0.05727272629737854,0.27969697713851926,0.16996402262102356
casia_b_pose,oap_supcon,tcn,legacy,2490eaecd9a7a38f0cdbe65a5f134c853dc4a780c0bf8adf17fef18f02c6ee09,b060fe06dcb4298c31bdf3dbccb281438e81f18e,1776934f9c734c06a9f275ecbd5dd046382dc45097ba027fd95ceb0add4eb100,test,casia_b_pose_oap_supcon_seed44_20260918T135253517406Z,44,global,clean_gallery,random_joint,0.3369697034358978,0.15298701333148138,0.12903030291199682,0.04036363661289215,0.29660606682300567,0.1197841711029982
casia_b_pose,oap_supcon,tcn,legacy,2490eaecd9a7a38f0cdbe65a5f134c853dc4a780c0bf8adf17fef18f02c6ee09,b060fe06dcb4298c31bdf3dbccb281438e81f18e,1776934f9c734c06a9f275ecbd5dd046382dc45097ba027fd95ceb0add4eb100,test,casia_b_pose_oap_supcon_seed44_20260918T135253517406Z,44,global,clean_gallery,temporal,0.3369697034358978,0.1453333339520863,0.1283333335071802,0.10945454388856887,0.22751515954732895,0.3248201330045998
casia_b_pose,oap_supcon,tcn,legacy,2490eaecd9a7a38f0cdbe65a5f134c853dc4a780c0bf8adf17fef18f02c6ee09,b060fe06dcb4298c31bdf3dbccb281438e81f18e,1776934f9c734c06a9f275ecbd5dd046382dc45097ba027fd95ceb0add4eb100,test,casia_b_pose_oap_supcon_seed44_20260918T135253517406Z,44,global,occluded_gallery,body_part,0.3369697034358978,0.1793376637356622,0.16153030432760715,0.08242424577474594,0.2545454576611519,0.24460432179602642
casia_b_pose,oap_supcon,tcn,legacy,2490eaecd9a7a38f0cdbe65a5f134c853dc4a780c0bf8adf17fef18f02c6ee09,b060fe06dcb4298c31bdf3dbccb281438e81f18e,1776934f9c734c06a9f275ecbd5dd046382dc45097ba027fd95ceb0add4eb100,test,casia_b_pose_oap_supcon_seed44_20260918T135253517406Z,44,global,occluded_gallery,dynamic_joint,0.3369697034358978,0.2669264078140259,0.24801515191793444,0.11072727441787719,0.22624242901802064,0.3285971210137026
casia_b_pose,oap_supcon,tcn,legacy,2490eaecd9a7a38f0cdbe65a5f134c853dc4a780c0bf8adf17fef18f02c6ee09,b060fe06dcb4298c31bdf3dbccb281438e81f18e,1776934f9c734c06a9f275ecbd5dd046382dc45097ba027fd95ceb0add4eb100,test,casia_b_pose_oap_supcon_seed44_20260918T135253517406Z,44,global,occluded_gallery,random_joint,0.3369697034358978,0.2946969709226063,0.2800000004470348,0.17060606181621552,0.1663636416196823,0.5062949579046359
casia_b_pose,oap_supcon,tcn,legacy,2490eaecd9a7a38f0cdbe65a5f134c853dc4a780c0bf8adf17fef18f02c6ee09,b060fe06dcb4298c31bdf3dbccb281438e81f18e,1776934f9c734c06a9f275ecbd5dd046382dc45097ba027fd95ceb0add4eb100,test,casia_b_pose_oap_supcon_seed44_20260918T135253517406Z,44,global,occluded_gallery,temporal,0.3369697034358978,0.2717445892947061,0.25921212136745453,0.1757575750350952,0.16121212840080262,0.5215827216601086
casia_b_pose,oap_supcon,tcn,legacy,2490eaecd9a7a38f0cdbe65a5f134c853dc4a780c0bf8adf17fef18f02c6ee09,b060fe06dcb4298c31bdf3dbccb281438e81f18e,1776934f9c734c06a9f275ecbd5dd046382dc45097ba027fd95ceb0add4eb100,test,casia_b_pose_oap_supcon_seed44_20260918T135253517406Z,44,global_parts,clean_gallery,body_part,0.3633333444595337,0.10378787852823733,0.07996969567611813,0.022424241527915,0.3409091029316187,0.06171809405842327
casia_b_pose,oap_supcon,tcn,legacy,2490eaecd9a7a38f0cdbe65a5f134c853dc4a780c0bf8adf17fef18f02c6ee09,b060fe06dcb4298c31bdf3dbccb281438e81f18e,1776934f9c734c06a9f275ecbd5dd046382dc45097ba027fd95ceb0add4eb100,test,casia_b_pose_oap_supcon_seed44_20260918T135253517406Z,44,global_parts,clean_gallery,dynamic_joint,0.3633333444595337,0.21470562943390442,0.19137878865003582,0.10042424201965332,0.26290910243988036,0.27639698792038087
casia_b_pose,oap_supcon,tcn,legacy,2490eaecd9a7a38f0cdbe65a5f134c853dc4a780c0bf8adf17fef18f02c6ee09,b060fe06dcb4298c31bdf3dbccb281438e81f18e,1776934f9c734c06a9f275ecbd5dd046382dc45097ba027fd95ceb0add4eb100,test,casia_b_pose_oap_supcon_seed44_20260918T135253517406Z,44,global_parts,clean_gallery,random_joint,0.3633333444595337,0.20183982348867827,0.17790908683091403,0.06375757530331612,0.2995757691562176,0.17547955968136342
casia_b_pose,oap_supcon,tcn,legacy,2490eaecd9a7a38f0cdbe65a5f134c853dc4a780c0bf8adf17fef18f02c6ee09,b060fe06dcb4298c31bdf3dbccb281438e81f18e,1776934f9c734c06a9f275ecbd5dd046382dc45097ba027fd95ceb0add4eb100,test,casia_b_pose_oap_supcon_seed44_20260918T135253517406Z,44,global_parts,clean_gallery,temporal,0.3633333444595337,0.23232467557702746,0.217939393222332,0.18981817960739136,0.17351516485214233,0.5224353407192782
casia_b_pose,oap_supcon,tcn,legacy,2490eaecd9a7a38f0cdbe65a5f134c853dc4a780c0bf8adf17fef18f02c6ee09,b060fe06dcb4298c31bdf3dbccb281438e81f18e,1776934f9c734c06a9f275ecbd5dd046382dc45097ba027fd95ceb0add4eb100,test,casia_b_pose_oap_supcon_seed44_20260918T135253517406Z,44,global_parts,occluded_gallery,body_part,0.3633333444595337,0.1867532476782799,0.1676666673272848,0.08242424577474594,0.28090909868478775,0.22685571536890953
casia_b_pose,oap_supcon,tcn,legacy,2490eaecd9a7a38f0cdbe65a5f134c853dc4a780c0bf8adf17fef18f02c6ee09,b060fe06dcb4298c31bdf3dbccb281438e81f18e,1776934f9c734c06a9f275ecbd5dd046382dc45097ba027fd95ceb0add4eb100,test,casia_b_pose_oap_supcon_seed44_20260918T135253517406Z,44,global_parts,occluded_gallery,dynamic_joint,0.3633333444595337,0.30992208187069215,0.288015154376626,0.11927272826433181,0.24406061619520186,0.32827355397769126
casia_b_pose,oap_supcon,tcn,legacy,2490eaecd9a7a38f0cdbe65a5f134c853dc4a780c0bf8adf17fef18f02c6ee09,b060fe06dcb4298c31bdf3dbccb281438e81f18e,1776934f9c734c06a9f275ecbd5dd046382dc45097ba027fd95ceb0add4eb100,test,casia_b_pose_oap_supcon_seed44_20260918T135253517406Z,44,global_parts,occluded_gallery,random_joint,0.3633333444595337,0.33886579913752424,0.3227424219250679,0.19121211767196655,0.17212122678756714,0.5262718673850284
casia_b_pose,oap_supcon,tcn,legacy,2490eaecd9a7a38f0cdbe65a5f134c853dc4a780c0bf8adf17fef18f02c6ee09,b060fe06dcb4298c31bdf3dbccb281438e81f18e,1776934f9c734c06a9f275ecbd5dd046382dc45097ba027fd95ceb0add4eb100,test,casia_b_pose_oap_supcon_seed44_20260918T135253517406Z,44,global_parts,occluded_gallery,temporal,0.3633333444595337,0.30891342163085933,0.29515151530504224,0.19151514768600464,0.17181819677352905,0.5271058949210611
casia_b_pose,oap_supcon,tcn,legacy,2490eaecd9a7a38f0cdbe65a5f134c853dc4a780c0bf8adf17fef18f02c6ee09,b060fe06dcb4298c31bdf3dbccb281438e81f18e,1776934f9c734c06a9f275ecbd5dd046382dc45097ba027fd95ceb0add4eb100,test,casia_b_pose_oap_supcon_seed55_20260918T135445652450Z,55,global,clean_gallery,body_part,0.37909090518951416,0.100614718241351,0.07574242409318685,0.03121212124824524,0.3478787839412689,0.0823341336364737
casia_b_pose,oap_supcon,tcn,legacy,2490eaecd9a7a38f0cdbe65a5f134c853dc4a780c0bf8adf17fef18f02c6ee09,b060fe06dcb4298c31bdf3dbccb281438e81f18e,1776934f9c734c06a9f275ecbd5dd046382dc45097ba027fd95ceb0add4eb100,test,casia_b_pose_oap_supcon_seed55_20260918T135445652450Z,55,global,clean_gallery,dynamic_joint,0.37909090518951416,0.19487012944051196,0.17219696938991547,0.10600000023841857,0.27309090495109556,0.2796163104610155
casia_b_pose,oap_supcon,tcn,legacy,2490eaecd9a7a38f0cdbe65a5f134c853dc4a780c0bf8adf17fef18f02c6ee09,b060fe06dcb4298c31bdf3dbccb281438e81f18e,1776934f9c734c06a9f275ecbd5dd046382dc45097ba027fd95ceb0add4eb100,test,casia_b_pose_oap_supcon_seed55_20260918T135445652450Z,55,global,clean_gallery,random_joint,0.37909090518951416,0.20771861438240324,0.18440909050405024,0.11472727209329606,0.26436363309621813,0.30263789113047146
casia_b_pose,oap_supcon,tcn,legacy,2490eaecd9a7a38f0cdbe65a5f134c853dc4a780c0bf8adf17fef18f02c6ee09,b060fe06dcb4298c31bdf3dbccb281438e81f18e,1776934f9c734c06a9f275ecbd5dd046382dc45097ba027fd95ceb0add4eb100,test,casia_b_pose_oap_supcon_seed55_20260918T135445652450Z,55,global,clean_gallery,temporal,0.37909090518951416,0.1931341963154929,0.17445454299449922,0.13630303144454955,0.2427878737449646,0.35955236482502606
casia_b_pose,oap_supcon,tcn,legacy,2490eaecd9a7a38f0cdbe65a5f134c853dc4a780c0bf8adf17fef18f02c6ee09,b060fe06dcb4298c31bdf3dbccb281438e81f18e,1776934f9c734c06a9f275ecbd5dd046382dc45097ba027fd95ceb0add4eb100,test,casia_b_pose_oap_supcon_seed55_20260918T135445652450Z,55,global,occluded_gallery,body_part,0.37909090518951416,0.20477489084005354,0.18401515074074268,0.0875757560133934,0.29151514917612076,0.231015186105857
casia_b_pose,oap_supcon,tcn,legacy,2490eaecd9a7a38f0cdbe65a5f134c853dc4a780c0bf8adf17fef18f02c6ee09,b060fe06dcb4298c31bdf3dbccb281438e81f18e,1776934f9c734c06a9f275ecbd5dd046382dc45097ba027fd95ceb0add4eb100,test,casia_b_pose_oap_supcon_seed55_20260918T135445652450Z,55,global,occluded_gallery,dynamic_joint,0.37909090518951416,0.30386147115911755,0.2820757575333118,0.12218181788921356,0.2569090873003006,0.322302160818479
casia_b_pose,oap_supcon,tcn,legacy,2490eaecd9a7a38f0cdbe65a5f134c853dc4a780c0bf8adf17fef18f02c6ee09,b060fe06dcb4298c31bdf3dbccb281438e81f18e,1776934f9c734c06a9f275ecbd5dd046382dc45097ba027fd95ceb0add4eb100,test,casia_b_pose_oap_supcon_seed55_20260918T135445652450Z,55,global,occluded_gallery,random_joint,0.37909090518951416,0.3320216455629893,0.31471212208271027,0.18199999928474425,0.1970909059047699,0.48009592631550807
casia_b_pose,oap_supcon,tcn,legacy,2490eaecd9a7a38f0cdbe65a5f134c853dc4a780c0bf8adf17fef18f02c6ee09,b060fe06dcb4298c31bdf3dbccb281438e81f18e,1776934f9c734c06a9f275ecbd5dd046382dc45097ba027fd95ceb0add4eb100,test,casia_b_pose_oap_supcon_seed55_20260918T135445652450Z,55,global,occluded_gallery,temporal,0.37909090518951416,0.3159177477870669,0.30204545333981514,0.20248484909534453,0.17660605609416963,0.534132700952345
casia_b_pose,oap_supcon,tcn,legacy,2490eaecd9a7a38f0cdbe65a5f134c853dc4a780c0bf8adf17fef18f02c6ee09,b060fe06dcb4298c31bdf3dbccb281438e81f18e,1776934f9c734c06a9f275ecbd5dd046382dc45097ba027fd95ceb0add4eb100,test,casia_b_pose_oap_supcon_seed55_20260918T135445652450Z,55,global_parts,clean_gallery,body_part,0.4248484969139099,0.14770995772310666,0.11984848510473967,0.033636365085840225,0.3912121318280697,0.07917261171964603
casia_b_pose,oap_supcon,tcn,legacy,2490eaecd9a7a38f0cdbe65a5f134c853dc4a780c0bf8adf17fef18f02c6ee09,b060fe06dcb4298c31bdf3dbccb281438e81f18e,1776934f9c734c06a9f275ecbd5dd046382dc45097ba027fd95ceb0add4eb100,test,casia_b_pose_oap_supcon_seed55_20260918T135445652450Z,55,global_parts,clean_gallery,dynamic_joint,0.4248484969139099,0.2662684010607856,0.24065151661634443,0.1332727253437042,0.2915757715702057,0.31369470837673746
casia_b_pose,oap_supcon,tcn,legacy,2490eaecd9a7a38f0cdbe65a5f134c853dc4a780c0bf8adf17fef18f02c6ee09,b060fe06dcb4298c31bdf3dbccb281438e81f18e,1776934f9c734c06a9f275ecbd5dd046382dc45097ba027fd95ceb0add4eb100,test,casia_b_pose_oap_supcon_seed55_20260918T135445652450Z,55,global_parts,clean_gallery,random_joint,0.4248484969139099,0.254640691620963,0.22481817975640295,0.08557575643062591,0.339272740483284,0.20142652510776504
casia_b_pose,oap_supcon,tcn,legacy,2490eaecd9a7a38f0cdbe65a5f134c853dc4a780c0bf8adf17fef18f02c6ee09,b060fe06dcb4298c31bdf3dbccb281438e81f18e,1776934f9c734c06a9f275ecbd5dd046382dc45097ba027fd95ceb0add4eb100,test,casia_b_pose_oap_supcon_seed55_20260918T135445652450Z,55,global_parts,clean_gallery,temporal,0.4248484969139099,0.2884025944130761,0.27245454192161556,0.2327878773212433,0.19206061959266663,0.5479315073778283
casia_b_pose,oap_supcon,tcn,legacy,2490eaecd9a7a38f0cdbe65a5f134c853dc4a780c0bf8adf17fef18f02c6ee09,b060fe06dcb4298c31bdf3dbccb281438e81f18e,1776934f9c734c06a9f275ecbd5dd046382dc45097ba027fd95ceb0add4eb100,test,casia_b_pose_oap_supcon_seed55_20260918T135445652450Z,55,global_parts,occluded_gallery,body_part,0.4248484969139099,0.20803463352578025,0.18493939451873304,0.0875757560133934,0.3372727409005165,0.20613408461967445
casia_b_pose,oap_supcon,tcn,legacy,2490eaecd9a7a38f0cdbe65a5f134c853dc4a780c0bf8adf17fef18f02c6ee09,b060fe06dcb4298c31bdf3dbccb281438e81f18e,1776934f9c734c06a9f275ecbd5dd046382dc45097ba027fd95ceb0add4eb100,test,casia_b_pose_oap_supcon_seed55_20260918T135445652450Z,55,global_parts,occluded_gallery,dynamic_joint,0.4248484969139099,0.34762337761265893,0.32262121215462686,0.140545454621315,0.2843030422925949,0.3308131148920947
casia_b_pose,oap_supcon,tcn,legacy,2490eaecd9a7a38f0cdbe65a5f134c853dc4a780c0bf8adf17fef18f02c6ee09,b060fe06dcb4298c31bdf3dbccb281438e81f18e,1776934f9c734c06a9f275ecbd5dd046382dc45097ba027fd95ceb0add4eb100,test,casia_b_pose_oap_supcon_seed55_20260918T135445652450Z,55,global_parts,occluded_gallery,random_joint,0.4248484969139099,0.37435497641563414,0.3541212096810341,0.20339394211769105,0.22145455479621887,0.4787446433143583
casia_b_pose,oap_supcon,tcn,legacy,2490eaecd9a7a38f0cdbe65a5f134c853dc4a780c0bf8adf17fef18f02c6ee09,b060fe06dcb4298c31bdf3dbccb281438e81f18e,1776934f9c734c06a9f275ecbd5dd046382dc45097ba027fd95ceb0add4eb100,test,casia_b_pose_oap_supcon_seed55_20260918T135445652450Z,55,global_parts,occluded_gallery,temporal,0.4248484969139099,0.35355844114507945,0.3375303022563457,0.22290908992290498,0.20193940699100493,0.5246790127353907
casia_b_pose,oap_supcon,stgcn,legacy,b1c49ee8801071438d28d8306b865575afd675d16400f3cd60178337f80bc2a5,b060fe06dcb4298c31bdf3dbccb281438e81f18e,1776934f9c734c06a9f275ecbd5dd046382dc45097ba027fd95ceb0add4eb100,test,casia_b_pose_stgcn_oap_supcon_seed11_20260918T142810475213Z,11,global,clean_gallery,body_part,0.596666693687439,0.2630649383578982,0.22209091037511827,0.04848484694957733,0.5481818467378616,0.08125951634728901
casia_b_pose,oap_supcon,stgcn,legacy,b1c49ee8801071438d28d8306b865575afd675d16400f3cd60178337f80bc2a5,b060fe06dcb4298c31bdf3dbccb281438e81f18e,1776934f9c734c06a9f275ecbd5dd046382dc45097ba027fd95ceb0add4eb100,test,casia_b_pose_stgcn_oap_supcon_seed11_20260918T142810475213Z,11,global,clean_gallery,dynamic_joint,0.596666693687439,0.37626839365277975,0.33528787195682525,0.0885454535484314,0.5081212401390076,0.1484001947573355
casia_b_pose,oap_supcon,stgcn,legacy,b1c49ee8801071438d28d8306b865575afd675d16400f3cd60178337f80bc2a5,b060fe06dcb4298c31bdf3dbccb281438e81f18e,1776934f9c734c06a9f275ecbd5dd046382dc45097ba027fd95ceb0add4eb100,test,casia_b_pose_stgcn_oap_supcon_seed11_20260918T142810475213Z,11,global,clean_gallery,random_joint,0.596666693687439,0.3843160195010049,0.3504999995231628,0.15775757431983947,0.43890911936759947,0.26439815727753696
casia_b_pose,oap_supcon,stgcn,legacy,b1c49ee8801071438d28d8306b865575afd675d16400f3cd60178337f80bc2a5,b060fe06dcb4298c31bdf3dbccb281438e81f18e,1776934f9c734c06a9f275ecbd5dd046382dc45097ba027fd95ceb0add4eb100,test,casia_b_pose_stgcn_oap_supcon_seed11_20260918T142810475213Z,11,global,clean_gallery,temporal,0.596666693687439,0.47102164626121523,0.450454543530941,0.3484848439693451,0.24818184971809387,0.5840527846722701
casia_b_pose,oap_supcon,stgcn,legacy,b1c49ee8801071438d28d8306b865575afd675d16400f3cd60178337f80bc2a5,b060fe06dcb4298c31bdf3dbccb281438e81f18e,1776934f9c734c06a9f275ecbd5dd046382dc45097ba027fd95ceb0add4eb100,test,casia_b_pose_stgcn_oap_supcon_seed11_20260918T142810475213Z,11,global,occluded_gallery,body_part,0.596666693687439,0.37439393741743904,0.34066666364669795,0.1536363661289215,0.44303032755851746,0.2574911047563905
casia_b_pose,oap_supcon,stgcn,legacy,b1c49ee8801071438d28d8306b865575afd675d16400f3cd60178337f80bc2a5,b060fe06dcb4298c31bdf3dbccb281438e81f18e,1776934f9c734c06a9f275ecbd5dd046382dc45097ba027fd95ceb0add4eb100,test,casia_b_pose_stgcn_oap_supcon_seed11_20260918T142810475213Z,11,global,occluded_gallery,dynamic_joint,0.596666693687439,0.4764588734933309,0.4365303002297878,0.13836363852024078,0.45830305516719816,0.2318943557334238
casia_b_pose,oap_supcon,stgcn,legacy,b1c49ee8801071438d28d8306b865575afd675d16400f3cd60178337f80bc2a5,b060fe06dcb4298c31bdf3dbccb281438e81f18e,1776934f9c734c06a9f275ecbd5dd046382dc45097ba027fd95ceb0add4eb100,test,casia_b_pose_stgcn_oap_supcon_seed11_20260918T142810475213Z,11,global,occluded_gallery,random_joint,0.596666693687439,0.529069265297481,0.5059545457363128,0.33175758123397825,0.2649091124534607,0.556018267390953
casia_b_pose,oap_supcon,stgcn,legacy,b1c49ee8801071438d28d8306b865575afd675d16400f3cd60178337f80bc2a5,b060fe06dcb4298c31bdf3dbccb281438e81f18e,1776934f9c734c06a9f275ecbd5dd046382dc45097ba027fd95ceb0add4eb100,test,casia_b_pose_stgcn_oap_supcon_seed11_20260918T142810475213Z,11,global,occluded_gallery,temporal,0.596666693687439,0.5726277121475765,0.5570757612586021,0.4304242432117462,0.16624245047569275,0.7213813805354149
casia_b_pose,oap_supcon,stgcn,legacy,b1c49ee8801071438d28d8306b865575afd675d16400f3cd60178337f80bc2a5,b060fe06dcb4298c31bdf3dbccb281438e81f18e,1776934f9c734c06a9f275ecbd5dd046382dc45097ba027fd95ceb0add4eb100,test,casia_b_pose_stgcn_oap_supcon_seed11_20260918T142810475213Z,11,global_parts,clean_gallery,body_part,0.578484833240509,0.2260519510401147,0.18787879226729273,0.028484849259257317,0.5499999839812517,0.049240442657231334
casia_b_pose,oap_supcon,stgcn,legacy,b1c49ee8801071438d28d8306b865575afd675d16400f3cd60178337f80bc2a5,b060fe06dcb4298c31bdf3dbccb281438e81f18e,1776934f9c734c06a9f275ecbd5dd046382dc45097ba027fd95ceb0add4eb100,test,casia_b_pose_stgcn_oap_supcon_seed11_20260918T142810475213Z,11,global_parts,clean_gallery,dynamic_joint,0.578484833240509,0.36301298971687046,0.32345454953610897,0.09157575815916061,0.4869090750813484,0.15830278150280797
casia_b_pose,oap_supcon,stgcn,legacy,b1c49ee8801071438d28d8306b865575afd675d16400f3cd60178337f80bc2a5,b060fe06dcb4298c31bdf3dbccb281438e81f18e,1776934f9c734c06a9f275ecbd5dd046382dc45097ba027fd95ceb0add4eb100,test,casia_b_pose_stgcn_oap_supcon_seed11_20260918T142810475213Z,11,global_parts,clean_gallery,random_joint,0.578484833240509,0.37252813705376225,0.33936363682150844,0.1492121249437332,0.42927270829677583,0.2579361054427113
casia_b_pose,oap_supcon,stgcn,legacy,b1c49ee8801071438d28d8306b865575afd675d16400f3cd60178337f80bc2a5,b060fe06dcb4298c31bdf3dbccb281438e81f18e,1776934f9c734c06a9f275ecbd5dd046382dc45097ba027fd95ceb0add4eb100,test,casia_b_pose_stgcn_oap_supcon_seed11_20260918T142810475213Z,11,global_parts,clean_gallery,temporal,0.578484833240509,0.4472207818712507,0.4275454580783844,0.34018182158470156,0.23830301165580747,0.5880565955015603
casia_b_pose,oap_supcon,stgcn,legacy,b1c49ee8801071438d28d8306b865575afd675d16400f3cd60178337f80bc2a5,b060fe06dcb4298c31bdf3dbccb281438e81f18e,1776934f9c734c06a9f275ecbd5dd046382dc45097ba027fd95ceb0add4eb100,test,casia_b_pose_stgcn_oap_supcon_seed11_20260918T142810475213Z,11,global_parts,occluded_gallery,body_part,0.578484833240509,0.35138960608414244,0.32098484635353086,0.1536363661289215,0.4248484671115875,0.2655840867396538
casia_b_pose,oap_supcon,stgcn,legacy,b1c49ee8801071438d28d8306b865575afd675d16400f3cd60178337f80bc2a5,b060fe06dcb4298c31bdf3dbccb281438e81f18e,1776934f9c734c06a9f275ecbd5dd046382dc45097ba027fd95ceb0add4eb100,test,casia_b_pose_stgcn_oap_supcon_seed11_20260918T142810475213Z,11,global_parts,occluded_gallery,dynamic_joint,0.578484833240509,0.4621818225298609,0.4219545509666205,0.1247272714972496,0.45375756174325943,0.2156102707110964
casia_b_pose,oap_supcon,stgcn,legacy,b1c49ee8801071438d28d8306b865575afd675d16400f3cd60178337f80bc2a5,b060fe06dcb4298c31bdf3dbccb281438e81f18e,1776934f9c734c06a9f275ecbd5dd046382dc45097ba027fd95ceb0add4eb100,test,casia_b_pose_stgcn_oap_supcon_seed11_20260918T142810475213Z,11,global_parts,occluded_gallery,random_joint,0.578484833240509,0.5228354990482331,0.5012121245265007,0.33630303144454954,0.2421818017959595,0.5813515102214084
casia_b_pose,oap_supcon,stgcn,legacy,b1c49ee8801071438d28d8306b865575afd675d16400f3cd60178337f80bc2a5,b060fe06dcb4298c31bdf3dbccb281438e81f18e,1776934f9c734c06a9f275ecbd5dd046382dc45097ba027fd95ceb0add4eb100,test,casia_b_pose_stgcn_oap_supcon_seed11_20260918T142810475213Z,11,global_parts,occluded_gallery,temporal,0.578484833240509,0.5505151544298444,0.5347727313637733,0.4101818144321442,0.16830301880836485,0.7090623485051825
