cohort,backbone,method,descriptor,protocol,corruption,severity,n_seeds,rank1_mean_pct,rank1_sd_pp
ablation,tcn,no_ce,global,clean_gallery,body_part,0.0,5,32.89090871810913,1.791803407436698
ablation,tcn,no_ce,global,clean_gallery,body_part,0.1,5,11.901818096637726,1.201081520818463
ablation,tcn,no_ce,global,clean_gallery,body_part,0.3,5,7.53939390182495,0.37981679548611896
ablation,tcn,no_ce,global,clean_gallery,body_part,0.5,5,5.058181792497635,0.4833993482991794
ablation,tcn,no_ce,global,clean_gallery,body_part,0.7,5,2.521212138235569,0.23994947839021413
ablation,tcn,no_ce,global,clean_gallery,dynamic_joint,0.0,5,32.89090871810913,1.791803407436698
ablation,tcn,no_ce,global,clean_gallery,dynamic_joint,0.1,5,19.466666519641876,3.3693836718560632
ablation,tcn,no_ce,global,clean_gallery,dynamic_joint,0.3,5,19.89939385652542,2.5031204951580666
ablation,tcn,no_ce,global,clean_gallery,dynamic_joint,0.5,5,17.220605969429016,3.059524624064587
ablation,tcn,no_ce,global,clean_gallery,dynamic_joint,0.7,5,10.66545456647873,1.7816089272097866
ablation,tcn,no_ce,global,clean_gallery,official_condition:BG,0.0,5,35.39999961853027,2.1345257162835987
ablation,tcn,no_ce,global,clean_gallery,official_condition:CL,0.0,5,11.727272868156433,1.3126846416389237
ablation,tcn,no_ce,global,clean_gallery,official_condition:NM,0.0,5,51.54545426368713,2.3767120403413036
ablation,tcn,no_ce,global,clean_gallery,official_view:000,0.0,5,35.73333382606506,2.722335593194097
ablation,tcn,no_ce,global,clean_gallery,official_view:018,0.0,5,34.53333377838135,4.71757920317939
ablation,tcn,no_ce,global,clean_gallery,official_view:036,0.0,5,31.7333334684372,2.772884334984367
ablation,tcn,no_ce,global,clean_gallery,official_view:054,0.0,5,32.86666691303253,2.180723054760698
ablation,tcn,no_ce,global,clean_gallery,official_view:072,0.0,5,43.26666712760925,1.6733202382955896
ablation,tcn,no_ce,global,clean_gallery,official_view:090,0.0,5,43.799999952316284,2.599144590911494
ablation,tcn,no_ce,global,clean_gallery,official_view:108,0.0,5,44.46666717529297,4.425933953621499
ablation,tcn,no_ce,global,clean_gallery,official_view:126,0.0,5,44.13333356380463,5.118593071242632
ablation,tcn,no_ce,global,clean_gallery,official_view:144,0.0,5,26.133333146572113,4.079759853657673
ablation,tcn,no_ce,global,clean_gallery,official_view:162,0.0,5,17.19999998807907,1.6599868253137022
ablation,tcn,no_ce,global,clean_gallery,official_view:180,0.0,5,7.933333292603492,1.4414497445886378
ablation,tcn,no_ce,global,clean_gallery,random_joint,0.0,5,32.89090871810913,1.791803407436698
ablation,tcn,no_ce,global,clean_gallery,random_joint,0.1,5,20.07515126466751,3.533137012891021
ablation,tcn,no_ce,global,clean_gallery,random_joint,0.3,5,20.74787873029709,5.210501246428559
ablation,tcn,no_ce,global,clean_gallery,random_joint,0.5,5,16.003636360168457,4.4677698416616884
ablation,tcn,no_ce,global,clean_gallery,random_joint,0.7,5,8.59030306339264,1.1614374009419255
ablation,tcn,no_ce,global,clean_gallery,temporal,0.0,5,32.89090871810913,1.791803407436698
ablation,tcn,no_ce,global,clean_gallery,temporal,0.1,5,19.19636356830597,3.1325995404482816
ablation,tcn,no_ce,global,clean_gallery,temporal,0.3,5,18.423030376434326,2.5905863991369458
ablation,tcn,no_ce,global,clean_gallery,temporal,0.5,5,16.35757565498352,1.8198377515635749
ablation,tcn,no_ce,global,clean_gallery,temporal,0.7,5,13.010909110307695,0.9617992784998105
ablation,tcn,no_ce,global,occluded_gallery,body_part,0.0,5,32.89090871810913,1.791803407436698
ablation,tcn,no_ce,global,occluded_gallery,body_part,0.1,5,23.35999995470047,0.9504685354290743
ablation,tcn,no_ce,global,occluded_gallery,body_part,0.3,5,16.97212117910385,0.6732948042129925
ablation,tcn,no_ce,global,occluded_gallery,body_part,0.5,5,13.615757644176481,0.4986777600808862
ablation,tcn,no_ce,global,occluded_gallery,body_part,0.7,5,8.44848483800888,0.312283006407704
ablation,tcn,no_ce,global,occluded_gallery,dynamic_joint,0.0,5,32.89090871810913,1.791803407436698
ablation,tcn,no_ce,global,occluded_gallery,dynamic_joint,0.1,5,34.070303320884705,1.4339929383855616
ablation,tcn,no_ce,global,occluded_gallery,dynamic_joint,0.3,5,29.9709085226059,1.7229205722027845
ablation,tcn,no_ce,global,occluded_gallery,dynamic_joint,0.5,5,21.109090864658356,1.4712736850331647
ablation,tcn,no_ce,global,occluded_gallery,dynamic_joint,0.7,5,10.718787908554077,0.7948017572456273
ablation,tcn,no_ce,global,occluded_gallery,random_joint,0.0,5,32.89090871810913,1.791803407436698
ablation,tcn,no_ce,global,occluded_gallery,random_joint,0.1,5,33.74424207210541,1.6950060870923993
ablation,tcn,no_ce,global,occluded_gallery,random_joint,0.3,5,30.778181791305542,2.0913248743572264
ablation,tcn,no_ce,global,occluded_gallery,random_joint,0.5,5,25.552727103233337,2.097019402933283
ablation,tcn,no_ce,global,occluded_gallery,random_joint,0.7,5,17.169696927070618,1.4652886918126407
ablation,tcn,no_ce,global,occluded_gallery,temporal,0.0,5,32.89090871810913,1.791803407436698
ablation,tcn,no_ce,global,occluded_gallery,temporal,0.1,5,33.328484416007996,1.6564782171402357
ablation,tcn,no_ce,global,occluded_gallery,temporal,0.3,5,29.02060639858246,1.2385204948556594
ablation,tcn,no_ce,global,occluded_gallery,temporal,0.5,5,23.361212193965912,1.1794584434208566
ablation,tcn,no_ce,global,occluded_gallery,temporal,0.7,5,16.45575749874115,1.127072244230075
ablation,tcn,no_ce,global,single_view_gallery,official_condition:BG,0.0,5,16.565454545454546,1.6583796732038998
ablation,tcn,no_ce,global,single_view_gallery,official_condition:CL,0.0,5,8.432727272727274,0.8032629737257142
ablation,tcn,no_ce,global,single_view_gallery,official_condition:NM,0.0,5,22.47090909090909,1.684584947778232
ablation,tcn,no_ce,global_parts,clean_gallery,body_part,0.0,5,39.29090917110443,2.456658452240053
ablation,tcn,no_ce,global_parts,clean_gallery,body_part,0.1,5,17.8157576918602,2.0164457333643875
ablation,tcn,no_ce,global_parts,clean_gallery,body_part,0.3,5,11.652121365070343,1.0098105622914924
ablation,tcn,no_ce,global_parts,clean_gallery,body_part,0.5,5,7.260606080293655,0.9555790974792132
ablation,tcn,no_ce,global_parts,clean_gallery,body_part,0.7,5,2.460606023669243,0.5031580159764573
ablation,tcn,no_ce,global_parts,clean_gallery,dynamic_joint,0.0,5,39.29090917110443,2.456658452240053
ablation,tcn,no_ce,global_parts,clean_gallery,dynamic_joint,0.1,5,26.568484961986545,3.7992758139771086
ablation,tcn,no_ce,global_parts,clean_gallery,dynamic_joint,0.3,5,28.87030339241028,2.856952617332984
ablation,tcn,no_ce,global_parts,clean_gallery,dynamic_joint,0.5,5,25.989090859889984,3.6526864673309394
ablation,tcn,no_ce,global_parts,clean_gallery,dynamic_joint,0.7,5,14.768484860658646,2.1917091078774242
ablation,tcn,no_ce,global_parts,clean_gallery,official_condition:BG,0.0,5,39.29090857505798,3.86465245350843
ablation,tcn,no_ce,global_parts,clean_gallery,official_condition:CL,0.0,5,13.418181836605072,1.6142444714007707
ablation,tcn,no_ce,global_parts,clean_gallery,official_condition:NM,0.0,5,65.16363501548767,2.3028909138877274
ablation,tcn,no_ce,global_parts,clean_gallery,official_view:000,0.0,5,36.800000071525574,1.909043381539036
ablation,tcn,no_ce,global_parts,clean_gallery,official_view:018,0.0,5,36.53333246707916,4.598308414489956
ablation,tcn,no_ce,global_parts,clean_gallery,official_view:036,0.0,5,44.00000035762787,2.708012603451154
ablation,tcn,no_ce,global_parts,clean_gallery,official_view:054,0.0,5,47.266666293144226,2.3967567513598333
ablation,tcn,no_ce,global_parts,clean_gallery,official_view:072,0.0,5,50.26666581630707,2.178173493123086
ablation,tcn,no_ce,global_parts,clean_gallery,official_view:090,0.0,5,51.53333365917205,2.734553344239897
ablation,tcn,no_ce,global_parts,clean_gallery,official_view:108,0.0,5,47.93333292007446,3.139355151088912
ablation,tcn,no_ce,global_parts,clean_gallery,official_view:126,0.0,5,43.13333332538605,4.822401126444457
ablation,tcn,no_ce,global_parts,clean_gallery,official_view:144,0.0,5,35.93333423137665,4.1793140032967555
ablation,tcn,no_ce,global_parts,clean_gallery,official_view:162,0.0,5,25.46666622161865,2.5991444953596687
ablation,tcn,no_ce,global_parts,clean_gallery,official_view:180,0.0,5,13.333333432674408,2.068278859746422
ablation,tcn,no_ce,global_parts,clean_gallery,random_joint,0.0,5,39.29090917110443,2.456658452240053
ablation,tcn,no_ce,global_parts,clean_gallery,random_joint,0.1,5,28.493333458900448,4.134362620550537
ablation,tcn,no_ce,global_parts,clean_gallery,random_joint,0.3,5,29.87636375427246,4.281055277239061
ablation,tcn,no_ce,global_parts,clean_gallery,random_joint,0.5,5,22.52000004053116,4.777375135839349
ablation,tcn,no_ce,global_parts,clean_gallery,random_joint,0.7,5,12.083636432886124,2.548920546440931
ablation,tcn,no_ce,global_parts,clean_gallery,temporal,0.0,5,39.29090917110443,2.456658452240053
ablation,tcn,no_ce,global_parts,clean_gallery,temporal,0.1,5,26.703030288219452,3.7764408150758966
ablation,tcn,no_ce,global_parts,clean_gallery,temporal,0.3,5,27.773332953453068,2.6462844620967445
ablation,tcn,no_ce,global_parts,clean_gallery,temporal,0.5,5,27.424242615699768,1.3619582734830298
ablation,tcn,no_ce,global_parts,clean_gallery,temporal,0.7,5,22.244848549365997,0.5817014171793843
ablation,tcn,no_ce,global_parts,occluded_gallery,body_part,0.0,5,39.29090917110443,2.456658452240053
ablation,tcn,no_ce,global_parts,occluded_gallery,body_part,0.1,5,27.270302891731262,1.182669409093648
ablation,tcn,no_ce,global_parts,occluded_gallery,body_part,0.3,5,18.15030300617218,0.7253939103199171
ablation,tcn,no_ce,global_parts,occluded_gallery,body_part,0.5,5,14.978181898593904,0.7051510273979096
ablation,tcn,no_ce,global_parts,occluded_gallery,body_part,0.7,5,8.44848483800888,0.312283006407704
ablation,tcn,no_ce,global_parts,occluded_gallery,dynamic_joint,0.0,5,39.29090917110443,2.456658452240053
ablation,tcn,no_ce,global_parts,occluded_gallery,dynamic_joint,0.1,5,41.184242486953735,1.3891192425204877
ablation,tcn,no_ce,global_parts,occluded_gallery,dynamic_joint,0.3,5,37.344242334365845,1.519052194731433
ablation,tcn,no_ce,global_parts,occluded_gallery,dynamic_joint,0.5,5,27.058181583881378,1.9139553841806494
ablation,tcn,no_ce,global_parts,occluded_gallery,dynamic_joint,0.7,5,12.329696923494339,1.0802136091371837
ablation,tcn,no_ce,global_parts,occluded_gallery,random_joint,0.0,5,39.29090917110443,2.456658452240053
ablation,tcn,no_ce,global_parts,occluded_gallery,random_joint,0.1,5,40.981818199157715,1.5634013844196346
ablation,tcn,no_ce,global_parts,occluded_gallery,random_joint,0.3,5,37.94424223899841,2.05598102623776
ablation,tcn,no_ce,global_parts,occluded_gallery,random_joint,0.5,5,32.08242428302765,2.4717451972359714
ablation,tcn,no_ce,global_parts,occluded_gallery,random_joint,0.7,5,20.058181881904602,1.7248925171401408
ablation,tcn,no_ce,global_parts,occluded_gallery,temporal,0.0,5,39.29090917110443,2.456658452240053
ablation,tcn,no_ce,global_parts,occluded_gallery,temporal,0.1,5,39.95393919944763,1.4483617597794212
ablation,tcn,no_ce,global_parts,occluded_gallery,temporal,0.3,5,35.670302987098694,1.495543646633873
ablation,tcn,no_ce,global_parts,occluded_gallery,temporal,0.5,5,28.7381819486618,1.1319095755407977
ablation,tcn,no_ce,global_parts,occluded_gallery,temporal,0.7,5,20.317575752735138,1.213397942257383
ablation,tcn,no_ce,global_parts,single_view_gallery,official_condition:BG,0.0,5,19.696363636363635,2.0870775170039724
ablation,tcn,no_ce,global_parts,single_view_gallery,official_condition:CL,0.0,5,9.832727272727274,1.3799269354235524
ablation,tcn,no_ce,global_parts,single_view_gallery,official_condition:NM,0.0,5,29.881818181818186,2.0480085065680784
ablation,tcn,no_complete_partial,global,clean_gallery,body_part,0.0,5,33.187878131866455,1.7725846370076286
ablation,tcn,no_complete_partial,global,clean_gallery,body_part,0.1,5,13.824242353439331,0.689512137107959
ablation,tcn,no_complete_partial,global,clean_gallery,body_part,0.3,5,10.161212146282196,0.637467938154997
ablation,tcn,no_complete_partial,global,clean_gallery,body_part,0.5,5,7.43757575750351,0.6205894395212979
ablation,tcn,no_complete_partial,global,clean_gallery,body_part,0.7,5,2.951515130698681,0.24299169663334141
ablation,tcn,no_complete_partial,global,clean_gallery,dynamic_joint,0.0,5,33.187878131866455,1.7725846370076286
ablation,tcn,no_complete_partial,global,clean_gallery,dynamic_joint,0.1,5,21.99151521921158,1.4491351838810898
ablation,tcn,no_complete_partial,global,clean_gallery,dynamic_joint,0.3,5,20.415757536888123,2.338084673743469
ablation,tcn,no_complete_partial,global,clean_gallery,dynamic_joint,0.5,5,17.1927273273468,2.881751027426829
ablation,tcn,no_complete_partial,global,clean_gallery,dynamic_joint,0.7,5,12.081212192773819,1.4699475559350639
ablation,tcn,no_complete_partial,global,clean_gallery,official_condition:BG,0.0,5,33.32727253437042,1.5806159684316436
ablation,tcn,no_complete_partial,global,clean_gallery,official_condition:CL,0.0,5,13.599999845027924,0.6574431341284025
ablation,tcn,no_complete_partial,global,clean_gallery,official_condition:NM,0.0,5,52.63636350631714,3.5032448465751487
ablation,tcn,no_complete_partial,global,clean_gallery,official_view:000,0.0,5,31.666666865348812,3.815173866928693
ablation,tcn,no_complete_partial,global,clean_gallery,official_view:018,0.0,5,34.59999978542328,3.7741812486171957
ablation,tcn,no_complete_partial,global,clean_gallery,official_view:036,0.0,5,39.59999978542328,3.022140976050134
ablation,tcn,no_complete_partial,global,clean_gallery,official_view:054,0.0,5,33.60000014305115,2.019351340109205
ablation,tcn,no_complete_partial,global,clean_gallery,official_view:072,0.0,5,42.133333683013916,3.775653264207162
ablation,tcn,no_complete_partial,global,clean_gallery,official_view:090,0.0,5,47.93333351612091,2.487748017292388
ablation,tcn,no_complete_partial,global,clean_gallery,official_view:108,0.0,5,45.66666662693024,2.438122342479561
ablation,tcn,no_complete_partial,global,clean_gallery,official_view:126,0.0,5,35.733333230018616,3.499205448774441
ablation,tcn,no_complete_partial,global,clean_gallery,official_view:144,0.0,5,25.73333323001862,2.9192839502817436
ablation,tcn,no_complete_partial,global,clean_gallery,official_view:162,0.0,5,18.266666531562805,0.9545212224355162
ablation,tcn,no_complete_partial,global,clean_gallery,official_view:180,0.0,5,10.133333206176758,3.8557314073734155
ablation,tcn,no_complete_partial,global,clean_gallery,random_joint,0.0,5,33.187878131866455,1.7725846370076286
ablation,tcn,no_complete_partial,global,clean_gallery,random_joint,0.1,5,21.717575907707214,2.0518466941293356
ablation,tcn,no_complete_partial,global,clean_gallery,random_joint,0.3,5,20.493333399295807,3.1060726174146307
ablation,tcn,no_complete_partial,global,clean_gallery,random_joint,0.5,5,18.42303031682968,3.006235808028567
ablation,tcn,no_complete_partial,global,clean_gallery,random_joint,0.7,5,13.527272760868073,2.3908609657380446
ablation,tcn,no_complete_partial,global,clean_gallery,temporal,0.0,5,33.187878131866455,1.7725846370076286
ablation,tcn,no_complete_partial,global,clean_gallery,temporal,0.1,5,21.654545545578003,1.2871262588866934
ablation,tcn,no_complete_partial,global,clean_gallery,temporal,0.3,5,20.364848494529724,1.1825436955617423
ablation,tcn,no_complete_partial,global,clean_gallery,temporal,0.5,5,17.615757524967194,1.0437324807716204
ablation,tcn,no_complete_partial,global,clean_gallery,temporal,0.7,5,13.233939200639725,0.8169980608812912
ablation,tcn,no_complete_partial,global,occluded_gallery,body_part,0.0,5,33.187878131866455,1.7725846370076286
ablation,tcn,no_complete_partial,global,occluded_gallery,body_part,0.1,5,26.780605912208554,1.3724589073599829
ablation,tcn,no_complete_partial,global,occluded_gallery,body_part,0.3,5,20.301818192005157,0.8642411677778542
ablation,tcn,no_complete_partial,global,occluded_gallery,body_part,0.5,5,16.332121193408966,0.6427013896347508
ablation,tcn,no_complete_partial,global,occluded_gallery,body_part,0.7,5,8.97575780749321,0.7839061211823962
ablation,tcn,no_complete_partial,global,occluded_gallery,dynamic_joint,0.0,5,33.187878131866455,1.7725846370076286
ablation,tcn,no_complete_partial,global,occluded_gallery,dynamic_joint,0.1,5,36.54303014278412,1.566046061892438
ablation,tcn,no_complete_partial,global,occluded_gallery,dynamic_joint,0.3,5,33.70909130573273,1.1630753858153262
ablation,tcn,no_complete_partial,global,occluded_gallery,dynamic_joint,0.5,5,25.867878913879395,0.9360001482720219
ablation,tcn,no_complete_partial,global,occluded_gallery,dynamic_joint,0.7,5,13.643636375665666,0.5740871102938853
ablation,tcn,no_complete_partial,global,occluded_gallery,random_joint,0.0,5,33.187878131866455,1.7725846370076286
ablation,tcn,no_complete_partial,global,occluded_gallery,random_joint,0.1,5,36.6012122631073,1.2809072841789801
ablation,tcn,no_complete_partial,global,occluded_gallery,random_joint,0.3,5,35.37818157672882,0.9166216981553457
ablation,tcn,no_complete_partial,global,occluded_gallery,random_joint,0.5,5,31.065454602241516,0.4374016902807115
ablation,tcn,no_complete_partial,global,occluded_gallery,random_joint,0.7,5,22.18060600757599,0.8514492380807972
ablation,tcn,no_complete_partial,global,occluded_gallery,temporal,0.0,5,33.187878131866455,1.7725846370076286
ablation,tcn,no_complete_partial,global,occluded_gallery,temporal,0.1,5,35.31272733211517,1.5674525250210978
ablation,tcn,no_complete_partial,global,occluded_gallery,temporal,0.3,5,31.13575768470764,0.9396827320304777
ablation,tcn,no_complete_partial,global,occluded_gallery,temporal,0.5,5,25.203636050224304,0.8129415128990628
ablation,tcn,no_complete_partial,global,occluded_gallery,temporal,0.7,5,18.094545543193817,0.48000616203183727
ablation,tcn,no_complete_partial,global,single_view_gallery,official_condition:BG,0.0,5,15.838181818181818,0.6742427647258241
ablation,tcn,no_complete_partial,global,single_view_gallery,official_condition:CL,0.0,5,8.940000000000001,0.10535261531504034
ablation,tcn,no_complete_partial,global,single_view_gallery,official_condition:NM,0.0,5,23.78,1.242022477538449
ablation,tcn,no_complete_partial,global_parts,clean_gallery,body_part,0.0,5,38.375757336616516,1.930447371530921
ablation,tcn,no_complete_partial,global_parts,clean_gallery,body_part,0.1,5,25.30666619539261,0.7347914526673794
ablation,tcn,no_complete_partial,global_parts,clean_gallery,body_part,0.3,5,17.31515145301819,0.23616934873190745
ablation,tcn,no_complete_partial,global_parts,clean_gallery,body_part,0.5,5,9.67757573723793,0.5196135082140735
ablation,tcn,no_complete_partial,global_parts,clean_gallery,body_part,0.7,5,2.581818178296089,0.3701437943498389
ablation,tcn,no_complete_partial,global_parts,clean_gallery,dynamic_joint,0.0,5,38.375757336616516,1.930447371530921
ablation,tcn,no_complete_partial,global_parts,clean_gallery,dynamic_joint,0.1,5,34.09333312511444,1.0870012541853953
ablation,tcn,no_complete_partial,global_parts,clean_gallery,dynamic_joint,0.3,5,33.15636360645294,1.9964675999568156
ablation,tcn,no_complete_partial,global_parts,clean_gallery,dynamic_joint,0.5,5,28.70060622692108,3.0259926230957777
ablation,tcn,no_complete_partial,global_parts,clean_gallery,dynamic_joint,0.7,5,19.553939402103424,1.8626755679534337
ablation,tcn,no_complete_partial,global_parts,clean_gallery,official_condition:BG,0.0,5,36.92727208137512,1.5053624281901132
ablation,tcn,no_complete_partial,global_parts,clean_gallery,official_condition:CL,0.0,5,15.20000010728836,0.4697459862032559
ablation,tcn,no_complete_partial,global_parts,clean_gallery,official_condition:NM,0.0,5,62.99999952316284,4.308361956239077
ablation,tcn,no_complete_partial,global_parts,clean_gallery,official_view:000,0.0,5,35.99999964237213,2.538590179593599
ablation,tcn,no_complete_partial,global_parts,clean_gallery,official_view:018,0.0,5,39.33333337306976,1.732050733007953
ablation,tcn,no_complete_partial,global_parts,clean_gallery,official_view:036,0.0,5,47.666667103767395,2.896357590631715
ablation,tcn,no_complete_partial,global_parts,clean_gallery,official_view:054,0.0,5,49.13333296775818,4.741073613883194
ablation,tcn,no_complete_partial,global_parts,clean_gallery,official_view:072,0.0,5,45.799999833106995,4.02492190239847
ablation,tcn,no_complete_partial,global_parts,clean_gallery,official_view:090,0.0,5,47.799999713897705,3.693838996661441
ablation,tcn,no_complete_partial,global_parts,clean_gallery,official_view:108,0.0,5,41.39999985694885,4.906911394903774
ablation,tcn,no_complete_partial,global_parts,clean_gallery,official_view:126,0.0,5,37.733333110809326,2.165384235243245
ablation,tcn,no_complete_partial,global_parts,clean_gallery,official_view:144,0.0,5,34.93333339691162,2.938253876148634
ablation,tcn,no_complete_partial,global_parts,clean_gallery,official_view:162,0.0,5,25.133332908153534,3.948276908630243
ablation,tcn,no_complete_partial,global_parts,clean_gallery,official_view:180,0.0,5,17.20000058412552,1.3864422928827853
ablation,tcn,no_complete_partial,global_parts,clean_gallery,random_joint,0.0,5,38.375757336616516,1.930447371530921
ablation,tcn,no_complete_partial,global_parts,clean_gallery,random_joint,0.1,5,34.2896968126297,1.8312429912143162
ablation,tcn,no_complete_partial,global_parts,clean_gallery,random_joint,0.3,5,33.0133330821991,3.210206229725607
ablation,tcn,no_complete_partial,global_parts,clean_gallery,random_joint,0.5,5,29.238787949085232,3.880498142231212
ablation,tcn,no_complete_partial,global_parts,clean_gallery,random_joint,0.7,5,21.283636152744293,3.3378547803860847
ablation,tcn,no_complete_partial,global_parts,clean_gallery,temporal,0.0,5,38.375757336616516,1.930447371530921
ablation,tcn,no_complete_partial,global_parts,clean_gallery,temporal,0.1,5,33.76727247238159,1.031893832873845
ablation,tcn,no_complete_partial,global_parts,clean_gallery,temporal,0.3,5,33.18787884712219,0.9125495095859582
ablation,tcn,no_complete_partial,global_parts,clean_gallery,temporal,0.5,5,30.723636269569397,0.8858710903846349
ablation,tcn,no_complete_partial,global_parts,clean_gallery,temporal,0.7,5,23.802424311637875,0.3831770013261993
ablation,tcn,no_complete_partial,global_parts,occluded_gallery,body_part,0.0,5,38.375757336616516,1.930447371530921
ablation,tcn,no_complete_partial,global_parts,occluded_gallery,body_part,0.1,5,28.481212139129635,1.4070370621622454
ablation,tcn,no_complete_partial,global_parts,occluded_gallery,body_part,0.3,5,19.397575736045837,0.7356786409649891
ablation,tcn,no_complete_partial,global_parts,occluded_gallery,body_part,0.5,5,16.4581817984581,0.7720151271276365
ablation,tcn,no_complete_partial,global_parts,occluded_gallery,body_part,0.7,5,8.97575780749321,0.7839061211823962
ablation,tcn,no_complete_partial,global_parts,occluded_gallery,dynamic_joint,0.0,5,38.375757336616516,1.930447371530921
ablation,tcn,no_complete_partial,global_parts,occluded_gallery,dynamic_joint,0.1,5,41.65090882778168,2.24464887144545
ablation,tcn,no_complete_partial,global_parts,occluded_gallery,dynamic_joint,0.3,5,39.32000017166138,1.6613105115751865
ablation,tcn,no_complete_partial,global_parts,occluded_gallery,dynamic_joint,0.5,5,31.174545288085938,0.9710631082832735
ablation,tcn,no_complete_partial,global_parts,occluded_gallery,dynamic_joint,0.7,5,16.235151410102844,0.45147253765952866
ablation,tcn,no_complete_partial,global_parts,occluded_gallery,random_joint,0.0,5,38.375757336616516,1.930447371530921
ablation,tcn,no_complete_partial,global_parts,occluded_gallery,random_joint,0.1,5,41.82424223423004,2.0657951170006785
ablation,tcn,no_complete_partial,global_parts,occluded_gallery,random_joint,0.3,5,40.132121086120605,1.1487798000992728
ablation,tcn,no_complete_partial,global_parts,occluded_gallery,random_joint,0.5,5,35.92727291584015,0.8889389168036077
ablation,tcn,no_complete_partial,global_parts,occluded_gallery,random_joint,0.7,5,26.615758001804352,1.0658627197875852
ablation,tcn,no_complete_partial,global_parts,occluded_gallery,temporal,0.0,5,38.375757336616516,1.930447371530921
ablation,tcn,no_complete_partial,global_parts,occluded_gallery,temporal,0.1,5,40.567272305488586,2.2030059613786457
ablation,tcn,no_complete_partial,global_parts,occluded_gallery,temporal,0.3,5,36.475151777267456,1.883667607545285
ablation,tcn,no_complete_partial,global_parts,occluded_gallery,temporal,0.5,5,29.4666668176651,1.2462765419503652
ablation,tcn,no_complete_partial,global_parts,occluded_gallery,temporal,0.7,5,20.79636389017105,0.4476364143457291
ablation,tcn,no_complete_partial,global_parts,single_view_gallery,official_condition:BG,0.0,5,17.507272727272728,0.675467392512109
ablation,tcn,no_complete_partial,global_parts,single_view_gallery,official_condition:CL,0.0,5,9.59818181818182,0.38432080263608315
ablation,tcn,no_complete_partial,global_parts,single_view_gallery,official_condition:NM,0.0,5,27.16363636363636,1.4094867479199575
ablation,tcn,no_global,global,clean_gallery,body_part,0.0,5,35.11515140533447,1.072958132162929
ablation,tcn,no_global,global,clean_gallery,body_part,0.1,5,13.396363586187363,0.6771163861479635
ablation,tcn,no_global,global,clean_gallery,body_part,0.3,5,9.682424157857895,0.409093165278904
ablation,tcn,no_global,global,clean_gallery,body_part,0.5,5,6.576969653367996,0.23178948413729755
ablation,tcn,no_global,global,clean_gallery,body_part,0.7,5,2.842424213886261,0.324539589915148
ablation,tcn,no_global,global,clean_gallery,dynamic_joint,0.0,5,35.11515140533447,1.072958132162929
ablation,tcn,no_global,global,clean_gallery,dynamic_joint,0.1,5,20.067878663539886,2.2523262656083354
ablation,tcn,no_global,global,clean_gallery,dynamic_joint,0.3,5,19.806060552597046,3.968512396566362
ablation,tcn,no_global,global,clean_gallery,dynamic_joint,0.5,5,13.424242407083511,3.807792386517419
ablation,tcn,no_global,global,clean_gallery,dynamic_joint,0.7,5,7.877575725317001,2.220256459338883
ablation,tcn,no_global,global,clean_gallery,official_condition:BG,0.0,5,34.90909159183502,1.621141109137798
ablation,tcn,no_global,global,clean_gallery,official_condition:CL,0.0,5,16.272727251052856,0.810570554568899
ablation,tcn,no_global,global,clean_gallery,official_condition:NM,0.0,5,54.16363716125488,2.3814018177122795
ablation,tcn,no_global,global,clean_gallery,official_view:000,0.0,5,38.33333373069763,2.8087164766996002
ablation,tcn,no_global,global,clean_gallery,official_view:018,0.0,5,38.86666655540466,2.3404645231836096
ablation,tcn,no_global,global,clean_gallery,official_view:036,0.0,5,40.133333802223206,2.911662411574906
ablation,tcn,no_global,global,clean_gallery,official_view:054,0.0,5,34.80000019073486,2.9870091865538106
ablation,tcn,no_global,global,clean_gallery,official_view:072,0.0,5,42.200000286102295,1.8648808758704738
ablation,tcn,no_global,global,clean_gallery,official_view:090,0.0,5,46.866666078567505,3.7163299653937685
ablation,tcn,no_global,global,clean_gallery,official_view:108,0.0,5,43.26666712760925,1.689839360084621
ablation,tcn,no_global,global,clean_gallery,official_view:126,0.0,5,37.93333351612091,3.2266246683959254
ablation,tcn,no_global,global,clean_gallery,official_view:144,0.0,5,30.40000021457672,2.994438773994185
ablation,tcn,no_global,global,clean_gallery,official_view:162,0.0,5,20.933333337306976,2.802776625872672
ablation,tcn,no_global,global,clean_gallery,official_view:180,0.0,5,12.53333330154419,3.4286374828274386
ablation,tcn,no_global,global,clean_gallery,random_joint,0.0,5,35.11515140533447,1.072958132162929
ablation,tcn,no_global,global,clean_gallery,random_joint,0.1,5,20.356363654136658,3.878538055291842
ablation,tcn,no_global,global,clean_gallery,random_joint,0.3,5,16.926060616970062,5.973970822386779
ablation,tcn,no_global,global,clean_gallery,random_joint,0.5,5,10.93333338201046,4.0681138356600774
ablation,tcn,no_global,global,clean_gallery,random_joint,0.7,5,6.556363590061665,2.5609857781690253
ablation,tcn,no_global,global,clean_gallery,temporal,0.0,5,35.11515140533447,1.072958132162929
ablation,tcn,no_global,global,clean_gallery,temporal,0.1,5,19.892121076583862,1.8729400948715398
ablation,tcn,no_global,global,clean_gallery,temporal,0.3,5,19.504242479801178,1.8379902140964646
ablation,tcn,no_global,global,clean_gallery,temporal,0.5,5,18.17696976661682,1.315231053295574
ablation,tcn,no_global,global,clean_gallery,temporal,0.7,5,14.517575740814209,1.3482949216039342
ablation,tcn,no_global,global,occluded_gallery,body_part,0.0,5,35.11515140533447,1.072958132162929
ablation,tcn,no_global,global,occluded_gallery,body_part,0.1,5,26.780606150627133,0.8131428357299569
ablation,tcn,no_global,global,occluded_gallery,body_part,0.3,5,19.858181715011597,0.6710134992199362
ablation,tcn,no_global,global,occluded_gallery,body_part,0.5,5,15.649697065353394,0.8620495172077117
ablation,tcn,no_global,global,occluded_gallery,body_part,0.7,5,8.33939403295517,0.7756629133554922
ablation,tcn,no_global,global,occluded_gallery,dynamic_joint,0.0,5,35.11515140533447,1.072958132162929
ablation,tcn,no_global,global,occluded_gallery,dynamic_joint,0.1,5,38.14060592651367,0.8520747127745483
ablation,tcn,no_global,global,occluded_gallery,dynamic_joint,0.3,5,33.93212139606476,0.5885092504591811
ablation,tcn,no_global,global,occluded_gallery,dynamic_joint,0.5,5,24.329696834087372,0.8103053542988363
ablation,tcn,no_global,global,occluded_gallery,dynamic_joint,0.7,5,11.601212084293365,0.4203807050345878
ablation,tcn,no_global,global,occluded_gallery,random_joint,0.0,5,35.11515140533447,1.072958132162929
ablation,tcn,no_global,global,occluded_gallery,random_joint,0.1,5,38.25818181037903,0.8417986816852006
ablation,tcn,no_global,global,occluded_gallery,random_joint,0.3,5,35.24727261066437,1.2348580589593725
ablation,tcn,no_global,global,occluded_gallery,random_joint,0.5,5,27.589091181755066,1.3733819261115146
ablation,tcn,no_global,global,occluded_gallery,random_joint,0.7,5,17.012121319770813,1.0541883494612037
ablation,tcn,no_global,global,occluded_gallery,temporal,0.0,5,35.11515140533447,1.072958132162929
ablation,tcn,no_global,global,occluded_gallery,temporal,0.1,5,36.17939352989197,0.8769116514423734
ablation,tcn,no_global,global,occluded_gallery,temporal,0.3,5,31.64969718456268,1.1430021658713323
ablation,tcn,no_global,global,occluded_gallery,temporal,0.5,5,25.5333331823349,0.6415803516680593
ablation,tcn,no_global,global,occluded_gallery,temporal,0.7,5,17.892121255397797,0.7273154233368789
ablation,tcn,no_global,global,single_view_gallery,official_condition:BG,0.0,5,17.201818181818183,1.0125534370145213
ablation,tcn,no_global,global,single_view_gallery,official_condition:CL,0.0,5,10.585454545454546,0.18448050805231309
ablation,tcn,no_global,global,single_view_gallery,official_condition:NM,0.0,5,24.703636363636363,1.3142826343580774
ablation,tcn,no_global,global_parts,clean_gallery,body_part,0.0,5,39.21212077140808,1.0073200554538515
ablation,tcn,no_global,global_parts,clean_gallery,body_part,0.1,5,20.86303037405014,2.0391555395499683
ablation,tcn,no_global,global_parts,clean_gallery,body_part,0.3,5,13.326060742139816,1.1990079194104348
ablation,tcn,no_global,global_parts,clean_gallery,body_part,0.5,5,8.077575773000717,0.3468446056979002
ablation,tcn,no_global,global_parts,clean_gallery,body_part,0.7,5,2.393939383327961,0.25171587563275283
ablation,tcn,no_global,global_parts,clean_gallery,dynamic_joint,0.0,5,39.21212077140808,1.0073200554538515
ablation,tcn,no_global,global_parts,clean_gallery,dynamic_joint,0.1,5,31.4254549741745,1.3160684282177495
ablation,tcn,no_global,global_parts,clean_gallery,dynamic_joint,0.3,5,28.566060423851013,2.0572996114864175
ablation,tcn,no_global,global_parts,clean_gallery,dynamic_joint,0.5,5,19.84000015258789,2.8596993521149767
ablation,tcn,no_global,global_parts,clean_gallery,dynamic_joint,0.7,5,10.710303038358688,1.5070961262705118
ablation,tcn,no_global,global_parts,clean_gallery,official_condition:BG,0.0,5,39.345455169677734,1.035326481022785
ablation,tcn,no_global,global_parts,clean_gallery,official_condition:CL,0.0,5,14.927272945642473,1.9213890104817455
ablation,tcn,no_global,global_parts,clean_gallery,official_condition:NM,0.0,5,63.36363673210143,2.074042365044603
ablation,tcn,no_global,global_parts,clean_gallery,official_view:000,0.0,5,36.06666684150696,4.935134598618416
ablation,tcn,no_global,global_parts,clean_gallery,official_view:018,0.0,5,35.333333015441895,1.7480154952225484
ablation,tcn,no_global,global_parts,clean_gallery,official_view:036,0.0,5,45.66666662693024,3.6362371821284554
ablation,tcn,no_global,global_parts,clean_gallery,official_view:054,0.0,5,49.0666663646698,2.465315051864329
ablation,tcn,no_global,global_parts,clean_gallery,official_view:072,0.0,5,47.40000009536743,1.8469187789236945
ablation,tcn,no_global,global_parts,clean_gallery,official_view:090,0.0,5,48.99999976158142,3.2317878698108897
ablation,tcn,no_global,global_parts,clean_gallery,official_view:108,0.0,5,47.66666650772095,2.768874312423924
ablation,tcn,no_global,global_parts,clean_gallery,official_view:126,0.0,5,43.60000014305115,5.149973665584764
ablation,tcn,no_global,global_parts,clean_gallery,official_view:144,0.0,5,35.53333342075348,2.6832822349574856
ablation,tcn,no_global,global_parts,clean_gallery,official_view:162,0.0,5,26.533332467079163,0.6497869694723513
ablation,tcn,no_global,global_parts,clean_gallery,official_view:180,0.0,5,15.466666519641874,0.8692267869777195
ablation,tcn,no_global,global_parts,clean_gallery,random_joint,0.0,5,39.21212077140808,1.0073200554538515
ablation,tcn,no_global,global_parts,clean_gallery,random_joint,0.1,5,30.5333331823349,1.8266416449642096
ablation,tcn,no_global,global_parts,clean_gallery,random_joint,0.3,5,24.263030529022217,4.477199969520383
ablation,tcn,no_global,global_parts,clean_gallery,random_joint,0.5,5,14.944242507219316,3.336569916220844
ablation,tcn,no_global,global_parts,clean_gallery,random_joint,0.7,5,7.426666647195816,2.8147603604067193
ablation,tcn,no_global,global_parts,clean_gallery,temporal,0.0,5,39.21212077140808,1.0073200554538515
ablation,tcn,no_global,global_parts,clean_gallery,temporal,0.1,5,30.872727155685425,1.2592060984117353
ablation,tcn,no_global,global_parts,clean_gallery,temporal,0.3,5,31.0072728395462,1.4156760490982474
ablation,tcn,no_global,global_parts,clean_gallery,temporal,0.5,5,29.49454545974731,1.2635065676256856
ablation,tcn,no_global,global_parts,clean_gallery,temporal,0.7,5,23.721212029457092,0.829207385260402
ablation,tcn,no_global,global_parts,occluded_gallery,body_part,0.0,5,39.21212077140808,1.0073200554538515
ablation,tcn,no_global,global_parts,occluded_gallery,body_part,0.1,5,28.76606059074402,0.9807102182572126
ablation,tcn,no_global,global_parts,occluded_gallery,body_part,0.3,5,19.393939435482025,0.47611440315168285
ablation,tcn,no_global,global_parts,occluded_gallery,body_part,0.5,5,15.831515133380888,0.8948317066396143
ablation,tcn,no_global,global_parts,occluded_gallery,body_part,0.7,5,8.33939403295517,0.7756629133554922
ablation,tcn,no_global,global_parts,occluded_gallery,dynamic_joint,0.0,5,39.21212077140808,1.0073200554538515
ablation,tcn,no_global,global_parts,occluded_gallery,dynamic_joint,0.1,5,43.49090921878815,0.9055986076189503
ablation,tcn,no_global,global_parts,occluded_gallery,dynamic_joint,0.3,5,40.820605874061584,1.2701675626991946
ablation,tcn,no_global,global_parts,occluded_gallery,dynamic_joint,0.5,5,30.521211743354797,1.2825667299871526
ablation,tcn,no_global,global_parts,occluded_gallery,dynamic_joint,0.7,5,13.950303077697754,0.522046516596372
ablation,tcn,no_global,global_parts,occluded_gallery,random_joint,0.0,5,39.21212077140808,1.0073200554538515
ablation,tcn,no_global,global_parts,occluded_gallery,random_joint,0.1,5,43.78060591220856,0.703022043211899
ablation,tcn,no_global,global_parts,occluded_gallery,random_joint,0.3,5,41.48848485946655,1.3246938798525139
ablation,tcn,no_global,global_parts,occluded_gallery,random_joint,0.5,5,33.69575786590576,1.6038144664793297
ablation,tcn,no_global,global_parts,occluded_gallery,random_joint,0.7,5,19.03393942117691,0.8004314304342394
ablation,tcn,no_global,global_parts,occluded_gallery,temporal,0.0,5,39.21212077140808,1.0073200554538515
ablation,tcn,no_global,global_parts,occluded_gallery,temporal,0.1,5,42.11030292510986,0.9659628420213031
ablation,tcn,no_global,global_parts,occluded_gallery,temporal,0.3,5,37.64363634586334,0.66237420373811
ablation,tcn,no_global,global_parts,occluded_gallery,temporal,0.5,5,30.374545335769653,1.048961214106534
ablation,tcn,no_global,global_parts,occluded_gallery,temporal,0.7,5,21.36848485469818,0.9403261012567996
ablation,tcn,no_global,global_parts,single_view_gallery,official_condition:BG,0.0,5,19.778181818181817,1.2493403217976369
ablation,tcn,no_global,global_parts,single_view_gallery,official_condition:CL,0.0,5,10.723636363636365,0.49412247954670924
ablation,tcn,no_global,global_parts,single_view_gallery,official_condition:NM,0.0,5,29.64,1.5419693322137145
ablation,tcn,no_part,global,clean_gallery,body_part,0.0,5,35.95151484012604,1.8410928361946168
ablation,tcn,no_part,global,clean_gallery,body_part,0.1,5,11.467878967523575,1.5883380679368502
ablation,tcn,no_part,global,clean_gallery,body_part,0.3,5,8.200000047683716,0.9259844170548573
ablation,tcn,no_part,global,clean_gallery,body_part,0.5,5,5.600000008940697,0.6651360091869731
ablation,tcn,no_part,global,clean_gallery,body_part,0.7,5,2.369696982204914,0.08677465215007732
ablation,tcn,no_part,global,clean_gallery,dynamic_joint,0.0,5,35.95151484012604,1.8410928361946168
ablation,tcn,no_part,global,clean_gallery,dynamic_joint,0.1,5,18.397575616836548,3.083528210852913
ablation,tcn,no_part,global,clean_gallery,dynamic_joint,0.3,5,19.301818251609802,5.631432199884155
ablation,tcn,no_part,global,clean_gallery,dynamic_joint,0.5,5,12.323636442422867,2.1918399110544198
ablation,tcn,no_part,global,clean_gallery,dynamic_joint,0.7,5,6.676363632082939,1.1139948319090618
ablation,tcn,no_part,global,clean_gallery,official_condition:BG,0.0,5,36.654545068740845,1.7980702476827215
ablation,tcn,no_part,global,clean_gallery,official_condition:CL,0.0,5,15.05454570055008,1.372094893501941
ablation,tcn,no_part,global,clean_gallery,official_condition:NM,0.0,5,56.14545464515685,2.464288069590228
ablation,tcn,no_part,global,clean_gallery,official_view:000,0.0,5,38.39999973773956,2.241030568179022
ablation,tcn,no_part,global,clean_gallery,official_view:018,0.0,5,41.40000104904175,2.58628879682321
ablation,tcn,no_part,global,clean_gallery,official_view:036,0.0,5,39.73333299160004,2.2779137629594612
ablation,tcn,no_part,global,clean_gallery,official_view:054,0.0,5,34.20000076293945,3.7830031486144895
ablation,tcn,no_part,global,clean_gallery,official_view:072,0.0,5,41.53333306312561,2.987009918223308
ablation,tcn,no_part,global,clean_gallery,official_view:090,0.0,5,44.666666984558105,1.5456030547310213
ablation,tcn,no_part,global,clean_gallery,official_view:108,0.0,5,47.53333330154419,1.952206062644218
ablation,tcn,no_part,global,clean_gallery,official_view:126,0.0,5,43.200000524520874,3.760910034572541
ablation,tcn,no_part,global,clean_gallery,official_view:144,0.0,5,32.59999990463257,2.782884075832519
ablation,tcn,no_part,global,clean_gallery,official_view:162,0.0,5,20.399999916553497,1.6397830584993716
ablation,tcn,no_part,global,clean_gallery,official_view:180,0.0,5,11.799999922513962,3.0147783197136544
ablation,tcn,no_part,global,clean_gallery,random_joint,0.0,5,35.95151484012604,1.8410928361946168
ablation,tcn,no_part,global,clean_gallery,random_joint,0.1,5,19.849697053432465,5.326280681771366
ablation,tcn,no_part,global,clean_gallery,random_joint,0.3,5,17.69818177819252,3.9889226287232815
ablation,tcn,no_part,global,clean_gallery,random_joint,0.5,5,9.833939403295517,2.699095561561673
ablation,tcn,no_part,global,clean_gallery,random_joint,0.7,5,4.94545454531908,1.206083480572894
ablation,tcn,no_part,global,clean_gallery,temporal,0.0,5,35.95151484012604,1.8410928361946168
ablation,tcn,no_part,global,clean_gallery,temporal,0.1,5,18.204848408699036,2.9166422675013
ablation,tcn,no_part,global,clean_gallery,temporal,0.3,5,17.880000054836273,2.443748851626143
ablation,tcn,no_part,global,clean_gallery,temporal,0.5,5,16.436363577842712,2.1605317462260283
ablation,tcn,no_part,global,clean_gallery,temporal,0.7,5,12.887272775173187,1.8221099555064266
ablation,tcn,no_part,global,occluded_gallery,body_part,0.0,5,35.95151484012604,1.8410928361946168
ablation,tcn,no_part,global,occluded_gallery,body_part,0.1,5,26.768484830856327,1.2469499251750786
ablation,tcn,no_part,global,occluded_gallery,body_part,0.3,5,19.74909073114395,0.952398879632667
ablation,tcn,no_part,global,occluded_gallery,body_part,0.5,5,15.681212186813354,0.9875868658744201
ablation,tcn,no_part,global,occluded_gallery,body_part,0.7,5,9.133333265781403,0.7056768100840664
ablation,tcn,no_part,global,occluded_gallery,dynamic_joint,0.0,5,35.95151484012604,1.8410928361946168
ablation,tcn,no_part,global,occluded_gallery,dynamic_joint,0.1,5,37.696969509124756,2.174892530837928
ablation,tcn,no_part,global,occluded_gallery,dynamic_joint,0.3,5,33.396363615989685,1.9908265165717316
ablation,tcn,no_part,global,occluded_gallery,dynamic_joint,0.5,5,23.7769695520401,1.6744961262913927
ablation,tcn,no_part,global,occluded_gallery,dynamic_joint,0.7,5,11.58787876367569,0.87624503820766
ablation,tcn,no_part,global,occluded_gallery,random_joint,0.0,5,35.95151484012604,1.8410928361946168
ablation,tcn,no_part,global,occluded_gallery,random_joint,0.1,5,38.03636360168457,1.8543868616054129
ablation,tcn,no_part,global,occluded_gallery,random_joint,0.3,5,35.002424359321594,1.7712564312519525
ablation,tcn,no_part,global,occluded_gallery,random_joint,0.5,5,28.129696726799008,1.7641965429507669
ablation,tcn,no_part,global,occluded_gallery,random_joint,0.7,5,17.723636269569397,1.581728808454527
ablation,tcn,no_part,global,occluded_gallery,temporal,0.0,5,35.95151484012604,1.8410928361946168
ablation,tcn,no_part,global,occluded_gallery,temporal,0.1,5,36.3781818151474,1.9901666307210888
ablation,tcn,no_part,global,occluded_gallery,temporal,0.3,5,32.12000024318695,1.6802119056231164
ablation,tcn,no_part,global,occluded_gallery,temporal,0.5,5,25.95151501893997,1.3124816361109062
ablation,tcn,no_part,global,occluded_gallery,temporal,0.7,5,18.584242403507233,0.8851036930550459
ablation,tcn,no_part,global,single_view_gallery,official_condition:BG,0.0,5,18.560000000000002,1.137355930391492
ablation,tcn,no_part,global,single_view_gallery,official_condition:CL,0.0,5,10.294545454545455,0.5197583672540338
ablation,tcn,no_part,global,single_view_gallery,official_condition:NM,0.0,5,26.645454545454545,1.3711459886948762
ablation,tcn,no_part,global_parts,clean_gallery,body_part,0.0,5,34.64848518371582,1.76039550208358
ablation,tcn,no_part,global_parts,clean_gallery,body_part,0.1,5,13.539393931627272,1.594901227077385
ablation,tcn,no_part,global_parts,clean_gallery,body_part,0.3,5,9.4751515686512,1.1546734329956165
ablation,tcn,no_part,global_parts,clean_gallery,body_part,0.5,5,6.061818227171898,0.8055752121075203
ablation,tcn,no_part,global_parts,clean_gallery,body_part,0.7,5,2.1090908721089363,0.10186507116205998
ablation,tcn,no_part,global_parts,clean_gallery,dynamic_joint,0.0,5,34.64848518371582,1.76039550208358
ablation,tcn,no_part,global_parts,clean_gallery,dynamic_joint,0.1,5,21.29212111234665,3.426023752963334
ablation,tcn,no_part,global_parts,clean_gallery,dynamic_joint,0.3,5,21.570908844470978,5.317611584767557
ablation,tcn,no_part,global_parts,clean_gallery,dynamic_joint,0.5,5,15.269090831279755,2.4231685903019495
ablation,tcn,no_part,global_parts,clean_gallery,dynamic_joint,0.7,5,8.192727267742157,0.9504181506198608
ablation,tcn,no_part,global_parts,clean_gallery,official_condition:BG,0.0,5,35.799999833106995,1.4074773467554857
ablation,tcn,no_part,global_parts,clean_gallery,official_condition:CL,0.0,5,13.199999779462814,1.335156875835369
ablation,tcn,no_part,global_parts,clean_gallery,official_condition:NM,0.0,5,54.945454597473145,3.738122916348792
ablation,tcn,no_part,global_parts,clean_gallery,official_view:000,0.0,5,34.80000078678131,3.7830026759372393
ablation,tcn,no_part,global_parts,clean_gallery,official_view:018,0.0,5,37.799999713897705,2.0896570967272767
ablation,tcn,no_part,global_parts,clean_gallery,official_view:036,0.0,5,37.93333292007446,2.59700635564317
ablation,tcn,no_part,global_parts,clean_gallery,official_view:054,0.0,5,34.93333339691162,4.493205335954917
ablation,tcn,no_part,global_parts,clean_gallery,official_view:072,0.0,5,44.39999997615814,2.060204168649988
ablation,tcn,no_part,global_parts,clean_gallery,official_view:090,0.0,5,47.06666648387909,2.2533924491946413
ablation,tcn,no_part,global_parts,clean_gallery,official_view:108,0.0,5,47.06666648387909,1.9350566545607628
ablation,tcn,no_part,global_parts,clean_gallery,official_view:126,0.0,5,39.46666657924652,2.814644189520731
ablation,tcn,no_part,global_parts,clean_gallery,official_view:144,0.0,5,31.333333849906918,3.40750866324057
ablation,tcn,no_part,global_parts,clean_gallery,official_view:162,0.0,5,17.33333319425583,0.8819172482457538
ablation,tcn,no_part,global_parts,clean_gallery,official_view:180,0.0,5,9.000000059604645,3.1001790134937215
ablation,tcn,no_part,global_parts,clean_gallery,random_joint,0.0,5,34.64848518371582,1.76039550208358
ablation,tcn,no_part,global_parts,clean_gallery,random_joint,0.1,5,22.404848515987396,5.490326301387968
ablation,tcn,no_part,global_parts,clean_gallery,random_joint,0.3,5,20.35393935441971,4.635633609032183
ablation,tcn,no_part,global_parts,clean_gallery,random_joint,0.5,5,11.701818078756332,2.162147724908307
ablation,tcn,no_part,global_parts,clean_gallery,random_joint,0.7,5,5.555151522159576,1.2201371726025831
ablation,tcn,no_part,global_parts,clean_gallery,temporal,0.0,5,34.64848518371582,1.76039550208358
ablation,tcn,no_part,global_parts,clean_gallery,temporal,0.1,5,21.243636429309845,3.2273975077800205
ablation,tcn,no_part,global_parts,clean_gallery,temporal,0.3,5,21.543030440807343,2.797718726112048
ablation,tcn,no_part,global_parts,clean_gallery,temporal,0.5,5,20.729696929454803,2.4593765522934055
ablation,tcn,no_part,global_parts,clean_gallery,temporal,0.7,5,16.61575746536255,2.1271973986856394
ablation,tcn,no_part,global_parts,occluded_gallery,body_part,0.0,5,34.64848518371582,1.76039550208358
ablation,tcn,no_part,global_parts,occluded_gallery,body_part,0.1,5,26.153939247131348,1.2337063776973851
ablation,tcn,no_part,global_parts,occluded_gallery,body_part,0.3,5,17.837575793266296,0.7364996976381933
ablation,tcn,no_part,global_parts,occluded_gallery,body_part,0.5,5,14.574545502662659,0.599408859411165
ablation,tcn,no_part,global_parts,occluded_gallery,body_part,0.7,5,9.139393866062164,0.6988117762526208
ablation,tcn,no_part,global_parts,occluded_gallery,dynamic_joint,0.0,5,34.64848518371582,1.76039550208358
ablation,tcn,no_part,global_parts,occluded_gallery,dynamic_joint,0.1,5,38.56000018119812,2.037529098876981
ablation,tcn,no_part,global_parts,occluded_gallery,dynamic_joint,0.3,5,34.60000026226044,1.6509896298142794
ablation,tcn,no_part,global_parts,occluded_gallery,dynamic_joint,0.5,5,25.139393568038944,1.0918766050073712
ablation,tcn,no_part,global_parts,occluded_gallery,dynamic_joint,0.7,5,12.05575755238533,0.7806121047918666
ablation,tcn,no_part,global_parts,occluded_gallery,random_joint,0.0,5,34.64848518371582,1.76039550208358
ablation,tcn,no_part,global_parts,occluded_gallery,random_joint,0.1,5,38.676363706588745,1.5155249208251482
ablation,tcn,no_part,global_parts,occluded_gallery,random_joint,0.3,5,35.888485074043274,1.107754214485107
ablation,tcn,no_part,global_parts,occluded_gallery,random_joint,0.5,5,29.059393882751465,1.5003787511392217
ablation,tcn,no_part,global_parts,occluded_gallery,random_joint,0.7,5,18.95515149831772,1.9438660402975847
ablation,tcn,no_part,global_parts,occluded_gallery,temporal,0.0,5,34.64848518371582,1.76039550208358
ablation,tcn,no_part,global_parts,occluded_gallery,temporal,0.1,5,37.288485050201416,1.863104618807642
ablation,tcn,no_part,global_parts,occluded_gallery,temporal,0.3,5,32.98787844181061,1.4348926129130313
ablation,tcn,no_part,global_parts,occluded_gallery,temporal,0.5,5,26.806060552597046,1.1659543351288133
ablation,tcn,no_part,global_parts,occluded_gallery,temporal,0.7,5,19.055757522583008,0.6633027767803839
ablation,tcn,no_part,global_parts,single_view_gallery,official_condition:BG,0.0,5,16.6,1.4597350603040915
ablation,tcn,no_part,global_parts,single_view_gallery,official_condition:CL,0.0,5,9.074545454545456,0.700277394860113
ablation,tcn,no_part,global_parts,single_view_gallery,official_condition:NM,0.0,5,24.021818181818183,2.5347877150425404
ablation,tcn,no_part_masking,global,clean_gallery,body_part,0.0,5,39.266666769981384,1.1407795495927884
ablation,tcn,no_part_masking,global,clean_gallery,body_part,0.1,5,11.115151584148407,1.0142692418528498
ablation,tcn,no_part_masking,global,clean_gallery,body_part,0.3,5,7.7878788113594055,0.4915446852597165
ablation,tcn,no_part_masking,global,clean_gallery,body_part,0.5,5,5.37939390540123,0.25586239491707935
ablation,tcn,no_part_masking,global,clean_gallery,body_part,0.7,5,2.224242426455021,0.22123282548835535
ablation,tcn,no_part_masking,global,clean_gallery,dynamic_joint,0.0,5,39.266666769981384,1.1407795495927884
ablation,tcn,no_part_masking,global,clean_gallery,dynamic_joint,0.1,5,20.362424194812775,2.2455565209898656
ablation,tcn,no_part_masking,global,clean_gallery,dynamic_joint,0.3,5,21.93575745820999,2.103338543770977
ablation,tcn,no_part_masking,global,clean_gallery,dynamic_joint,0.5,5,16.18666660785675,1.5406604248454632
ablation,tcn,no_part_masking,global,clean_gallery,dynamic_joint,0.7,5,8.56000006198883,1.4509906169797548
ablation,tcn,no_part_masking,global,clean_gallery,official_condition:BG,0.0,5,40.0,1.3772047907235594
ablation,tcn,no_part_masking,global,clean_gallery,official_condition:CL,0.0,5,16.363636553287506,0.5640761972964884
ablation,tcn,no_part_masking,global,clean_gallery,official_condition:NM,0.0,5,61.43636345863342,1.8367239357965148
ablation,tcn,no_part_masking,global,clean_gallery,official_view:000,0.0,5,43.00000011920929,1.3944329382365557
ablation,tcn,no_part_masking,global,clean_gallery,official_view:018,0.0,5,46.53333365917206,1.4452995762521543
ablation,tcn,no_part_masking,global,clean_gallery,official_view:036,0.0,5,44.80000019073486,4.066119492406112
ablation,tcn,no_part_masking,global,clean_gallery,official_view:054,0.0,5,38.46666693687439,2.6098096035105462
ablation,tcn,no_part_masking,global,clean_gallery,official_view:072,0.0,5,43.40000033378601,2.060204916044962
ablation,tcn,no_part_masking,global,clean_gallery,official_view:090,0.0,5,47.80000030994415,2.340465520641476
ablation,tcn,no_part_masking,global,clean_gallery,official_view:108,0.0,5,47.266666293144226,0.9545204939158759
ablation,tcn,no_part_masking,global,clean_gallery,official_view:126,0.0,5,46.06666684150696,1.891501915685513
ablation,tcn,no_part_masking,global,clean_gallery,official_view:144,0.0,5,37.93333351612091,1.689838360700579
ablation,tcn,no_part_masking,global,clean_gallery,official_view:162,0.0,5,23.733333349227905,1.8318169470957015
ablation,tcn,no_part_masking,global,clean_gallery,official_view:180,0.0,5,12.933333516120909,2.2286018004989194
ablation,tcn,no_part_masking,global,clean_gallery,random_joint,0.0,5,39.266666769981384,1.1407795495927884
ablation,tcn,no_part_masking,global,clean_gallery,random_joint,0.1,5,22.03030288219452,3.2207829518480384
ablation,tcn,no_part_masking,global,clean_gallery,random_joint,0.3,5,20.44727259874344,1.733732745908543
ablation,tcn,no_part_masking,global,clean_gallery,random_joint,0.5,5,12.20969694852829,3.7030020237817216
ablation,tcn,no_part_masking,global,clean_gallery,random_joint,0.7,5,6.6157576739788055,2.3327650695513347
ablation,tcn,no_part_masking,global,clean_gallery,temporal,0.0,5,39.266666769981384,1.1407795495927884
ablation,tcn,no_part_masking,global,clean_gallery,temporal,0.1,5,20.106666684150696,2.1452859335960586
ablation,tcn,no_part_masking,global,clean_gallery,temporal,0.3,5,19.958787858486176,2.3519502443486067
ablation,tcn,no_part_masking,global,clean_gallery,temporal,0.5,5,18.550302922725677,2.579481655585045
ablation,tcn,no_part_masking,global,clean_gallery,temporal,0.7,5,14.875151604413986,1.6531607165870388
ablation,tcn,no_part_masking,global,occluded_gallery,body_part,0.0,5,39.266666769981384,1.1407795495927884
ablation,tcn,no_part_masking,global,occluded_gallery,body_part,0.1,5,27.18424260616302,0.6951576102575509
ablation,tcn,no_part_masking,global,occluded_gallery,body_part,0.3,5,19.223030388355255,0.4926903518446299
ablation,tcn,no_part_masking,global,occluded_gallery,body_part,0.5,5,14.827878773212433,0.5394043239892421
ablation,tcn,no_part_masking,global,occluded_gallery,body_part,0.7,5,9.084848463535309,1.0686707208024289
ablation,tcn,no_part_masking,global,occluded_gallery,dynamic_joint,0.0,5,39.266666769981384,1.1407795495927884
ablation,tcn,no_part_masking,global,occluded_gallery,dynamic_joint,0.1,5,40.25333309173584,1.4140797719852958
ablation,tcn,no_part_masking,global,occluded_gallery,dynamic_joint,0.3,5,35.01090896129608,1.3491240618419167
ablation,tcn,no_part_masking,global,occluded_gallery,dynamic_joint,0.5,5,23.960000038146973,1.270174674327472
ablation,tcn,no_part_masking,global,occluded_gallery,dynamic_joint,0.7,5,11.181818127632141,0.8731270637263471
ablation,tcn,no_part_masking,global,occluded_gallery,random_joint,0.0,5,39.266666769981384,1.1407795495927884
ablation,tcn,no_part_masking,global,occluded_gallery,random_joint,0.1,5,40.0969694852829,1.2307955559951045
ablation,tcn,no_part_masking,global,occluded_gallery,random_joint,0.3,5,36.66303050518036,1.4515156330289916
ablation,tcn,no_part_masking,global,occluded_gallery,random_joint,0.5,5,29.76727247238159,1.3703644641976451
ablation,tcn,no_part_masking,global,occluded_gallery,random_joint,0.7,5,18.720000088214874,0.939808232035935
ablation,tcn,no_part_masking,global,occluded_gallery,temporal,0.0,5,39.266666769981384,1.1407795495927884
ablation,tcn,no_part_masking,global,occluded_gallery,temporal,0.1,5,39.080000162124634,1.6389282453389924
ablation,tcn,no_part_masking,global,occluded_gallery,temporal,0.3,5,34.97454559803009,1.4602252474330855
ablation,tcn,no_part_masking,global,occluded_gallery,temporal,0.5,5,28.467878460884094,1.4159358418478156
ablation,tcn,no_part_masking,global,occluded_gallery,temporal,0.7,5,20.505454599857327,1.1762697753641789
ablation,tcn,no_part_masking,global,single_view_gallery,official_condition:BG,0.0,5,20.076363636363638,0.8897394920067123
ablation,tcn,no_part_masking,global,single_view_gallery,official_condition:CL,0.0,5,11.543636363636365,0.4508669335131348
ablation,tcn,no_part_masking,global,single_view_gallery,official_condition:NM,0.0,5,29.256363636363638,0.9452228737137818
ablation,tcn,no_part_masking,global_parts,clean_gallery,body_part,0.0,5,41.18787944316864,2.877543314888313
ablation,tcn,no_part_masking,global_parts,clean_gallery,body_part,0.1,5,14.886060655117033,1.7324557806864933
ablation,tcn,no_part_masking,global_parts,clean_gallery,body_part,0.3,5,9.890909165143967,1.2405158895327628
ablation,tcn,no_part_masking,global_parts,clean_gallery,body_part,0.5,5,6.106666713953018,1.1862125583060017
ablation,tcn,no_part_masking,global_parts,clean_gallery,body_part,0.7,5,2.139393948018551,0.2765722145954205
ablation,tcn,no_part_masking,global_parts,clean_gallery,dynamic_joint,0.0,5,41.18787944316864,2.877543314888313
ablation,tcn,no_part_masking,global_parts,clean_gallery,dynamic_joint,0.1,5,29.13939356803894,3.91528765925861
ablation,tcn,no_part_masking,global_parts,clean_gallery,dynamic_joint,0.3,5,30.127273201942444,3.286713152383221
ablation,tcn,no_part_masking,global_parts,clean_gallery,dynamic_joint,0.5,5,23.143030285835266,3.2368732575197323
ablation,tcn,no_part_masking,global_parts,clean_gallery,dynamic_joint,0.7,5,11.343030363321304,1.9235747256280906
ablation,tcn,no_part_masking,global_parts,clean_gallery,official_condition:BG,0.0,5,41.30909085273743,3.7364634429384718
ablation,tcn,no_part_masking,global_parts,clean_gallery,official_condition:CL,0.0,5,15.236363708972931,1.1492002370378198
ablation,tcn,no_part_masking,global_parts,clean_gallery,official_condition:NM,0.0,5,67.01818227767944,4.200254377916534
ablation,tcn,no_part_masking,global_parts,clean_gallery,official_view:000,0.0,5,39.266666769981384,2.772884406636256
ablation,tcn,no_part_masking,global_parts,clean_gallery,official_view:018,0.0,5,39.13333296775818,3.321646389970359
ablation,tcn,no_part_masking,global_parts,clean_gallery,official_view:036,0.0,5,47.93333351612091,2.4988887831252318
ablation,tcn,no_part_masking,global_parts,clean_gallery,official_view:054,0.0,5,49.399999380111694,2.880970810626483
ablation,tcn,no_part_masking,global_parts,clean_gallery,official_view:072,0.0,5,46.333332657814026,4.320494162227868
ablation,tcn,no_part_masking,global_parts,clean_gallery,official_view:090,0.0,5,51.133333444595344,7.690542793618388
ablation,tcn,no_part_masking,global_parts,clean_gallery,official_view:108,0.0,5,51.4000004529953,4.264843276251097
ablation,tcn,no_part_masking,global_parts,clean_gallery,official_view:126,0.0,5,46.333332657814026,4.988876238250926
ablation,tcn,no_part_masking,global_parts,clean_gallery,official_view:144,0.0,5,38.46666634082794,5.008880617835428
ablation,tcn,no_part_masking,global_parts,clean_gallery,official_view:162,0.0,5,28.933333754539493,3.4431903757490923
ablation,tcn,no_part_masking,global_parts,clean_gallery,official_view:180,0.0,5,14.733333140611649,2.4877476878522815
ablation,tcn,no_part_masking,global_parts,clean_gallery,random_joint,0.0,5,41.18787944316864,2.877543314888313
ablation,tcn,no_part_masking,global_parts,clean_gallery,random_joint,0.1,5,30.712727308273312,3.8783109793987434
ablation,tcn,no_part_masking,global_parts,clean_gallery,random_joint,0.3,5,28.48727285861969,3.948787430719844
ablation,tcn,no_part_masking,global_parts,clean_gallery,random_joint,0.5,5,18.344242423772812,4.710727368061571
ablation,tcn,no_part_masking,global_parts,clean_gallery,random_joint,0.7,5,8.922424241900444,2.179175202461776
ablation,tcn,no_part_masking,global_parts,clean_gallery,temporal,0.0,5,41.18787944316864,2.877543314888313
ablation,tcn,no_part_masking,global_parts,clean_gallery,temporal,0.1,5,28.97454524040222,3.7643402220059388
ablation,tcn,no_part_masking,global_parts,clean_gallery,temporal,0.3,5,29.907878756523132,3.1212954954835377
ablation,tcn,no_part_masking,global_parts,clean_gallery,temporal,0.5,5,29.546667098999023,2.3735204996935027
ablation,tcn,no_part_masking,global_parts,clean_gallery,temporal,0.7,5,24.703030109405518,1.5211396644847626
ablation,tcn,no_part_masking,global_parts,occluded_gallery,body_part,0.0,5,41.18787944316864,2.877543314888313
ablation,tcn,no_part_masking,global_parts,occluded_gallery,body_part,0.1,5,28.27878749370575,1.2803164740862794
ablation,tcn,no_part_masking,global_parts,occluded_gallery,body_part,0.3,5,18.21454554796219,0.6453991391544298
ablation,tcn,no_part_masking,global_parts,occluded_gallery,body_part,0.5,5,14.968484878540039,0.4594964476497433
ablation,tcn,no_part_masking,global_parts,occluded_gallery,body_part,0.7,5,9.078787714242935,1.0581354836767884
ablation,tcn,no_part_masking,global_parts,occluded_gallery,dynamic_joint,0.0,5,41.18787944316864,2.877543314888313
ablation,tcn,no_part_masking,global_parts,occluded_gallery,dynamic_joint,0.1,5,44.03030276298523,1.97444177350099
ablation,tcn,no_part_masking,global_parts,occluded_gallery,dynamic_joint,0.3,5,40.318787813186646,1.8949962535318037
ablation,tcn,no_part_masking,global_parts,occluded_gallery,dynamic_joint,0.5,5,28.859393954277042,1.7475810124219993
ablation,tcn,no_part_masking,global_parts,occluded_gallery,dynamic_joint,0.7,5,12.842424273490904,0.978295351148041
ablation,tcn,no_part_masking,global_parts,occluded_gallery,random_joint,0.0,5,41.18787944316864,2.877543314888313
ablation,tcn,no_part_masking,global_parts,occluded_gallery,random_joint,0.1,5,44.08363616466522,1.6659362946565077
ablation,tcn,no_part_masking,global_parts,occluded_gallery,random_joint,0.3,5,41.19151532649994,1.5855612978746512
ablation,tcn,no_part_masking,global_parts,occluded_gallery,random_joint,0.5,5,34.84484839439392,1.5361492764949687
ablation,tcn,no_part_masking,global_parts,occluded_gallery,random_joint,0.7,5,22.2230304479599,1.28075677396244
ablation,tcn,no_part_masking,global_parts,occluded_gallery,temporal,0.0,5,41.18787944316864,2.877543314888313
ablation,tcn,no_part_masking,global_parts,occluded_gallery,temporal,0.1,5,42.90787899494171,1.7437298401830903
ablation,tcn,no_part_masking,global_parts,occluded_gallery,temporal,0.3,5,38.639999866485596,1.5392662538911603
ablation,tcn,no_part_masking,global_parts,occluded_gallery,temporal,0.5,5,31.46060574054718,1.5085673398433772
ablation,tcn,no_part_masking,global_parts,occluded_gallery,temporal,0.7,5,22.503030240535736,1.47898031135909
ablation,tcn,no_part_masking,global_parts,single_view_gallery,official_condition:BG,0.0,5,21.31636363636364,2.016895577018065
ablation,tcn,no_part_masking,global_parts,single_view_gallery,official_condition:CL,0.0,5,10.912727272727274,0.7464129094576
ablation,tcn,no_part_masking,global_parts,single_view_gallery,official_condition:NM,0.0,5,33.13636363636363,1.997984521651839
ablation,tcn,no_temporal,global,clean_gallery,body_part,0.0,5,36.28484904766083,0.6307842102359565
ablation,tcn,no_temporal,global,clean_gallery,body_part,0.1,5,10.200000017881393,1.326137652559806
ablation,tcn,no_temporal,global,clean_gallery,body_part,0.3,5,7.340606153011323,0.2927781798500759
ablation,tcn,no_temporal,global,clean_gallery,body_part,0.5,5,5.076363638043404,0.3494873368187278
ablation,tcn,no_temporal,global,clean_gallery,body_part,0.7,5,2.7272727712988853,0.34749535156190964
ablation,tcn,no_temporal,global,clean_gallery,dynamic_joint,0.0,5,36.28484904766083,0.6307842102359565
ablation,tcn,no_temporal,global,clean_gallery,dynamic_joint,0.1,5,15.671515196561813,3.050909817804009
ablation,tcn,no_temporal,global,clean_gallery,dynamic_joint,0.3,5,16.623030334711075,3.806879413312518
ablation,tcn,no_temporal,global,clean_gallery,dynamic_joint,0.5,5,13.049696862697601,4.190740097981867
ablation,tcn,no_temporal,global,clean_gallery,dynamic_joint,0.7,5,7.276363596320152,0.9053722242013503
ablation,tcn,no_temporal,global,clean_gallery,official_condition:BG,0.0,5,36.81818187236786,1.5333749400850794
ablation,tcn,no_temporal,global,clean_gallery,official_condition:CL,0.0,5,14.41818207502365,1.0236861969493218
ablation,tcn,no_temporal,global,clean_gallery,official_condition:NM,0.0,5,57.61818051338196,1.279848977285415
ablation,tcn,no_temporal,global,clean_gallery,official_view:000,0.0,5,35.86666703224182,2.3640833845700246
ablation,tcn,no_temporal,global,clean_gallery,official_view:018,0.0,5,41.333333253860474,2.357022674200085
ablation,tcn,no_temporal,global,clean_gallery,official_view:036,0.0,5,43.46666634082794,1.1925695752274321
ablation,tcn,no_temporal,global,clean_gallery,official_view:054,0.0,5,37.53333330154419,2.9211869930851724
ablation,tcn,no_temporal,global,clean_gallery,official_view:072,0.0,5,42.46666610240936,2.566883291458152
ablation,tcn,no_temporal,global,clean_gallery,official_view:090,0.0,5,46.93333327770233,1.5881510849524179
ablation,tcn,no_temporal,global,clean_gallery,official_view:108,0.0,5,47.333332896232605,2.426702926632678
ablation,tcn,no_temporal,global,clean_gallery,official_view:126,0.0,5,38.933332562446594,2.9097541978536765
ablation,tcn,no_temporal,global,clean_gallery,official_view:144,0.0,5,32.06666648387909,3.0404687233844014
ablation,tcn,no_temporal,global,clean_gallery,official_view:162,0.0,5,21.466666758060455,2.268137045915614
ablation,tcn,no_temporal,global,clean_gallery,official_view:180,0.0,5,11.733333170413971,1.8767584048827415
ablation,tcn,no_temporal,global,clean_gallery,random_joint,0.0,5,36.28484904766083,0.6307842102359565
ablation,tcn,no_temporal,global,clean_gallery,random_joint,0.1,5,17.37212112545967,3.39805109804718
ablation,tcn,no_temporal,global,clean_gallery,random_joint,0.3,5,18.780605852603912,4.423373467793127
ablation,tcn,no_temporal,global,clean_gallery,random_joint,0.5,5,11.475151598453522,1.7321600396550334
ablation,tcn,no_temporal,global,clean_gallery,random_joint,0.7,5,5.2787878811359406,0.6755876975726466
ablation,tcn,no_temporal,global,clean_gallery,temporal,0.0,5,36.28484904766083,0.6307842102359565
ablation,tcn,no_temporal,global,clean_gallery,temporal,0.1,5,15.307878822088242,2.811681772708099
ablation,tcn,no_temporal,global,clean_gallery,temporal,0.3,5,15.383030325174332,2.3176189620231393
ablation,tcn,no_temporal,global,clean_gallery,temporal,0.5,5,14.402424424886703,1.8681645340045583
ablation,tcn,no_temporal,global,clean_gallery,temporal,0.7,5,11.787878721952438,2.0831254500826213
ablation,tcn,no_temporal,global,occluded_gallery,body_part,0.0,5,36.28484904766083,0.6307842102359565
ablation,tcn,no_temporal,global,occluded_gallery,body_part,0.1,5,27.48242437839508,0.631650675940284
ablation,tcn,no_temporal,global,occluded_gallery,body_part,0.3,5,20.254545390605927,0.5154010082017543
ablation,tcn,no_temporal,global,occluded_gallery,body_part,0.5,5,16.259393870830536,0.6992768468585452
ablation,tcn,no_temporal,global,occluded_gallery,body_part,0.7,5,8.757575750350952,0.6075738927808194
ablation,tcn,no_temporal,global,occluded_gallery,dynamic_joint,0.0,5,36.28484904766083,0.6307842102359565
ablation,tcn,no_temporal,global,occluded_gallery,dynamic_joint,0.1,5,37.34303033351898,0.6988323152449993
ablation,tcn,no_temporal,global,occluded_gallery,dynamic_joint,0.3,5,33.209697246551514,0.798996693180223
ablation,tcn,no_temporal,global,occluded_gallery,dynamic_joint,0.5,5,23.63030308485031,0.9384061186883192
ablation,tcn,no_temporal,global,occluded_gallery,dynamic_joint,0.7,5,11.183030307292938,0.5626318571675972
ablation,tcn,no_temporal,global,occluded_gallery,random_joint,0.0,5,36.28484904766083,0.6307842102359565
ablation,tcn,no_temporal,global,occluded_gallery,random_joint,0.1,5,37.41818165779114,0.7310505477895918
ablation,tcn,no_temporal,global,occluded_gallery,random_joint,0.3,5,34.78787863254547,0.8944779986855981
ablation,tcn,no_temporal,global,occluded_gallery,random_joint,0.5,5,27.602424144744873,1.1151729576940368
ablation,tcn,no_temporal,global,occluded_gallery,random_joint,0.7,5,16.593939542770386,1.0659088672014918
ablation,tcn,no_temporal,global,occluded_gallery,temporal,0.0,5,36.28484904766083,0.6307842102359565
ablation,tcn,no_temporal,global,occluded_gallery,temporal,0.1,5,35.69454503059387,0.4173601736087369
ablation,tcn,no_temporal,global,occluded_gallery,temporal,0.3,5,31.575757384300235,0.49754190630670064
ablation,tcn,no_temporal,global,occluded_gallery,temporal,0.5,5,25.55272686481476,0.2448889946619349
ablation,tcn,no_temporal,global,occluded_gallery,temporal,0.7,5,18.549090921878815,0.32048503677594437
ablation,tcn,no_temporal,global,single_view_gallery,official_condition:BG,0.0,5,19.34727272727273,0.41691507746564205
ablation,tcn,no_temporal,global,single_view_gallery,official_condition:CL,0.0,5,10.77818181818182,0.47388843405793735
ablation,tcn,no_temporal,global,single_view_gallery,official_condition:NM,0.0,5,28.52,0.5656635100583819
ablation,tcn,no_temporal,global_parts,clean_gallery,body_part,0.0,5,39.442424178123474,2.2738990831184767
ablation,tcn,no_temporal,global_parts,clean_gallery,body_part,0.1,5,17.724848449230194,2.9206888818011545
ablation,tcn,no_temporal,global_parts,clean_gallery,body_part,0.3,5,11.464242428541183,1.6300416155402737
ablation,tcn,no_temporal,global_parts,clean_gallery,body_part,0.5,5,7.023030206561089,0.8846865760623706
ablation,tcn,no_temporal,global_parts,clean_gallery,body_part,0.7,5,2.1090908721089363,0.22938412335987354
ablation,tcn,no_temporal,global_parts,clean_gallery,dynamic_joint,0.0,5,39.442424178123474,2.2738990831184767
ablation,tcn,no_temporal,global_parts,clean_gallery,dynamic_joint,0.1,5,26.21696978807449,5.70128061841716
ablation,tcn,no_temporal,global_parts,clean_gallery,dynamic_joint,0.3,5,27.2387877702713,5.0806109186118595
ablation,tcn,no_temporal,global_parts,clean_gallery,dynamic_joint,0.5,5,21.146666646003723,1.7399925343559552
ablation,tcn,no_temporal,global_parts,clean_gallery,dynamic_joint,0.7,5,10.435151547193527,1.1614989646451828
ablation,tcn,no_temporal,global_parts,clean_gallery,official_condition:BG,0.0,5,38.67272675037384,1.3705880999640465
ablation,tcn,no_temporal,global_parts,clean_gallery,official_condition:CL,0.0,5,13.945454359054565,2.1199564156028896
ablation,tcn,no_temporal,global_parts,clean_gallery,official_condition:NM,0.0,5,65.70909142494202,4.132314665211528
ablation,tcn,no_temporal,global_parts,clean_gallery,official_view:000,0.0,5,36.13333284854889,5.28414759014708
ablation,tcn,no_temporal,global_parts,clean_gallery,official_view:018,0.0,5,36.799999475479126,3.4528564640231156
ablation,tcn,no_temporal,global_parts,clean_gallery,official_view:036,0.0,5,48.866665959358215,2.744691744631892
ablation,tcn,no_temporal,global_parts,clean_gallery,official_view:054,0.0,5,46.333332657814026,4.61278412965251
ablation,tcn,no_temporal,global_parts,clean_gallery,official_view:072,0.0,5,46.93333387374878,2.9382531154333753
ablation,tcn,no_temporal,global_parts,clean_gallery,official_view:090,0.0,5,49.799999594688416,3.158760105252293
ablation,tcn,no_temporal,global_parts,clean_gallery,official_view:108,0.0,5,48.39999973773956,3.1126974809617707
ablation,tcn,no_temporal,global_parts,clean_gallery,official_view:126,0.0,5,42.59999990463257,4.023541922423092
ablation,tcn,no_temporal,global_parts,clean_gallery,official_view:144,0.0,5,37.06666648387909,4.584999126961047
ablation,tcn,no_temporal,global_parts,clean_gallery,official_view:162,0.0,5,25.933333635330204,3.1920042312219836
ablation,tcn,no_temporal,global_parts,clean_gallery,official_view:180,0.0,5,14.999999701976776,0.9428089327027267
ablation,tcn,no_temporal,global_parts,clean_gallery,random_joint,0.0,5,39.442424178123474,2.2738990831184767
ablation,tcn,no_temporal,global_parts,clean_gallery,random_joint,0.1,5,27.4606060385704,5.889287681822751
ablation,tcn,no_temporal,global_parts,clean_gallery,random_joint,0.3,5,26.151515126228333,3.8264676407979
ablation,tcn,no_temporal,global_parts,clean_gallery,random_joint,0.5,5,15.534545511007309,2.626262092867807
ablation,tcn,no_temporal,global_parts,clean_gallery,random_joint,0.7,5,7.206060573458671,2.2503463525107037
ablation,tcn,no_temporal,global_parts,clean_gallery,temporal,0.0,5,39.442424178123474,2.2738990831184767
ablation,tcn,no_temporal,global_parts,clean_gallery,temporal,0.1,5,26.203636348247528,5.512923799368342
ablation,tcn,no_temporal,global_parts,clean_gallery,temporal,0.3,5,26.864242196083065,4.859216130273132
ablation,tcn,no_temporal,global_parts,clean_gallery,temporal,0.5,5,25.80848467350006,3.844055061393613
ablation,tcn,no_temporal,global_parts,clean_gallery,temporal,0.7,5,20.996363699436188,2.688685386098464
ablation,tcn,no_temporal,global_parts,occluded_gallery,body_part,0.0,5,39.442424178123474,2.2738990831184767
ablation,tcn,no_temporal,global_parts,occluded_gallery,body_part,0.1,5,28.787878990173336,1.4328110890892978
ablation,tcn,no_temporal,global_parts,occluded_gallery,body_part,0.3,5,19.619393944740295,0.6294925032581752
ablation,tcn,no_temporal,global_parts,occluded_gallery,body_part,0.5,5,15.946666896343231,0.6471864172785675
ablation,tcn,no_temporal,global_parts,occluded_gallery,body_part,0.7,5,8.763636350631714,0.6069690399154027
ablation,tcn,no_temporal,global_parts,occluded_gallery,dynamic_joint,0.0,5,39.442424178123474,2.2738990831184767
ablation,tcn,no_temporal,global_parts,occluded_gallery,dynamic_joint,0.1,5,42.419393658638,1.528080521609077
ablation,tcn,no_temporal,global_parts,occluded_gallery,dynamic_joint,0.3,5,39.11515140533447,1.4934997829998837
ablation,tcn,no_temporal,global_parts,occluded_gallery,dynamic_joint,0.5,5,28.643636107444763,1.4175694640323624
ablation,tcn,no_temporal,global_parts,occluded_gallery,dynamic_joint,0.7,5,12.953939408063889,0.8052925343550059
ablation,tcn,no_temporal,global_parts,occluded_gallery,random_joint,0.0,5,39.442424178123474,2.2738990831184767
ablation,tcn,no_temporal,global_parts,occluded_gallery,random_joint,0.1,5,42.587878584861755,1.4523530286594741
ablation,tcn,no_temporal,global_parts,occluded_gallery,random_joint,0.3,5,40.27030301094055,1.4619736892443735
ablation,tcn,no_temporal,global_parts,occluded_gallery,random_joint,0.5,5,32.84606051445007,1.8516246248924122
ablation,tcn,no_temporal,global_parts,occluded_gallery,random_joint,0.7,5,19.225454449653625,1.6925124236469575
ablation,tcn,no_temporal,global_parts,occluded_gallery,temporal,0.0,5,39.442424178123474,2.2738990831184767
ablation,tcn,no_temporal,global_parts,occluded_gallery,temporal,0.1,5,41.272727370262146,1.4766561321541498
ablation,tcn,no_temporal,global_parts,occluded_gallery,temporal,0.3,5,36.3733332157135,1.2157945680737259
ablation,tcn,no_temporal,global_parts,occluded_gallery,temporal,0.5,5,29.448484897613525,0.33506478395201134
ablation,tcn,no_temporal,global_parts,occluded_gallery,temporal,0.7,5,20.66787898540497,0.7259254640551278
ablation,tcn,no_temporal,global_parts,single_view_gallery,official_condition:BG,0.0,5,20.381818181818183,0.73465008255744
ablation,tcn,no_temporal,global_parts,single_view_gallery,official_condition:CL,0.0,5,10.307272727272727,0.5952428492529557
ablation,tcn,no_temporal,global_parts,single_view_gallery,official_condition:NM,0.0,5,30.78181818181818,1.69649614604741
ablation,tcn,no_visibility,global,clean_gallery,body_part,0.0,5,37.03636407852173,0.6668037575727668
ablation,tcn,no_visibility,global,clean_gallery,body_part,0.1,5,11.98060616850853,1.4892724302310791
ablation,tcn,no_visibility,global,clean_gallery,body_part,0.3,5,8.305454552173615,0.724712648803816
ablation,tcn,no_visibility,global,clean_gallery,body_part,0.5,5,5.608484849333763,0.4900591230589841
ablation,tcn,no_visibility,global,clean_gallery,body_part,0.7,5,2.5696969777345657,0.20818860692437893
ablation,tcn,no_visibility,global,clean_gallery,dynamic_joint,0.0,5,37.03636407852173,0.6668037575727668
ablation,tcn,no_visibility,global,clean_gallery,dynamic_joint,0.1,5,19.492121160030365,2.6602794628690027
ablation,tcn,no_visibility,global,clean_gallery,dynamic_joint,0.3,5,20.899393916130066,1.6543488054011544
ablation,tcn,no_visibility,global,clean_gallery,dynamic_joint,0.5,5,15.399999976158144,2.891471197223712
ablation,tcn,no_visibility,global,clean_gallery,dynamic_joint,0.7,5,7.666666731238365,1.1638494000740103
ablation,tcn,no_visibility,global,clean_gallery,official_condition:BG,0.0,5,38.74545395374298,1.3535992255444214
ablation,tcn,no_visibility,global,clean_gallery,official_condition:CL,0.0,5,14.981817901134493,0.714085027054306
ablation,tcn,no_visibility,global,clean_gallery,official_condition:NM,0.0,5,57.38181710243225,1.263602457035027
ablation,tcn,no_visibility,global,clean_gallery,official_view:000,0.0,5,36.666666865348816,1.5456027333642943
ablation,tcn,no_visibility,global,clean_gallery,official_view:018,0.0,5,41.200000047683716,2.2310935471671356
ablation,tcn,no_visibility,global,clean_gallery,official_view:036,0.0,5,42.06666648387909,3.0037019126300915
ablation,tcn,no_visibility,global,clean_gallery,official_view:054,0.0,5,34.266666769981384,2.1265515615791672
ablation,tcn,no_visibility,global,clean_gallery,official_view:072,0.0,5,44.86666679382324,1.2156388608599098
ablation,tcn,no_visibility,global,clean_gallery,official_view:090,0.0,5,48.33333373069763,1.2692958724441916
ablation,tcn,no_visibility,global,clean_gallery,official_view:108,0.0,5,46.333333253860474,2.7788892339649465
ablation,tcn,no_visibility,global,clean_gallery,official_view:126,0.0,5,44.86666738986969,1.3457755123627775
ablation,tcn,no_visibility,global,clean_gallery,official_view:144,0.0,5,35.59999942779541,2.8809717416348044
ablation,tcn,no_visibility,global,clean_gallery,official_view:162,0.0,5,22.333333492279053,2.7888675239246195
ablation,tcn,no_visibility,global,clean_gallery,official_view:180,0.0,5,10.866666734218597,2.631011532684376
ablation,tcn,no_visibility,global,clean_gallery,random_joint,0.0,5,37.03636407852173,0.6668037575727668
ablation,tcn,no_visibility,global,clean_gallery,random_joint,0.1,5,20.15030312538147,2.0801098751605123
ablation,tcn,no_visibility,global,clean_gallery,random_joint,0.3,5,19.397575795650482,3.940793712409077
ablation,tcn,no_visibility,global,clean_gallery,random_joint,0.5,5,10.307878866791725,2.617579877543599
ablation,tcn,no_visibility,global,clean_gallery,random_joint,0.7,5,5.336969673633575,1.0262362033430947
ablation,tcn,no_visibility,global,clean_gallery,temporal,0.0,5,37.03636407852173,0.6668037575727668
ablation,tcn,no_visibility,global,clean_gallery,temporal,0.1,5,19.301818072795868,2.597835477593282
ablation,tcn,no_visibility,global,clean_gallery,temporal,0.3,5,18.889697074890137,2.3698961599992865
ablation,tcn,no_visibility,global,clean_gallery,temporal,0.5,5,17.30787879228592,1.6377961047029737
ablation,tcn,no_visibility,global,clean_gallery,temporal,0.7,5,14.032727181911467,0.8152203101435985
ablation,tcn,no_visibility,global,occluded_gallery,body_part,0.0,5,37.03636407852173,0.6668037575727668
ablation,tcn,no_visibility,global,occluded_gallery,body_part,0.1,5,27.58909106254578,0.6621663107238407
ablation,tcn,no_visibility,global,occluded_gallery,body_part,0.3,5,20.36000007390976,0.6486207609976175
ablation,tcn,no_visibility,global,occluded_gallery,body_part,0.5,5,16.436363637447357,0.6313657688902083
ablation,tcn,no_visibility,global,occluded_gallery,body_part,0.7,5,9.09090906381607,0.937926610073263
ablation,tcn,no_visibility,global,occluded_gallery,dynamic_joint,0.0,5,37.03636407852173,0.6668037575727668
ablation,tcn,no_visibility,global,occluded_gallery,dynamic_joint,0.1,5,38.37939381599426,0.7751611395930048
ablation,tcn,no_visibility,global,occluded_gallery,dynamic_joint,0.3,5,34.77696943283081,0.49429029892511134
ablation,tcn,no_visibility,global,occluded_gallery,dynamic_joint,0.5,5,24.796363592147827,0.46754327536529494
ablation,tcn,no_visibility,global,occluded_gallery,dynamic_joint,0.7,5,11.655757546424866,0.24240137754524002
ablation,tcn,no_visibility,global,occluded_gallery,random_joint,0.0,5,37.03636407852173,0.6668037575727668
ablation,tcn,no_visibility,global,occluded_gallery,random_joint,0.1,5,38.655757546424866,0.7425223880769568
ablation,tcn,no_visibility,global,occluded_gallery,random_joint,0.3,5,36.16606044769287,0.4669739483478427
ablation,tcn,no_visibility,global,occluded_gallery,random_joint,0.5,5,29.00484800338745,0.5136407982751549
ablation,tcn,no_visibility,global,occluded_gallery,random_joint,0.7,5,17.89818185567856,0.9764669513161474
ablation,tcn,no_visibility,global,occluded_gallery,temporal,0.0,5,37.03636407852173,0.6668037575727668
ablation,tcn,no_visibility,global,occluded_gallery,temporal,0.1,5,37.054545760154724,0.7108107147663713
ablation,tcn,no_visibility,global,occluded_gallery,temporal,0.3,5,32.97818207740784,0.8620521052434398
ablation,tcn,no_visibility,global,occluded_gallery,temporal,0.5,5,26.864242553710938,0.8864518524331144
ablation,tcn,no_visibility,global,occluded_gallery,temporal,0.7,5,19.1042423248291,0.6618614656809801
ablation,tcn,no_visibility,global,single_view_gallery,official_condition:BG,0.0,5,18.6,0.8108255154649034
ablation,tcn,no_visibility,global,single_view_gallery,official_condition:CL,0.0,5,10.487272727272726,0.5249793384364042
ablation,tcn,no_visibility,global,single_view_gallery,official_condition:NM,0.0,5,26.585454545454546,0.6165285378768208
ablation,tcn,no_visibility,global_parts,clean_gallery,body_part,0.0,5,39.5575749874115,2.4376148771244455
ablation,tcn,no_visibility,global_parts,clean_gallery,body_part,0.1,5,17.70787888765335,2.192915488317179
ablation,tcn,no_visibility,global_parts,clean_gallery,body_part,0.3,5,11.92121222615242,1.1918148759530098
ablation,tcn,no_visibility,global_parts,clean_gallery,body_part,0.5,5,7.815757602453231,0.8213362309593945
ablation,tcn,no_visibility,global_parts,clean_gallery,body_part,0.7,5,2.5575757399201393,0.13653187655660773
ablation,tcn,no_visibility,global_parts,clean_gallery,dynamic_joint,0.0,5,39.5575749874115,2.4376148771244455
ablation,tcn,no_visibility,global_parts,clean_gallery,dynamic_joint,0.1,5,29.36484879255295,4.960011794588218
ablation,tcn,no_visibility,global_parts,clean_gallery,dynamic_joint,0.3,5,30.278788208961487,3.0440202069448286
ablation,tcn,no_visibility,global_parts,clean_gallery,dynamic_joint,0.5,5,22.95393943786621,1.7541378502151879
ablation,tcn,no_visibility,global_parts,clean_gallery,dynamic_joint,0.7,5,10.976969718933105,1.0362431171172273
ablation,tcn,no_visibility,global_parts,clean_gallery,official_condition:BG,0.0,5,38.945454359054565,3.4519120960081584
ablation,tcn,no_visibility,global_parts,clean_gallery,official_condition:CL,0.0,5,14.509090781211853,0.8921145919289599
ablation,tcn,no_visibility,global_parts,clean_gallery,official_condition:NM,0.0,5,65.21818280220032,3.3603176243362043
ablation,tcn,no_visibility,global_parts,clean_gallery,official_view:000,0.0,5,37.399999499320984,1.9493583094111768
ablation,tcn,no_visibility,global_parts,clean_gallery,official_view:018,0.0,5,35.26666760444641,2.564718004776693
ablation,tcn,no_visibility,global_parts,clean_gallery,official_view:036,0.0,5,45.46666622161865,3.7163301391449703
ablation,tcn,no_visibility,global_parts,clean_gallery,official_view:054,0.0,5,46.8666672706604,4.500616723938842
ablation,tcn,no_visibility,global_parts,clean_gallery,official_view:072,0.0,5,45.93333303928375,2.966479881082223
ablation,tcn,no_visibility,global_parts,clean_gallery,official_view:090,0.0,5,51.06666624546051,2.4083193826993066
ablation,tcn,no_visibility,global_parts,clean_gallery,official_view:108,0.0,5,50.200000405311584,3.149955537312956
ablation,tcn,no_visibility,global_parts,clean_gallery,official_view:126,0.0,5,44.13333296775818,5.8242782493081044
ablation,tcn,no_visibility,global_parts,clean_gallery,official_view:144,0.0,5,37.79999911785126,4.463431269208941
ablation,tcn,no_visibility,global_parts,clean_gallery,official_view:162,0.0,5,26.866666674613953,1.849924528527339
ablation,tcn,no_visibility,global_parts,clean_gallery,official_view:180,0.0,5,14.133333414793015,1.70945102523369
ablation,tcn,no_visibility,global_parts,clean_gallery,random_joint,0.0,5,39.5575749874115,2.4376148771244455
ablation,tcn,no_visibility,global_parts,clean_gallery,random_joint,0.1,5,30.044848442077637,3.640590576955666
ablation,tcn,no_visibility,global_parts,clean_gallery,random_joint,0.3,5,27.859394192695618,0.9972905323423976
ablation,tcn,no_visibility,global_parts,clean_gallery,random_joint,0.5,5,16.440000116825104,1.9583944056243034
ablation,tcn,no_visibility,global_parts,clean_gallery,random_joint,0.7,5,8.121212124824524,2.2833851351155303
ablation,tcn,no_visibility,global_parts,clean_gallery,temporal,0.0,5,39.5575749874115,2.4376148771244455
ablation,tcn,no_visibility,global_parts,clean_gallery,temporal,0.1,5,28.927272975444794,4.864927060888229
ablation,tcn,no_visibility,global_parts,clean_gallery,temporal,0.3,5,29.066666424274445,4.20032352770617
ablation,tcn,no_visibility,global_parts,clean_gallery,temporal,0.5,5,27.495757579803463,2.979807585176891
ablation,tcn,no_visibility,global_parts,clean_gallery,temporal,0.7,5,22.34424251317978,1.4638240017241873
ablation,tcn,no_visibility,global_parts,occluded_gallery,body_part,0.0,5,39.5575749874115,2.4376148771244455
ablation,tcn,no_visibility,global_parts,occluded_gallery,body_part,0.1,5,29.038787961006165,1.2861315648727054
ablation,tcn,no_visibility,global_parts,occluded_gallery,body_part,0.3,5,19.646060466766357,0.7352916139177471
ablation,tcn,no_visibility,global_parts,occluded_gallery,body_part,0.5,5,16.152727246284485,0.7929371264121514
ablation,tcn,no_visibility,global_parts,occluded_gallery,body_part,0.7,5,9.09090906381607,0.937926610073263
ablation,tcn,no_visibility,global_parts,occluded_gallery,dynamic_joint,0.0,5,39.5575749874115,2.4376148771244455
ablation,tcn,no_visibility,global_parts,occluded_gallery,dynamic_joint,0.1,5,42.95757555961609,2.119977789793671
ablation,tcn,no_visibility,global_parts,occluded_gallery,dynamic_joint,0.3,5,39.909090638160706,1.9260764178601255
ablation,tcn,no_visibility,global_parts,occluded_gallery,dynamic_joint,0.5,5,29.953939557075504,1.316579484496093
ablation,tcn,no_visibility,global_parts,occluded_gallery,dynamic_joint,0.7,5,13.7939393222332,0.7177660549643731
ablation,tcn,no_visibility,global_parts,occluded_gallery,random_joint,0.0,5,39.5575749874115,2.4376148771244455
ablation,tcn,no_visibility,global_parts,occluded_gallery,random_joint,0.1,5,43.34909105300903,1.7885801122151217
ablation,tcn,no_visibility,global_parts,occluded_gallery,random_joint,0.3,5,41.47151529788971,1.0823690859052897
ablation,tcn,no_visibility,global_parts,occluded_gallery,random_joint,0.5,5,34.82060623168945,1.3442020743008707
ablation,tcn,no_visibility,global_parts,occluded_gallery,random_joint,0.7,5,21.540606021881104,1.1162249432922116
ablation,tcn,no_visibility,global_parts,occluded_gallery,temporal,0.0,5,39.5575749874115,2.4376148771244455
ablation,tcn,no_visibility,global_parts,occluded_gallery,temporal,0.1,5,41.806060433387756,2.081101498230167
ablation,tcn,no_visibility,global_parts,occluded_gallery,temporal,0.3,5,37.44363570213318,1.75386402714998
ablation,tcn,no_visibility,global_parts,occluded_gallery,temporal,0.5,5,30.679999828338623,1.5591570679181412
ablation,tcn,no_visibility,global_parts,occluded_gallery,temporal,0.7,5,21.938181698322296,0.9324711114678937
ablation,tcn,no_visibility,global_parts,single_view_gallery,official_condition:BG,0.0,5,20.792727272727273,1.564064423436951
ablation,tcn,no_visibility,global_parts,single_view_gallery,official_condition:CL,0.0,5,11.043636363636365,0.7217803974539359
ablation,tcn,no_visibility,global_parts,single_view_gallery,official_condition:NM,0.0,5,31.95090909090909,2.158259169939537
ablation,tcn,oap_supcon,global,clean_gallery,body_part,0.0,5,35.96969723701477,1.7903165823074711
ablation,tcn,oap_supcon,global,clean_gallery,body_part,0.1,5,11.553939312696457,1.419460522995801
ablation,tcn,oap_supcon,global,clean_gallery,body_part,0.3,5,8.395151495933533,0.4025493555274864
ablation,tcn,oap_supcon,global,clean_gallery,body_part,0.5,5,5.85090908408165,0.2557905465160626
ablation,tcn,oap_supcon,global,clean_gallery,body_part,0.7,5,2.733333371579647,0.31080922580608206
ablation,tcn,oap_supcon,global,clean_gallery,dynamic_joint,0.0,5,35.96969723701477,1.7903165823074711
ablation,tcn,oap_supcon,global,clean_gallery,dynamic_joint,0.1,5,19.232727110385895,4.043118236501964
ablation,tcn,oap_supcon,global,clean_gallery,dynamic_joint,0.3,5,20.36606055498123,2.967230160474083
ablation,tcn,oap_supcon,global,clean_gallery,dynamic_joint,0.5,5,14.579393923282623,3.082030034687061
ablation,tcn,oap_supcon,global,clean_gallery,dynamic_joint,0.7,5,8.124848514795303,2.1142162055567524
ablation,tcn,oap_supcon,global,clean_gallery,official_condition:BG,0.0,5,37.018181681632996,2.0076304598703647
ablation,tcn,oap_supcon,global,clean_gallery,official_condition:CL,0.0,5,14.563636481761932,1.3006673680317988
ablation,tcn,oap_supcon,global,clean_gallery,official_condition:NM,0.0,5,56.32727384567261,2.660236360464451
ablation,tcn,oap_supcon,global,clean_gallery,official_view:000,0.0,5,37.733333706855774,1.6397828010266422
ablation,tcn,oap_supcon,global,clean_gallery,official_view:018,0.0,5,41.200000047683716,1.7732574890617339
ablation,tcn,oap_supcon,global,clean_gallery,official_view:036,0.0,5,41.39999985694885,3.8542898783881627
ablation,tcn,oap_supcon,global,clean_gallery,official_view:054,0.0,5,33.13333332538605,3.254057536043565
ablation,tcn,oap_supcon,global,clean_gallery,official_view:072,0.0,5,42.799999713897705,3.7088480765385254
ablation,tcn,oap_supcon,global,clean_gallery,official_view:090,0.0,5,45.0,2.0682794901507062
ablation,tcn,oap_supcon,global,clean_gallery,official_view:108,0.0,5,46.46666646003723,2.814643977754587
ablation,tcn,oap_supcon,global,clean_gallery,official_view:126,0.0,5,43.46666693687439,1.4259505316868337
ablation,tcn,oap_supcon,global,clean_gallery,official_view:144,0.0,5,33.26666712760925,3.5854643048482417
ablation,tcn,oap_supcon,global,clean_gallery,official_view:162,0.0,5,20.933333337306976,1.906130232462077
ablation,tcn,oap_supcon,global,clean_gallery,official_view:180,0.0,5,10.266666561365128,2.722335465475113
ablation,tcn,oap_supcon,global,clean_gallery,random_joint,0.0,5,35.96969723701477,1.7903165823074711
ablation,tcn,oap_supcon,global,clean_gallery,random_joint,0.1,5,20.455757558345795,2.8250695959180883
ablation,tcn,oap_supcon,global,clean_gallery,random_joint,0.3,5,20.32121205329895,2.9511854761968017
ablation,tcn,oap_supcon,global,clean_gallery,random_joint,0.5,5,13.478787958621979,6.101066450893257
ablation,tcn,oap_supcon,global,clean_gallery,random_joint,0.7,5,6.856969743967056,3.0182992313336037
ablation,tcn,oap_supcon,global,clean_gallery,temporal,0.0,5,35.96969723701477,1.7903165823074711
ablation,tcn,oap_supcon,global,clean_gallery,temporal,0.1,5,18.95030289888382,4.265674938477378
ablation,tcn,oap_supcon,global,clean_gallery,temporal,0.3,5,18.438787937164307,3.9172467475013857
ablation,tcn,oap_supcon,global,clean_gallery,temporal,0.5,5,16.98666661977768,3.0222664635901
ablation,tcn,oap_supcon,global,clean_gallery,temporal,0.7,5,13.404848426580429,2.036974115607967
ablation,tcn,oap_supcon,global,occluded_gallery,body_part,0.0,5,35.96969723701477,1.7903165823074711
ablation,tcn,oap_supcon,global,occluded_gallery,body_part,0.1,5,26.627878963947293,1.3753745271127529
ablation,tcn,oap_supcon,global,occluded_gallery,body_part,0.3,5,19.511515080928802,0.9905484245444728
ablation,tcn,oap_supcon,global,occluded_gallery,body_part,0.5,5,15.455757498741148,1.2656324333832636
ablation,tcn,oap_supcon,global,occluded_gallery,body_part,0.7,5,8.54545459151268,0.3815054982081044
ablation,tcn,oap_supcon,global,occluded_gallery,dynamic_joint,0.0,5,35.96969723701477,1.7903165823074711
ablation,tcn,oap_supcon,global,occluded_gallery,dynamic_joint,0.1,5,37.78424274921417,2.1193094226759657
ablation,tcn,oap_supcon,global,occluded_gallery,dynamic_joint,0.3,5,33.8327271938324,2.0916276839000494
ablation,tcn,oap_supcon,global,occluded_gallery,dynamic_joint,0.5,5,24.290908873081207,1.7043720542932506
ablation,tcn,oap_supcon,global,occluded_gallery,dynamic_joint,0.7,5,11.682424247264862,0.5793919886708845
ablation,tcn,oap_supcon,global,occluded_gallery,random_joint,0.0,5,35.96969723701477,1.7903165823074711
ablation,tcn,oap_supcon,global,occluded_gallery,random_joint,0.1,5,38.19636368751526,2.243454620308164
ablation,tcn,oap_supcon,global,occluded_gallery,random_joint,0.3,5,35.62666714191437,1.9367575876167271
ablation,tcn,oap_supcon,global,occluded_gallery,random_joint,0.5,5,28.53454554080963,1.5031731019838366
ablation,tcn,oap_supcon,global,occluded_gallery,random_joint,0.7,5,17.71030306816101,0.8780289133940509
ablation,tcn,oap_supcon,global,occluded_gallery,temporal,0.0,5,35.96969723701477,1.7903165823074711
ablation,tcn,oap_supcon,global,occluded_gallery,temporal,0.1,5,36.30060577392578,2.285180179717856
ablation,tcn,oap_supcon,global,occluded_gallery,temporal,0.3,5,32.086060881614685,2.128142102318576
ablation,tcn,oap_supcon,global,occluded_gallery,temporal,0.5,5,26.167272984981537,1.8171797095927287
ablation,tcn,oap_supcon,global,occluded_gallery,temporal,0.7,5,18.752727329730988,1.1559595216978238
ablation,tcn,oap_supcon,global,single_view_gallery,official_condition:BG,0.0,5,18.327272727272728,1.5088170616810495
ablation,tcn,oap_supcon,global,single_view_gallery,official_condition:CL,0.0,5,10.218181818181819,0.4154555400823584
ablation,tcn,oap_supcon,global,single_view_gallery,official_condition:NM,0.0,5,26.234545454545454,1.8148879254152817
ablation,tcn,oap_supcon,global_parts,clean_gallery,body_part,0.0,5,38.0848491191864,2.9757518316728633
ablation,tcn,oap_supcon,global_parts,clean_gallery,body_part,0.1,5,18.648484766483307,2.560407197384903
ablation,tcn,oap_supcon,global_parts,clean_gallery,body_part,0.3,5,12.400000035762787,1.9554214708885385
ablation,tcn,oap_supcon,global_parts,clean_gallery,body_part,0.5,5,7.495757564902306,1.4151833041723845
ablation,tcn,oap_supcon,global_parts,clean_gallery,body_part,0.7,5,2.539393976330757,0.48171342000651823
ablation,tcn,oap_supcon,global_parts,clean_gallery,dynamic_joint,0.0,5,38.0848491191864,2.9757518316728633
ablation,tcn,oap_supcon,global_parts,clean_gallery,dynamic_joint,0.1,5,27.212121486663822,4.254522067360209
ablation,tcn,oap_supcon,global_parts,clean_gallery,dynamic_joint,0.3,5,29.02060616016388,3.0899034265044762
ablation,tcn,oap_supcon,global_parts,clean_gallery,dynamic_joint,0.5,5,23.690909266471863,2.984087071268143
ablation,tcn,oap_supcon,global_parts,clean_gallery,dynamic_joint,0.7,5,12.881212085485458,2.5312250314848823
ablation,tcn,oap_supcon,global_parts,clean_gallery,official_condition:BG,0.0,5,38.236364126205444,3.3076421993140093
ablation,tcn,oap_supcon,global_parts,clean_gallery,official_condition:CL,0.0,5,13.127272725105286,1.624451673242016
ablation,tcn,oap_supcon,global_parts,clean_gallery,official_condition:NM,0.0,5,62.89090991020203,4.416067978397906
ablation,tcn,oap_supcon,global_parts,clean_gallery,official_view:000,0.0,5,36.13333344459534,1.6766368461179397
ablation,tcn,oap_supcon,global_parts,clean_gallery,official_view:018,0.0,5,35.466665625572205,3.452856766115352
ablation,tcn,oap_supcon,global_parts,clean_gallery,official_view:036,0.0,5,46.13333344459534,6.025870605784248
ablation,tcn,oap_supcon,global_parts,clean_gallery,official_view:054,0.0,5,45.33333241939545,6.39009573469503
ablation,tcn,oap_supcon,global_parts,clean_gallery,official_view:072,0.0,5,45.0,4.960958863593748
ablation,tcn,oap_supcon,global_parts,clean_gallery,official_view:090,0.0,5,47.33333349227905,2.953340479924356
ablation,tcn,oap_supcon,global_parts,clean_gallery,official_view:108,0.0,5,46.59999907016754,3.810802303034868
ablation,tcn,oap_supcon,global_parts,clean_gallery,official_view:126,0.0,5,41.733333468437195,4.645188655942575
ablation,tcn,oap_supcon,global_parts,clean_gallery,official_view:144,0.0,5,36.53333306312561,4.337178123402903
ablation,tcn,oap_supcon,global_parts,clean_gallery,official_view:162,0.0,5,26.333333253860474,3.480101990752127
ablation,tcn,oap_supcon,global_parts,clean_gallery,official_view:180,0.0,5,12.333333194255829,2.357022489807455
ablation,tcn,oap_supcon,global_parts,clean_gallery,random_joint,0.0,5,38.0848491191864,2.9757518316728633
ablation,tcn,oap_supcon,global_parts,clean_gallery,random_joint,0.1,5,28.484848141670227,3.02967622115755
ablation,tcn,oap_supcon,global_parts,clean_gallery,random_joint,0.3,5,28.124848246574402,2.484373988390369
ablation,tcn,oap_supcon,global_parts,clean_gallery,random_joint,0.5,5,20.047272741794586,5.2302860542412795
ablation,tcn,oap_supcon,global_parts,clean_gallery,random_joint,0.7,5,9.86060605943203,3.4720926102997964
ablation,tcn,oap_supcon,global_parts,clean_gallery,temporal,0.0,5,38.0848491191864,2.9757518316728633
ablation,tcn,oap_supcon,global_parts,clean_gallery,temporal,0.1,5,27.225454807281498,4.163452413811948
ablation,tcn,oap_supcon,global_parts,clean_gallery,temporal,0.3,5,27.997575163841248,3.4313426951826904
ablation,tcn,oap_supcon,global_parts,clean_gallery,temporal,0.5,5,27.127272725105282,2.5510079004531434
ablation,tcn,oap_supcon,global_parts,clean_gallery,temporal,0.7,5,22.18060600757599,1.8961534634251271
ablation,tcn,oap_supcon,global_parts,occluded_gallery,body_part,0.0,5,38.0848491191864,2.9757518316728633
ablation,tcn,oap_supcon,global_parts,occluded_gallery,body_part,0.1,5,27.989091396331787,1.5506589413417444
ablation,tcn,oap_supcon,global_parts,occluded_gallery,body_part,0.3,5,18.84242421388626,0.7831090196739674
ablation,tcn,oap_supcon,global_parts,occluded_gallery,body_part,0.5,5,15.459393858909607,0.9688955974476037
ablation,tcn,oap_supcon,global_parts,occluded_gallery,body_part,0.7,5,8.54545459151268,0.3815054982081044
ablation,tcn,oap_supcon,global_parts,occluded_gallery,dynamic_joint,0.0,5,38.0848491191864,2.9757518316728633
ablation,tcn,oap_supcon,global_parts,occluded_gallery,dynamic_joint,0.1,5,41.7515150308609,2.1153988441883556
ablation,tcn,oap_supcon,global_parts,occluded_gallery,dynamic_joint,0.3,5,38.95151495933533,2.108189028431429
ablation,tcn,oap_supcon,global_parts,occluded_gallery,dynamic_joint,0.5,5,29.104242563247677,1.651336614726634
ablation,tcn,oap_supcon,global_parts,occluded_gallery,dynamic_joint,0.7,5,13.283636361360552,0.9270092682110653
ablation,tcn,oap_supcon,global_parts,occluded_gallery,random_joint,0.0,5,38.0848491191864,2.9757518316728633
ablation,tcn,oap_supcon,global_parts,occluded_gallery,random_joint,0.1,5,42.271514773368835,1.9193105282247107
ablation,tcn,oap_supcon,global_parts,occluded_gallery,random_joint,0.3,5,40.50787854194641,1.5847493587476058
ablation,tcn,oap_supcon,global_parts,occluded_gallery,random_joint,0.5,5,33.863030195236206,1.22654003385353
ablation,tcn,oap_supcon,global_parts,occluded_gallery,random_joint,0.7,5,19.884848415851593,1.1300308189827606
ablation,tcn,oap_supcon,global_parts,occluded_gallery,temporal,0.0,5,38.0848491191864,2.9757518316728633
ablation,tcn,oap_supcon,global_parts,occluded_gallery,temporal,0.1,5,40.51757597923279,2.5224053483399618
ablation,tcn,oap_supcon,global_parts,occluded_gallery,temporal,0.3,5,36.01818132400513,2.5054461162382404
ablation,tcn,oap_supcon,global_parts,occluded_gallery,temporal,0.5,5,29.321212172508236,1.8022788897424469
ablation,tcn,oap_supcon,global_parts,occluded_gallery,temporal,0.7,5,20.79515141248703,1.2729394963662097
ablation,tcn,oap_supcon,global_parts,single_view_gallery,official_condition:BG,0.0,5,19.983636363636364,1.8223066846424523
ablation,tcn,oap_supcon,global_parts,single_view_gallery,official_condition:CL,0.0,5,10.112727272727273,1.0278879895242794
ablation,tcn,oap_supcon,global_parts,single_view_gallery,official_condition:NM,0.0,5,30.356363636363636,2.8793465167701435
backbone_pilot,stgcn,oap_supcon,global,clean_gallery,body_part,0.0,1,59.6666693687439,
backbone_pilot,stgcn,oap_supcon,global,clean_gallery,body_part,0.1,1,37.024242877960205,
backbone_pilot,stgcn,oap_supcon,global,clean_gallery,body_part,0.3,1,27.24242448806763,
backbone_pilot,stgcn,oap_supcon,global,clean_gallery,body_part,0.5,1,19.721212089061737,
backbone_pilot,stgcn,oap_supcon,global,clean_gallery,body_part,0.7,1,4.848484694957733,
backbone_pilot,stgcn,oap_supcon,global,clean_gallery,dynamic_joint,0.0,1,59.6666693687439,
backbone_pilot,stgcn,oap_supcon,global,clean_gallery,dynamic_joint,0.1,1,51.64242267608643,
backbone_pilot,stgcn,oap_supcon,global,clean_gallery,dynamic_joint,0.3,1,45.084847807884216,
backbone_pilot,stgcn,oap_supcon,global,clean_gallery,dynamic_joint,0.5,1,28.533332943916324,
backbone_pilot,stgcn,oap_supcon,global,clean_gallery,dynamic_joint,0.7,1,8.85454535484314,
backbone_pilot,stgcn,oap_supcon,global,clean_gallery,official_condition:BG,0.0,1,57.45454430580139,
backbone_pilot,stgcn,oap_supcon,global,clean_gallery,official_condition:CL,0.0,1,31.090909242630005,
backbone_pilot,stgcn,oap_supcon,global,clean_gallery,official_condition:NM,0.0,1,90.45454263687134,
backbone_pilot,stgcn,oap_supcon,global,clean_gallery,official_view:000,0.0,1,55.666667222976685,
backbone_pilot,stgcn,oap_supcon,global,clean_gallery,official_view:018,0.0,1,62.99999952316284,
backbone_pilot,stgcn,oap_supcon,global,clean_gallery,official_view:036,0.0,1,61.33333444595337,
backbone_pilot,stgcn,oap_supcon,global,clean_gallery,official_view:054,0.0,1,60.333335399627686,
backbone_pilot,stgcn,oap_supcon,global,clean_gallery,official_view:072,0.0,1,66.00000262260437,
backbone_pilot,stgcn,oap_supcon,global,clean_gallery,official_view:090,0.0,1,65.3333306312561,
backbone_pilot,stgcn,oap_supcon,global,clean_gallery,official_view:108,0.0,1,64.66666460037231,
backbone_pilot,stgcn,oap_supcon,global,clean_gallery,official_view:126,0.0,1,63.999998569488525,
backbone_pilot,stgcn,oap_supcon,global,clean_gallery,official_view:144,0.0,1,58.666664361953735,
backbone_pilot,stgcn,oap_supcon,global,clean_gallery,official_view:162,0.0,1,51.66666507720947,
backbone_pilot,stgcn,oap_supcon,global,clean_gallery,official_view:180,0.0,1,45.66666781902313,
backbone_pilot,stgcn,oap_supcon,global,clean_gallery,random_joint,0.0,1,59.6666693687439,
backbone_pilot,stgcn,oap_supcon,global,clean_gallery,random_joint,0.1,1,50.87272644042968,
backbone_pilot,stgcn,oap_supcon,global,clean_gallery,random_joint,0.3,1,43.33333373069763,
backbone_pilot,stgcn,oap_supcon,global,clean_gallery,random_joint,0.5,1,30.21818220615387,
backbone_pilot,stgcn,oap_supcon,global,clean_gallery,random_joint,0.7,1,15.775757431983948,
backbone_pilot,stgcn,oap_supcon,global,clean_gallery,temporal,0.0,1,59.6666693687439,
backbone_pilot,stgcn,oap_supcon,global,clean_gallery,temporal,0.1,1,51.26666545867919,
backbone_pilot,stgcn,oap_supcon,global,clean_gallery,temporal,0.3,1,49.36363697052002,
backbone_pilot,stgcn,oap_supcon,global,clean_gallery,temporal,0.5,1,44.703030586242676,
backbone_pilot,stgcn,oap_supcon,global,clean_gallery,temporal,0.7,1,34.84848439693451,
backbone_pilot,stgcn,oap_supcon,global,occluded_gallery,body_part,0.0,1,59.6666693687439,
backbone_pilot,stgcn,oap_supcon,global,occluded_gallery,body_part,0.1,1,49.85454559326172,
backbone_pilot,stgcn,oap_supcon,global,occluded_gallery,body_part,0.3,1,38.969696164131165,
backbone_pilot,stgcn,oap_supcon,global,occluded_gallery,body_part,0.5,1,32.078787088394165,
backbone_pilot,stgcn,oap_supcon,global,occluded_gallery,body_part,0.7,1,15.36363661289215,
backbone_pilot,stgcn,oap_supcon,global,occluded_gallery,dynamic_joint,0.0,1,59.6666693687439,
backbone_pilot,stgcn,oap_supcon,global,occluded_gallery,dynamic_joint,0.1,1,63.39999914169312,
backbone_pilot,stgcn,oap_supcon,global,occluded_gallery,dynamic_joint,0.3,1,56.406060457229614,
backbone_pilot,stgcn,oap_supcon,global,occluded_gallery,dynamic_joint,0.5,1,40.96969664096832,
backbone_pilot,stgcn,oap_supcon,global,occluded_gallery,dynamic_joint,0.7,1,13.836363852024078,
backbone_pilot,stgcn,oap_supcon,global,occluded_gallery,random_joint,0.0,1,59.6666693687439,
backbone_pilot,stgcn,oap_supcon,global,occluded_gallery,random_joint,0.1,1,62.14545488357543,
backbone_pilot,stgcn,oap_supcon,global,occluded_gallery,random_joint,0.3,1,57.387877702713006,
backbone_pilot,stgcn,oap_supcon,global,occluded_gallery,random_joint,0.5,1,49.67272758483887,
backbone_pilot,stgcn,oap_supcon,global,occluded_gallery,random_joint,0.7,1,33.17575812339783,
backbone_pilot,stgcn,oap_supcon,global,occluded_gallery,temporal,0.0,1,59.6666693687439,
backbone_pilot,stgcn,oap_supcon,global,occluded_gallery,temporal,0.1,1,63.224241733551025,
backbone_pilot,stgcn,oap_supcon,global,occluded_gallery,temporal,0.3,1,60.733335018157966,
backbone_pilot,stgcn,oap_supcon,global,occluded_gallery,temporal,0.5,1,55.83030343055725,
backbone_pilot,stgcn,oap_supcon,global,occluded_gallery,temporal,0.7,1,43.04242432117462,
backbone_pilot,stgcn,oap_supcon,global,single_view_gallery,official_condition:BG,0.0,1,35.03636363636364,
backbone_pilot,stgcn,oap_supcon,global,single_view_gallery,official_condition:CL,0.0,1,20.46363636363636,
backbone_pilot,stgcn,oap_supcon,global,single_view_gallery,official_condition:NM,0.0,1,53.69090909090908,
backbone_pilot,stgcn,oap_supcon,global_parts,clean_gallery,body_part,0.0,1,57.8484833240509,
backbone_pilot,stgcn,oap_supcon,global_parts,clean_gallery,body_part,0.1,1,36.284849643707275,
backbone_pilot,stgcn,oap_supcon,global_parts,clean_gallery,body_part,0.3,1,22.75151550769806,
backbone_pilot,stgcn,oap_supcon,global_parts,clean_gallery,body_part,0.5,1,13.266666829586029,
backbone_pilot,stgcn,oap_supcon,global_parts,clean_gallery,body_part,0.7,1,2.8484849259257317,
backbone_pilot,stgcn,oap_supcon,global_parts,clean_gallery,dynamic_joint,0.0,1,57.8484833240509,
backbone_pilot,stgcn,oap_supcon,global_parts,clean_gallery,dynamic_joint,0.1,1,48.84242534637451,
backbone_pilot,stgcn,oap_supcon,global_parts,clean_gallery,dynamic_joint,0.3,1,44.12727236747742,
backbone_pilot,stgcn,oap_supcon,global_parts,clean_gallery,dynamic_joint,0.5,1,27.254546284675595,
backbone_pilot,stgcn,oap_supcon,global_parts,clean_gallery,dynamic_joint,0.7,1,9.157575815916061,
backbone_pilot,stgcn,oap_supcon,global_parts,clean_gallery,official_condition:BG,0.0,1,56.272727251052856,
backbone_pilot,stgcn,oap_supcon,global_parts,clean_gallery,official_condition:CL,0.0,1,25.63636302947998,
backbone_pilot,stgcn,oap_supcon,global_parts,clean_gallery,official_condition:NM,0.0,1,91.63636565208435,
backbone_pilot,stgcn,oap_supcon,global_parts,clean_gallery,official_view:000,0.0,1,54.666668176651,
backbone_pilot,stgcn,oap_supcon,global_parts,clean_gallery,official_view:018,0.0,1,64.66666460037231,
backbone_pilot,stgcn,oap_supcon,global_parts,clean_gallery,official_view:036,0.0,1,63.333332538604736,
backbone_pilot,stgcn,oap_supcon,global_parts,clean_gallery,official_view:054,0.0,1,62.66666650772095,
backbone_pilot,stgcn,oap_supcon,global_parts,clean_gallery,official_view:072,0.0,1,62.99999952316284,
backbone_pilot,stgcn,oap_supcon,global_parts,clean_gallery,official_view:090,0.0,1,57.999998331069946,
backbone_pilot,stgcn,oap_supcon,global_parts,clean_gallery,official_view:108,0.0,1,60.333335399627686,
backbone_pilot,stgcn,oap_supcon,global_parts,clean_gallery,official_view:126,0.0,1,60.00000238418579,
backbone_pilot,stgcn,oap_supcon,global_parts,clean_gallery,official_view:144,0.0,1,55.33333420753479,
backbone_pilot,stgcn,oap_supcon,global_parts,clean_gallery,official_view:162,0.0,1,52.33333110809326,
backbone_pilot,stgcn,oap_supcon,global_parts,clean_gallery,official_view:180,0.0,1,41.999998688697815,
backbone_pilot,stgcn,oap_supcon,global_parts,clean_gallery,random_joint,0.0,1,57.8484833240509,
backbone_pilot,stgcn,oap_supcon,global_parts,clean_gallery,random_joint,0.1,1,49.448485374450684,
backbone_pilot,stgcn,oap_supcon,global_parts,clean_gallery,random_joint,0.3,1,42.46666669845581,
backbone_pilot,stgcn,oap_supcon,global_parts,clean_gallery,random_joint,0.5,1,28.909090161323547,
backbone_pilot,stgcn,oap_supcon,global_parts,clean_gallery,random_joint,0.7,1,14.92121249437332,
backbone_pilot,stgcn,oap_supcon,global_parts,clean_gallery,temporal,0.0,1,57.8484833240509,
backbone_pilot,stgcn,oap_supcon,global_parts,clean_gallery,temporal,0.1,1,47.77575731277466,
backbone_pilot,stgcn,oap_supcon,global_parts,clean_gallery,temporal,0.3,1,46.60000026226044,
backbone_pilot,stgcn,oap_supcon,global_parts,clean_gallery,temporal,0.5,1,42.62424349784851,
backbone_pilot,stgcn,oap_supcon,global_parts,clean_gallery,temporal,0.7,1,34.018182158470154,
backbone_pilot,stgcn,oap_supcon,global_parts,occluded_gallery,body_part,0.0,1,57.8484833240509,
backbone_pilot,stgcn,oap_supcon,global_parts,occluded_gallery,body_part,0.1,1,48.75151574611664,
backbone_pilot,stgcn,oap_supcon,global_parts,occluded_gallery,body_part,0.3,1,35.21212041378021,
backbone_pilot,stgcn,oap_supcon,global_parts,occluded_gallery,body_part,0.5,1,29.066665768623352,
backbone_pilot,stgcn,oap_supcon,global_parts,occluded_gallery,body_part,0.7,1,15.36363661289215,
backbone_pilot,stgcn,oap_supcon,global_parts,occluded_gallery,dynamic_joint,0.0,1,57.8484833240509,
backbone_pilot,stgcn,oap_supcon,global_parts,occluded_gallery,dynamic_joint,0.1,1,60.975759029388435,
backbone_pilot,stgcn,oap_supcon,global_parts,occluded_gallery,dynamic_joint,0.3,1,55.400000810623176,
backbone_pilot,stgcn,oap_supcon,global_parts,occluded_gallery,dynamic_joint,0.5,1,39.93333339691162,
backbone_pilot,stgcn,oap_supcon,global_parts,occluded_gallery,dynamic_joint,0.7,1,12.47272714972496,
backbone_pilot,stgcn,oap_supcon,global_parts,occluded_gallery,random_joint,0.0,1,57.8484833240509,
backbone_pilot,stgcn,oap_supcon,global_parts,occluded_gallery,random_joint,0.1,1,60.55757761001587,
backbone_pilot,stgcn,oap_supcon,global_parts,occluded_gallery,random_joint,0.3,1,56.59393906593323,
backbone_pilot,stgcn,oap_supcon,global_parts,occluded_gallery,random_joint,0.5,1,49.70302999019623,
backbone_pilot,stgcn,oap_supcon,global_parts,occluded_gallery,random_joint,0.7,1,33.630303144454956,
backbone_pilot,stgcn,oap_supcon,global_parts,occluded_gallery,temporal,0.0,1,57.8484833240509,
backbone_pilot,stgcn,oap_supcon,global_parts,occluded_gallery,temporal,0.1,1,60.7272744178772,
backbone_pilot,stgcn,oap_supcon,global_parts,occluded_gallery,temporal,0.3,1,58.63030076026916,
backbone_pilot,stgcn,oap_supcon,global_parts,occluded_gallery,temporal,0.5,1,53.53333592414856,
backbone_pilot,stgcn,oap_supcon,global_parts,occluded_gallery,temporal,0.7,1,41.01818144321442,
backbone_pilot,stgcn,oap_supcon,global_parts,single_view_gallery,official_condition:BG,0.0,1,34.62727272727273,
backbone_pilot,stgcn,oap_supcon,global_parts,single_view_gallery,official_condition:CL,0.0,1,17.636363636363637,
backbone_pilot,stgcn,oap_supcon,global_parts,single_view_gallery,official_condition:NM,0.0,1,54.87272727272726,
core,tcn,ce,global,clean_gallery,body_part,0.0,5,50.648484230041504,0.5109449084654076
core,tcn,ce,global,clean_gallery,body_part,0.1,5,17.14909076690674,0.8878589958070146
core,tcn,ce,global,clean_gallery,body_part,0.3,5,10.167272716760635,0.4611959007274536
core,tcn,ce,global,clean_gallery,body_part,0.5,5,6.453333303332329,0.33237882096689164
core,tcn,ce,global,clean_gallery,body_part,0.7,5,2.5939393788576126,0.18507192157356464
core,tcn,ce,global,clean_gallery,dynamic_joint,0.0,5,50.648484230041504,0.5109449084654076
core,tcn,ce,global,clean_gallery,dynamic_joint,0.1,5,17.924848437309265,5.0538633467274545
core,tcn,ce,global,clean_gallery,dynamic_joint,0.3,5,2.991515137255192,1.056482014537011
core,tcn,ce,global,clean_gallery,dynamic_joint,0.5,5,2.3963636234402657,0.4697576005077685
core,tcn,ce,global,clean_gallery,dynamic_joint,0.7,5,2.224242389202118,0.3628020987711478
core,tcn,ce,global,clean_gallery,official_condition:BG,0.0,5,51.79999828338623,0.826722305712848
core,tcn,ce,global,clean_gallery,official_condition:CL,0.0,5,25.45454502105713,0.7129260083436789
core,tcn,ce,global,clean_gallery,official_condition:NM,0.0,5,74.69090938568115,0.7703163622525458
core,tcn,ce,global,clean_gallery,official_view:000,0.0,5,42.46666669845581,3.1322695706918506
core,tcn,ce,global,clean_gallery,official_view:018,0.0,5,54.93333339691162,2.361730912021937
core,tcn,ce,global,clean_gallery,official_view:036,0.0,5,55.46666741371155,1.5018492778660586
core,tcn,ce,global,clean_gallery,official_view:054,0.0,5,53.86666655540466,2.693613896444327
core,tcn,ce,global,clean_gallery,official_view:072,0.0,5,49.266666769981384,2.33808930630272
core,tcn,ce,global,clean_gallery,official_view:090,0.0,5,59.733333587646484,1.4794904748459248
core,tcn,ce,global,clean_gallery,official_view:108,0.0,5,59.199999570846565,1.016531910072106
core,tcn,ce,global,clean_gallery,official_view:126,0.0,5,54.866666793823235,1.7416472368517923
core,tcn,ce,global,clean_gallery,official_view:144,0.0,5,51.26666545867919,1.3824281051677458
core,tcn,ce,global,clean_gallery,official_view:162,0.0,5,42.93333292007446,1.6733210694423561
core,tcn,ce,global,clean_gallery,official_view:180,0.0,5,33.133333921432495,1.659986286713198
core,tcn,ce,global,clean_gallery,random_joint,0.0,5,50.648484230041504,0.5109449084654076
core,tcn,ce,global,clean_gallery,random_joint,0.1,5,5.076363652944565,1.0323740090724751
core,tcn,ce,global,clean_gallery,random_joint,0.3,5,2.2496969625353813,0.3811538502634454
core,tcn,ce,global,clean_gallery,random_joint,0.5,5,2.09939394146204,0.13002792519655199
core,tcn,ce,global,clean_gallery,random_joint,0.7,5,2.030303008854389,0.07119600658646069
core,tcn,ce,global,clean_gallery,temporal,0.0,5,50.648484230041504,0.5109449084654076
core,tcn,ce,global,clean_gallery,temporal,0.1,5,17.71636372804642,5.289799227682533
core,tcn,ce,global,clean_gallery,temporal,0.3,5,12.728484898805617,3.445238452534665
core,tcn,ce,global,clean_gallery,temporal,0.5,5,8.174545407295227,1.5597343723761967
core,tcn,ce,global,clean_gallery,temporal,0.7,5,5.181818217039108,0.6725088479966629
core,tcn,ce,global,occluded_gallery,body_part,0.0,5,50.648484230041504,0.5109449084654076
core,tcn,ce,global,occluded_gallery,body_part,0.1,5,31.048484802246097,0.9110182757058809
core,tcn,ce,global,occluded_gallery,body_part,0.3,5,20.602424263954163,0.8485669695826416
core,tcn,ce,global,occluded_gallery,body_part,0.5,5,15.769696950912476,0.8625351364087375
core,tcn,ce,global,occluded_gallery,body_part,0.7,5,11.58787876367569,0.5118433102037376
core,tcn,ce,global,occluded_gallery,dynamic_joint,0.0,5,50.648484230041504,0.5109449084654076
core,tcn,ce,global,occluded_gallery,dynamic_joint,0.1,5,41.86302983760834,0.7694656559856637
core,tcn,ce,global,occluded_gallery,dynamic_joint,0.3,5,26.533333063125607,1.0717939503612264
core,tcn,ce,global,occluded_gallery,dynamic_joint,0.5,5,12.449696958065033,0.8251043083421872
core,tcn,ce,global,occluded_gallery,dynamic_joint,0.7,5,4.615757599473,0.29954353459855315
core,tcn,ce,global,occluded_gallery,random_joint,0.0,5,50.648484230041504,0.5109449084654076
core,tcn,ce,global,occluded_gallery,random_joint,0.1,5,33.27515113353729,1.1791473869158056
core,tcn,ce,global,occluded_gallery,random_joint,0.3,5,16.02303034067154,1.0485846732499975
core,tcn,ce,global,occluded_gallery,random_joint,0.5,5,7.15515150129795,0.733315842757793
core,tcn,ce,global,occluded_gallery,random_joint,0.7,5,4.065454557538032,0.3211949866005573
core,tcn,ce,global,occluded_gallery,temporal,0.0,5,50.648484230041504,0.5109449084654076
core,tcn,ce,global,occluded_gallery,temporal,0.1,5,43.07393991947174,0.8159046398262537
core,tcn,ce,global,occluded_gallery,temporal,0.3,5,35.69818186759949,1.1192480717407678
core,tcn,ce,global,occluded_gallery,temporal,0.5,5,26.40363657474518,0.6099063992591871
core,tcn,ce,global,occluded_gallery,temporal,0.7,5,15.973333358764648,0.5409510596473509
core,tcn,ce,global,single_view_gallery,official_condition:BG,0.0,5,31.185454545454544,1.4614127660340437
core,tcn,ce,global,single_view_gallery,official_condition:CL,0.0,5,18.74909090909091,0.30597358498854693
core,tcn,ce,global,single_view_gallery,official_condition:NM,0.0,5,42.672727272727265,1.8603296606464648
core,tcn,ce,global_parts,clean_gallery,body_part,0.0,5,50.309090614318855,1.1766386593611686
core,tcn,ce,global_parts,clean_gallery,body_part,0.1,5,18.340605854988098,1.0705970406339054
core,tcn,ce,global_parts,clean_gallery,body_part,0.3,5,11.575757563114166,0.8834981954610808
core,tcn,ce,global_parts,clean_gallery,body_part,0.5,5,7.312727272510529,0.5971251215996697
core,tcn,ce,global_parts,clean_gallery,body_part,0.7,5,2.7515151351690292,0.3040889968758974
core,tcn,ce,global_parts,clean_gallery,dynamic_joint,0.0,5,50.309090614318855,1.1766386593611686
core,tcn,ce,global_parts,clean_gallery,dynamic_joint,0.1,5,24.676363587379456,4.853895705848014
core,tcn,ce,global_parts,clean_gallery,dynamic_joint,0.3,5,3.0266666561365128,0.6488047612683808
core,tcn,ce,global_parts,clean_gallery,dynamic_joint,0.5,5,2.004848435521126,0.010841531369790044
core,tcn,ce,global_parts,clean_gallery,dynamic_joint,0.7,5,1.9999999552965164,0.0
core,tcn,ce,global_parts,clean_gallery,official_condition:BG,0.0,5,53.763636350631714,1.8154538846006312
core,tcn,ce,global_parts,clean_gallery,official_condition:CL,0.0,5,21.29090905189514,1.4235329167385253
core,tcn,ce,global_parts,clean_gallery,official_condition:NM,0.0,5,75.87272644042969,0.8494034537121024
core,tcn,ce,global_parts,clean_gallery,official_view:000,0.0,5,45.733333230018616,1.1401757317896135
core,tcn,ce,global_parts,clean_gallery,official_view:018,0.0,5,55.33333420753479,0.47140407122464756
core,tcn,ce,global_parts,clean_gallery,official_view:036,0.0,5,57.26666569709777,1.4414485126889076
core,tcn,ce,global_parts,clean_gallery,official_view:054,0.0,5,51.800000071525574,2.774888479867851
core,tcn,ce,global_parts,clean_gallery,official_view:072,0.0,5,49.333332777023315,2.260776042936634
core,tcn,ce,global_parts,clean_gallery,official_view:090,0.0,5,54.733333587646484,1.441450649131257
core,tcn,ce,global_parts,clean_gallery,official_view:108,0.0,5,54.66666698455811,2.656229285864159
core,tcn,ce,global_parts,clean_gallery,official_view:126,0.0,5,56.333333253860474,0.9718243890027064
core,tcn,ce,global_parts,clean_gallery,official_view:144,0.0,5,52.400000095367425,1.2780210357908228
core,tcn,ce,global_parts,clean_gallery,official_view:162,0.0,5,42.53333330154419,0.960324706959478
core,tcn,ce,global_parts,clean_gallery,official_view:180,0.0,5,33.266666531562805,1.9916487799392566
core,tcn,ce,global_parts,clean_gallery,random_joint,0.0,5,50.309090614318855,1.1766386593611686
core,tcn,ce,global_parts,clean_gallery,random_joint,0.1,5,5.4339393973350525,1.6445116935631485
core,tcn,ce,global_parts,clean_gallery,random_joint,0.3,5,2.0096969306468964,0.021683096059589332
core,tcn,ce,global_parts,clean_gallery,random_joint,0.5,5,1.9999999552965164,0.0
core,tcn,ce,global_parts,clean_gallery,random_joint,0.7,5,1.9999999552965164,0.0
core,tcn,ce,global_parts,clean_gallery,temporal,0.0,5,50.309090614318855,1.1766386593611686
core,tcn,ce,global_parts,clean_gallery,temporal,0.1,5,24.22545474767685,5.022106495834652
core,tcn,ce,global_parts,clean_gallery,temporal,0.3,5,17.435151517391205,2.8636841028751325
core,tcn,ce,global_parts,clean_gallery,temporal,0.5,5,10.315151512622833,1.5050512110052114
core,tcn,ce,global_parts,clean_gallery,temporal,0.7,5,5.1551515609025955,0.7408158509579268
core,tcn,ce,global_parts,occluded_gallery,body_part,0.0,5,50.309090614318855,1.1766386593611686
core,tcn,ce,global_parts,occluded_gallery,body_part,0.1,5,30.80363643169403,0.7869992887446341
core,tcn,ce,global_parts,occluded_gallery,body_part,0.3,5,19.784242272377014,0.36362639181028283
core,tcn,ce,global_parts,occluded_gallery,body_part,0.5,5,15.919999957084654,0.5470750716445038
core,tcn,ce,global_parts,occluded_gallery,body_part,0.7,5,11.58787876367569,0.5118433102037376
core,tcn,ce,global_parts,occluded_gallery,dynamic_joint,0.0,5,50.309090614318855,1.1766386593611686
core,tcn,ce,global_parts,occluded_gallery,dynamic_joint,0.1,5,43.04727280139923,1.081189240990232
core,tcn,ce,global_parts,occluded_gallery,dynamic_joint,0.3,5,22.023030281066895,0.9931572904325656
core,tcn,ce,global_parts,occluded_gallery,dynamic_joint,0.5,5,10.259393990039825,0.7674434704343102
core,tcn,ce,global_parts,occluded_gallery,dynamic_joint,0.7,5,4.707878813147545,0.4443172437708789
core,tcn,ce,global_parts,occluded_gallery,random_joint,0.0,5,50.309090614318855,1.1766386593611686
core,tcn,ce,global_parts,occluded_gallery,random_joint,0.1,5,30.975757718086243,1.3944731973142621
core,tcn,ce,global_parts,occluded_gallery,random_joint,0.3,5,13.025454550981522,0.6858587809121425
core,tcn,ce,global_parts,occluded_gallery,random_joint,0.5,5,6.650909036397934,0.5591972035069749
core,tcn,ce,global_parts,occluded_gallery,random_joint,0.7,5,4.2242424339056015,0.4563801353341447
core,tcn,ce,global_parts,occluded_gallery,temporal,0.0,5,50.309090614318855,1.1766386593611686
core,tcn,ce,global_parts,occluded_gallery,temporal,0.1,5,44.68727266788483,1.3159094763746149
core,tcn,ce,global_parts,occluded_gallery,temporal,0.3,5,38.913939356803894,1.2874715406271553
core,tcn,ce,global_parts,occluded_gallery,temporal,0.5,5,28.979393720626835,0.9800733147507571
core,tcn,ce,global_parts,occluded_gallery,temporal,0.7,5,17.121212124824524,0.8838931977826247
core,tcn,ce,global_parts,single_view_gallery,official_condition:BG,0.0,5,28.436363636363637,1.5629491090100713
core,tcn,ce,global_parts,single_view_gallery,official_condition:CL,0.0,5,16.927272727272726,0.7942198209355779
core,tcn,ce,global_parts,single_view_gallery,official_condition:NM,0.0,5,38.554545454545455,2.084040100500913
core,tcn,generic_supcon,global,clean_gallery,body_part,0.0,5,43.266666531562805,0.9192366155359798
core,tcn,generic_supcon,global,clean_gallery,body_part,0.1,5,13.173333287239075,0.6054180206373131
core,tcn,generic_supcon,global,clean_gallery,body_part,0.3,5,7.368484854698182,0.31936004338085805
core,tcn,generic_supcon,global,clean_gallery,body_part,0.5,5,4.519999980926514,0.252204262003964
core,tcn,generic_supcon,global,clean_gallery,body_part,0.7,5,2.339393962174654,0.5885344883320167
core,tcn,generic_supcon,global,clean_gallery,dynamic_joint,0.0,5,43.266666531562805,0.9192366155359798
core,tcn,generic_supcon,global,clean_gallery,dynamic_joint,0.1,5,21.929697036743164,1.1855620363894126
core,tcn,generic_supcon,global,clean_gallery,dynamic_joint,0.3,5,3.2763636261224747,0.44665061676386003
core,tcn,generic_supcon,global,clean_gallery,dynamic_joint,0.5,5,2.6715151369571686,0.45867617297023516
core,tcn,generic_supcon,global,clean_gallery,dynamic_joint,0.7,5,2.35878786444664,0.3371516770534412
core,tcn,generic_supcon,global,clean_gallery,official_condition:BG,0.0,5,44.0181827545166,1.4408447224788254
core,tcn,generic_supcon,global,clean_gallery,official_condition:CL,0.0,5,17.49090939760208,1.0995864267048028
core,tcn,generic_supcon,global,clean_gallery,official_condition:NM,0.0,5,68.2909095287323,1.7024516378688292
core,tcn,generic_supcon,global,clean_gallery,official_view:000,0.0,5,42.53333270549774,1.5563489239910058
core,tcn,generic_supcon,global,clean_gallery,official_view:018,0.0,5,50.53333282470703,1.095444070312461
core,tcn,generic_supcon,global,clean_gallery,official_view:036,0.0,5,50.466665625572205,1.8499242868770034
core,tcn,generic_supcon,global,clean_gallery,official_view:054,0.0,5,42.80000030994415,1.406334839604661
core,tcn,generic_supcon,global,clean_gallery,official_view:072,0.0,5,47.666667103767395,1.6832506932222275
core,tcn,generic_supcon,global,clean_gallery,official_view:090,0.0,5,53.26666593551636,0.8628142262118771
core,tcn,generic_supcon,global,clean_gallery,official_view:108,0.0,5,53.200000524520874,1.7888555082168855
core,tcn,generic_supcon,global,clean_gallery,official_view:126,0.0,5,43.93333315849304,2.4426757303326436
core,tcn,generic_supcon,global,clean_gallery,official_view:144,0.0,5,41.00000023841858,1.4907117295465944
core,tcn,generic_supcon,global,clean_gallery,official_view:162,0.0,5,29.800000190734867,1.8043155795189094
core,tcn,generic_supcon,global,clean_gallery,official_view:180,0.0,5,20.733333230018616,2.165384051735735
core,tcn,generic_supcon,global,clean_gallery,random_joint,0.0,5,43.266666531562805,0.9192366155359798
core,tcn,generic_supcon,global,clean_gallery,random_joint,0.1,5,3.8448484987020493,0.6161076182366896
core,tcn,generic_supcon,global,clean_gallery,random_joint,0.3,5,2.784242406487465,0.7255104939654393
core,tcn,generic_supcon,global,clean_gallery,random_joint,0.5,5,2.6533333212137222,0.44458585158352637
core,tcn,generic_supcon,global,clean_gallery,random_joint,0.7,5,2.2242424115538597,0.26814329843710505
core,tcn,generic_supcon,global,clean_gallery,temporal,0.0,5,43.266666531562805,0.9192366155359798
core,tcn,generic_supcon,global,clean_gallery,temporal,0.1,5,22.63393920660019,1.7054903306465516
core,tcn,generic_supcon,global,clean_gallery,temporal,0.3,5,16.396363735198975,2.1491432715318415
core,tcn,generic_supcon,global,clean_gallery,temporal,0.5,5,10.040000051259995,1.9484947630050289
core,tcn,generic_supcon,global,clean_gallery,temporal,0.7,5,5.454545438289642,1.141688515064452
core,tcn,generic_supcon,global,occluded_gallery,body_part,0.0,5,43.266666531562805,0.9192366155359798
core,tcn,generic_supcon,global,occluded_gallery,body_part,0.1,5,34.1975759267807,0.8587639850311907
core,tcn,generic_supcon,global,occluded_gallery,body_part,0.3,5,24.36969691514969,0.771401117112714
core,tcn,generic_supcon,global,occluded_gallery,body_part,0.5,5,18.945454478263855,0.33156529458597567
core,tcn,generic_supcon,global,occluded_gallery,body_part,0.7,5,9.375757575035095,0.5100459910724462
core,tcn,generic_supcon,global,occluded_gallery,dynamic_joint,0.0,5,43.266666531562805,0.9192366155359798
core,tcn,generic_supcon,global,occluded_gallery,dynamic_joint,0.1,5,43.55515158176422,0.3779163222099633
core,tcn,generic_supcon,global,occluded_gallery,dynamic_joint,0.3,5,28.027878999710083,0.8893672213943403
core,tcn,generic_supcon,global,occluded_gallery,dynamic_joint,0.5,5,11.907878756523132,0.7059812223069484
core,tcn,generic_supcon,global,occluded_gallery,dynamic_joint,0.7,5,4.424242436885834,0.2476705300233795
core,tcn,generic_supcon,global,occluded_gallery,random_joint,0.0,5,43.266666531562805,0.9192366155359798
core,tcn,generic_supcon,global,occluded_gallery,random_joint,0.1,5,35.287272572517395,0.7867079806310674
core,tcn,generic_supcon,global,occluded_gallery,random_joint,0.3,5,17.92242431640625,0.7967726263753946
core,tcn,generic_supcon,global,occluded_gallery,random_joint,0.5,5,7.962424248456955,0.35542244725635896
core,tcn,generic_supcon,global,occluded_gallery,random_joint,0.7,5,4.204848483204842,0.14151221045110637
core,tcn,generic_supcon,global,occluded_gallery,temporal,0.0,5,43.266666531562805,0.9192366155359798
core,tcn,generic_supcon,global,occluded_gallery,temporal,0.1,5,45.43393921852112,0.6999624947571864
core,tcn,generic_supcon,global,occluded_gallery,temporal,0.3,5,40.60727274417877,0.7255835990758858
core,tcn,generic_supcon,global,occluded_gallery,temporal,0.5,5,32.40969657897949,0.5417826966476887
core,tcn,generic_supcon,global,occluded_gallery,temporal,0.7,5,20.122424244880676,0.5572693458059569
core,tcn,generic_supcon,global,single_view_gallery,official_condition:BG,0.0,5,20.25090909090909,0.30052296016573676
core,tcn,generic_supcon,global,single_view_gallery,official_condition:CL,0.0,5,10.978181818181818,0.3302015412611515
core,tcn,generic_supcon,global,single_view_gallery,official_condition:NM,0.0,5,29.639999999999993,0.9198364928364834
core,tcn,generic_supcon,global_parts,clean_gallery,body_part,0.0,5,42.29696989059448,1.6665836850804256
core,tcn,generic_supcon,global_parts,clean_gallery,body_part,0.1,5,14.393939495086668,0.8664018633901273
core,tcn,generic_supcon,global_parts,clean_gallery,body_part,0.3,5,7.99757581949234,1.0329253448400053
core,tcn,generic_supcon,global_parts,clean_gallery,body_part,0.5,5,4.8436363488435745,0.48124415992414704
core,tcn,generic_supcon,global_parts,clean_gallery,body_part,0.7,5,2.3575757443904877,0.34510883000596476
core,tcn,generic_supcon,global_parts,clean_gallery,dynamic_joint,0.0,5,42.29696989059448,1.6665836850804256
core,tcn,generic_supcon,global_parts,clean_gallery,dynamic_joint,0.1,5,25.538181662559506,1.1073129063394127
core,tcn,generic_supcon,global_parts,clean_gallery,dynamic_joint,0.3,5,4.447272717952728,0.8658864844270097
core,tcn,generic_supcon,global_parts,clean_gallery,dynamic_joint,0.5,5,2.0581817999482155,0.07955341014739876
core,tcn,generic_supcon,global_parts,clean_gallery,dynamic_joint,0.7,5,2.0945454239845276,0.18549811156181636
core,tcn,generic_supcon,global_parts,clean_gallery,official_condition:BG,0.0,5,43.654545545578,1.8954055795143536
core,tcn,generic_supcon,global_parts,clean_gallery,official_condition:CL,0.0,5,14.781818389892578,0.9013304127171011
core,tcn,generic_supcon,global_parts,clean_gallery,official_condition:NM,0.0,5,68.45454692840576,2.643407559287865
core,tcn,generic_supcon,global_parts,clean_gallery,official_view:000,0.0,5,42.99999952316284,3.8369550354591255
core,tcn,generic_supcon,global_parts,clean_gallery,official_view:018,0.0,5,47.333332896232605,0.5270457740642323
core,tcn,generic_supcon,global_parts,clean_gallery,official_view:036,0.0,5,50.99999964237213,1.9860636550588098
core,tcn,generic_supcon,global_parts,clean_gallery,official_view:054,0.0,5,42.00000047683716,3.257469533242971
core,tcn,generic_supcon,global_parts,clean_gallery,official_view:072,0.0,5,44.866666197776794,3.0331497741186646
core,tcn,generic_supcon,global_parts,clean_gallery,official_view:090,0.0,5,54.666668176651,0.5270457740642323
core,tcn,generic_supcon,global_parts,clean_gallery,official_view:108,0.0,5,49.933332204818726,2.019350454607128
core,tcn,generic_supcon,global_parts,clean_gallery,official_view:126,0.0,5,43.200000524520874,3.2710858956198257
core,tcn,generic_supcon,global_parts,clean_gallery,official_view:144,0.0,5,36.73333287239075,4.21900509569321
core,tcn,generic_supcon,global_parts,clean_gallery,official_view:162,0.0,5,31.266666054725643,2.0466779751549655
core,tcn,generic_supcon,global_parts,clean_gallery,official_view:180,0.0,5,21.26666635274887,4.367811665130335
core,tcn,generic_supcon,global_parts,clean_gallery,random_joint,0.0,5,42.29696989059448,1.6665836850804256
core,tcn,generic_supcon,global_parts,clean_gallery,random_joint,0.1,5,5.969696968793869,0.7858014749881046
core,tcn,generic_supcon,global_parts,clean_gallery,random_joint,0.3,5,2.0533333122730255,0.10937673710516513
core,tcn,generic_supcon,global_parts,clean_gallery,random_joint,0.5,5,2.1236363276839256,0.25661498200882826
core,tcn,generic_supcon,global_parts,clean_gallery,random_joint,0.7,5,2.106666639447212,0.23851395669545525
core,tcn,generic_supcon,global_parts,clean_gallery,temporal,0.0,5,42.29696989059448,1.6665836850804256
core,tcn,generic_supcon,global_parts,clean_gallery,temporal,0.1,5,26.34060627222061,1.6761518984743078
core,tcn,generic_supcon,global_parts,clean_gallery,temporal,0.3,5,20.5709091424942,1.886024158436999
core,tcn,generic_supcon,global_parts,clean_gallery,temporal,0.5,5,12.945454567670822,2.1764749309084683
core,tcn,generic_supcon,global_parts,clean_gallery,temporal,0.7,5,6.332121267914773,1.37395032866514
core,tcn,generic_supcon,global_parts,occluded_gallery,body_part,0.0,5,42.29696989059448,1.6665836850804256
core,tcn,generic_supcon,global_parts,occluded_gallery,body_part,0.1,5,32.086060523986816,0.7793173928321162
core,tcn,generic_supcon,global_parts,occluded_gallery,body_part,0.3,5,21.739393949508667,0.6061665217894804
core,tcn,generic_supcon,global_parts,occluded_gallery,body_part,0.5,5,17.619394063949585,0.3262161507577627
core,tcn,generic_supcon,global_parts,occluded_gallery,body_part,0.7,5,9.375757575035095,0.5100459910724462
core,tcn,generic_supcon,global_parts,occluded_gallery,dynamic_joint,0.0,5,42.29696989059448,1.6665836850804256
core,tcn,generic_supcon,global_parts,occluded_gallery,dynamic_joint,0.1,5,43.22181832790375,1.0165442594611709
core,tcn,generic_supcon,global_parts,occluded_gallery,dynamic_joint,0.3,5,25.32363611459732,0.771265219021106
core,tcn,generic_supcon,global_parts,occluded_gallery,dynamic_joint,0.5,5,12.663030356168747,0.48588151111955613
core,tcn,generic_supcon,global_parts,occluded_gallery,dynamic_joint,0.7,5,5.166060611605644,0.1798172404583835
core,tcn,generic_supcon,global_parts,occluded_gallery,random_joint,0.0,5,42.29696989059448,1.6665836850804256
core,tcn,generic_supcon,global_parts,occluded_gallery,random_joint,0.1,5,32.764848709106445,1.3887544045488027
core,tcn,generic_supcon,global_parts,occluded_gallery,random_joint,0.3,5,18.18666672706604,0.48273024390205294
core,tcn,generic_supcon,global_parts,occluded_gallery,random_joint,0.5,5,9.543030351400375,0.39914045724414715
core,tcn,generic_supcon,global_parts,occluded_gallery,random_joint,0.7,5,5.123636350035667,0.12447136405284584
core,tcn,generic_supcon,global_parts,occluded_gallery,temporal,0.0,5,42.29696989059448,1.6665836850804256
core,tcn,generic_supcon,global_parts,occluded_gallery,temporal,0.1,5,45.37818169593811,1.0103016806072158
core,tcn,generic_supcon,global_parts,occluded_gallery,temporal,0.3,5,40.687272787094116,0.8698346793172107
core,tcn,generic_supcon,global_parts,occluded_gallery,temporal,0.5,5,32.3781818151474,0.584033615036361
core,tcn,generic_supcon,global_parts,occluded_gallery,temporal,0.7,5,20.539393961429596,0.6378912492568015
core,tcn,generic_supcon,global_parts,single_view_gallery,official_condition:BG,0.0,5,18.69818181818182,1.2425214300494904
core,tcn,generic_supcon,global_parts,single_view_gallery,official_condition:CL,0.0,5,8.812727272727274,0.4754554145655187
core,tcn,generic_supcon,global_parts,single_view_gallery,official_condition:NM,0.0,5,27.27272727272727,1.9080083510741217
core,tcn,global_occlusion_supcon,global,clean_gallery,body_part,0.0,5,35.8787876367569,0.8514565899226301
core,tcn,global_occlusion_supcon,global,clean_gallery,body_part,0.1,5,10.630303025245667,0.8654261256454095
core,tcn,global_occlusion_supcon,global,clean_gallery,body_part,0.3,5,7.4036363661289215,0.6426328543844135
core,tcn,global_occlusion_supcon,global,clean_gallery,body_part,0.5,5,5.267878755927086,0.4170692268859041
core,tcn,global_occlusion_supcon,global,clean_gallery,body_part,0.7,5,2.654545418918133,0.16953454910967786
core,tcn,global_occlusion_supcon,global,clean_gallery,dynamic_joint,0.0,5,35.8787876367569,0.8514565899226301
core,tcn,global_occlusion_supcon,global,clean_gallery,dynamic_joint,0.1,5,17.09454518556595,2.5209266478341568
core,tcn,global_occlusion_supcon,global,clean_gallery,dynamic_joint,0.3,5,20.121212124824524,5.0175979648636995
core,tcn,global_occlusion_supcon,global,clean_gallery,dynamic_joint,0.5,5,13.936969637870789,2.5896225729742612
core,tcn,global_occlusion_supcon,global,clean_gallery,dynamic_joint,0.7,5,6.550303056836128,0.713189413798939
core,tcn,global_occlusion_supcon,global,clean_gallery,official_condition:BG,0.0,5,36.96363627910614,1.554253970113286
core,tcn,global_occlusion_supcon,global,clean_gallery,official_condition:CL,0.0,5,15.163636505603789,1.085973858611694
core,tcn,global_occlusion_supcon,global,clean_gallery,official_condition:NM,0.0,5,55.50909161567687,0.6185821677536568
core,tcn,global_occlusion_supcon,global,clean_gallery,official_view:000,0.0,5,36.266666650772095,2.2161031044273067
core,tcn,global_occlusion_supcon,global,clean_gallery,official_view:018,0.0,5,40.00000059604645,1.840893770883403
core,tcn,global_occlusion_supcon,global,clean_gallery,official_view:036,0.0,5,41.06666564941406,1.23378377294698
core,tcn,global_occlusion_supcon,global,clean_gallery,official_view:054,0.0,5,36.60000026226044,1.7224009064389585
core,tcn,global_occlusion_supcon,global,clean_gallery,official_view:072,0.0,5,43.266666531562805,1.8012348812728858
core,tcn,global_occlusion_supcon,global,clean_gallery,official_view:090,0.0,5,47.733333110809326,2.1525170987405047
core,tcn,global_occlusion_supcon,global,clean_gallery,official_view:108,0.0,5,46.73333287239075,2.3021730860020173
core,tcn,global_occlusion_supcon,global,clean_gallery,official_view:126,0.0,5,38.80000054836273,2.6098106122192566
core,tcn,global_occlusion_supcon,global,clean_gallery,official_view:144,0.0,5,30.53333342075348,2.9683519801529887
core,tcn,global_occlusion_supcon,global,clean_gallery,official_view:162,0.0,5,22.066667079925537,0.7226495475573138
core,tcn,global_occlusion_supcon,global,clean_gallery,official_view:180,0.0,5,11.599999964237213,1.6397831266539087
core,tcn,global_occlusion_supcon,global,clean_gallery,random_joint,0.0,5,35.8787876367569,0.8514565899226301
core,tcn,global_occlusion_supcon,global,clean_gallery,random_joint,0.1,5,19.36606055498123,3.6089055329439077
core,tcn,global_occlusion_supcon,global,clean_gallery,random_joint,0.3,5,18.91878777742386,1.8314896176957172
core,tcn,global_occlusion_supcon,global,clean_gallery,random_joint,0.5,5,9.38909088075161,2.5453945708840853
core,tcn,global_occlusion_supcon,global,clean_gallery,random_joint,0.7,5,4.465454518795013,1.403127828819457
core,tcn,global_occlusion_supcon,global,clean_gallery,temporal,0.0,5,35.8787876367569,0.8514565899226301
core,tcn,global_occlusion_supcon,global,clean_gallery,temporal,0.1,5,16.928484857082367,2.6514870865830322
core,tcn,global_occlusion_supcon,global,clean_gallery,temporal,0.3,5,17.19515150785446,2.6343371725126503
core,tcn,global_occlusion_supcon,global,clean_gallery,temporal,0.5,5,16.28484857082367,2.4484023012666314
core,tcn,global_occlusion_supcon,global,clean_gallery,temporal,0.7,5,13.115151435136795,1.6860144695141208
core,tcn,global_occlusion_supcon,global,occluded_gallery,body_part,0.0,5,35.8787876367569,0.8514565899226301
core,tcn,global_occlusion_supcon,global,occluded_gallery,body_part,0.1,5,27.28000032901764,0.4172233217387921
core,tcn,global_occlusion_supcon,global,occluded_gallery,body_part,0.3,5,19.969696879386902,0.8960376936307421
core,tcn,global_occlusion_supcon,global,occluded_gallery,body_part,0.5,5,16.105454564094543,0.5915318743901506
core,tcn,global_occlusion_supcon,global,occluded_gallery,body_part,0.7,5,8.654545545578003,0.28394444200755514
core,tcn,global_occlusion_supcon,global,occluded_gallery,dynamic_joint,0.0,5,35.8787876367569,0.8514565899226301
core,tcn,global_occlusion_supcon,global,occluded_gallery,dynamic_joint,0.1,5,37.35272753238677,0.8515026485839013
core,tcn,global_occlusion_supcon,global,occluded_gallery,dynamic_joint,0.3,5,33.62181830406189,0.45609054630672186
core,tcn,global_occlusion_supcon,global,occluded_gallery,dynamic_joint,0.5,5,23.539393842220306,0.282192514815825
core,tcn,global_occlusion_supcon,global,occluded_gallery,dynamic_joint,0.7,5,10.90909093618393,0.28693621299397193
core,tcn,global_occlusion_supcon,global,occluded_gallery,random_joint,0.0,5,35.8787876367569,0.8514565899226301
core,tcn,global_occlusion_supcon,global,occluded_gallery,random_joint,0.1,5,37.62545454502106,0.5543778528050828
core,tcn,global_occlusion_supcon,global,occluded_gallery,random_joint,0.3,5,34.758787631988525,0.36821351235662675
core,tcn,global_occlusion_supcon,global,occluded_gallery,random_joint,0.5,5,27.126061081886295,0.5837312263359459
core,tcn,global_occlusion_supcon,global,occluded_gallery,random_joint,0.7,5,16.09575742483139,0.8965131360793289
core,tcn,global_occlusion_supcon,global,occluded_gallery,temporal,0.0,5,35.8787876367569,0.8514565899226301
core,tcn,global_occlusion_supcon,global,occluded_gallery,temporal,0.1,5,35.899393796920776,0.8733755051645069
core,tcn,global_occlusion_supcon,global,occluded_gallery,temporal,0.3,5,31.426666378974915,0.43184938064126777
core,tcn,global_occlusion_supcon,global,occluded_gallery,temporal,0.5,5,25.65212059020996,0.29723521909953926
core,tcn,global_occlusion_supcon,global,occluded_gallery,temporal,0.7,5,18.569696962833405,0.2950151708039285
core,tcn,global_occlusion_supcon,global,single_view_gallery,official_condition:BG,0.0,5,18.465454545454545,0.7656736892091229
core,tcn,global_occlusion_supcon,global,single_view_gallery,official_condition:CL,0.0,5,10.629090909090909,0.40637482189201624
core,tcn,global_occlusion_supcon,global,single_view_gallery,official_condition:NM,0.0,5,26.529090909090908,0.9860682423201731
core,tcn,global_occlusion_supcon,global_parts,clean_gallery,body_part,0.0,5,35.30909061431885,0.6343403884083794
core,tcn,global_occlusion_supcon,global_parts,clean_gallery,body_part,0.1,5,12.402424216270447,1.6064584735336243
core,tcn,global_occlusion_supcon,global_parts,clean_gallery,body_part,0.3,5,8.593939363956451,1.1061892621202893
core,tcn,global_occlusion_supcon,global_parts,clean_gallery,body_part,0.5,5,5.655757561326027,0.4739572055970021
core,tcn,global_occlusion_supcon,global_parts,clean_gallery,body_part,0.7,5,2.2363636642694473,0.46275418263159157
core,tcn,global_occlusion_supcon,global_parts,clean_gallery,dynamic_joint,0.0,5,35.30909061431885,0.6343403884083794
core,tcn,global_occlusion_supcon,global_parts,clean_gallery,dynamic_joint,0.1,5,20.44848471879959,3.140040091566687
core,tcn,global_occlusion_supcon,global_parts,clean_gallery,dynamic_joint,0.3,5,22.103030145168308,4.932434106524608
core,tcn,global_occlusion_supcon,global_parts,clean_gallery,dynamic_joint,0.5,5,16.4787879884243,4.33448379391938
core,tcn,global_occlusion_supcon,global_parts,clean_gallery,dynamic_joint,0.7,5,7.863030314445496,0.9473911777258315
core,tcn,global_occlusion_supcon,global_parts,clean_gallery,official_condition:BG,0.0,5,35.3636360168457,0.5182623695288667
core,tcn,global_occlusion_supcon,global_parts,clean_gallery,official_condition:CL,0.0,5,14.381818175315859,1.5149391593770396
core,tcn,global_occlusion_supcon,global_parts,clean_gallery,official_condition:NM,0.0,5,56.18181824684143,0.639601539094689
core,tcn,global_occlusion_supcon,global_parts,clean_gallery,official_view:000,0.0,5,36.06666624546051,3.3115952251772245
core,tcn,global_occlusion_supcon,global_parts,clean_gallery,official_view:018,0.0,5,38.5999995470047,0.9249624387893106
core,tcn,global_occlusion_supcon,global_parts,clean_gallery,official_view:036,0.0,5,40.93333423137665,3.522940672595888
core,tcn,global_occlusion_supcon,global_parts,clean_gallery,official_view:054,0.0,5,38.06666612625122,1.8618988976595439
core,tcn,global_occlusion_supcon,global_parts,clean_gallery,official_view:072,0.0,5,47.13333308696747,2.243508898356365
core,tcn,global_occlusion_supcon,global_parts,clean_gallery,official_view:090,0.0,5,49.53333258628845,2.4335607614558112
core,tcn,global_occlusion_supcon,global_parts,clean_gallery,official_view:108,0.0,5,45.13333320617676,5.134847678594029
core,tcn,global_occlusion_supcon,global_parts,clean_gallery,official_view:126,0.0,5,37.666667103767395,3.9157801125247027
core,tcn,global_occlusion_supcon,global_parts,clean_gallery,official_view:144,0.0,5,29.333333373069763,3.822448566684914
core,tcn,global_occlusion_supcon,global_parts,clean_gallery,official_view:162,0.0,5,18.266666531562805,3.3944397192485596
core,tcn,global_occlusion_supcon,global_parts,clean_gallery,official_view:180,0.0,5,7.666666507720947,1.8856179971143139
core,tcn,global_occlusion_supcon,global_parts,clean_gallery,random_joint,0.0,5,35.30909061431885,0.6343403884083794
core,tcn,global_occlusion_supcon,global_parts,clean_gallery,random_joint,0.1,5,22.003636181354523,3.963262284679323
core,tcn,global_occlusion_supcon,global_parts,clean_gallery,random_joint,0.3,5,21.281212031841278,3.300378610859262
core,tcn,global_occlusion_supcon,global_parts,clean_gallery,random_joint,0.5,5,11.49090912938118,0.9943828864794706
core,tcn,global_occlusion_supcon,global_parts,clean_gallery,random_joint,0.7,5,5.50181819498539,1.319260486986948
core,tcn,global_occlusion_supcon,global_parts,clean_gallery,temporal,0.0,5,35.30909061431885,0.6343403884083794
core,tcn,global_occlusion_supcon,global_parts,clean_gallery,temporal,0.1,5,20.35515147447586,3.02101779800512
core,tcn,global_occlusion_supcon,global_parts,clean_gallery,temporal,0.3,5,20.92969697713852,2.7467305493333702
core,tcn,global_occlusion_supcon,global_parts,clean_gallery,temporal,0.5,5,20.284848630428314,2.2764132281681366
core,tcn,global_occlusion_supcon,global_parts,clean_gallery,temporal,0.7,5,16.768484830856323,1.6967173331504608
core,tcn,global_occlusion_supcon,global_parts,occluded_gallery,body_part,0.0,5,35.30909061431885,0.6343403884083794
core,tcn,global_occlusion_supcon,global_parts,occluded_gallery,body_part,0.1,5,26.500606179237362,0.6708357644213453
core,tcn,global_occlusion_supcon,global_parts,occluded_gallery,body_part,0.3,5,18.250909090042114,0.918112787504647
core,tcn,global_occlusion_supcon,global_parts,occluded_gallery,body_part,0.5,5,15.168484866619108,0.7999243608664127
core,tcn,global_occlusion_supcon,global_parts,occluded_gallery,body_part,0.7,5,8.654545545578003,0.28394444200755514
core,tcn,global_occlusion_supcon,global_parts,occluded_gallery,dynamic_joint,0.0,5,35.30909061431885,0.6343403884083794
core,tcn,global_occlusion_supcon,global_parts,occluded_gallery,dynamic_joint,0.1,5,38.602423548698425,0.43129639269901
core,tcn,global_occlusion_supcon,global_parts,occluded_gallery,dynamic_joint,0.3,5,35.40242409706116,0.4096093067216414
core,tcn,global_occlusion_supcon,global_parts,occluded_gallery,dynamic_joint,0.5,5,25.624241888523102,0.4218110905366874
core,tcn,global_occlusion_supcon,global_parts,occluded_gallery,dynamic_joint,0.7,5,11.74181815981865,0.6135685808866814
core,tcn,global_occlusion_supcon,global_parts,occluded_gallery,random_joint,0.0,5,35.30909061431885,0.6343403884083794
core,tcn,global_occlusion_supcon,global_parts,occluded_gallery,random_joint,0.1,5,39.03757560253143,0.26599145673056174
core,tcn,global_occlusion_supcon,global_parts,occluded_gallery,random_joint,0.3,5,36.34909105300903,0.7571105386582687
core,tcn,global_occlusion_supcon,global_parts,occluded_gallery,random_joint,0.5,5,28.85575771331787,1.2786827457616727
core,tcn,global_occlusion_supcon,global_parts,occluded_gallery,random_joint,0.7,5,17.094545304775238,1.7453840570933525
core,tcn,global_occlusion_supcon,global_parts,occluded_gallery,temporal,0.0,5,35.30909061431885,0.6343403884083794
core,tcn,global_occlusion_supcon,global_parts,occluded_gallery,temporal,0.1,5,37.04363656044006,0.4847422044735543
core,tcn,global_occlusion_supcon,global_parts,occluded_gallery,temporal,0.3,5,32.82181799411774,0.5195994296959948
core,tcn,global_occlusion_supcon,global_parts,occluded_gallery,temporal,0.5,5,26.58181798458099,0.43728909432302604
core,tcn,global_occlusion_supcon,global_parts,occluded_gallery,temporal,0.7,5,19.16363650560379,0.564987004465509
core,tcn,global_occlusion_supcon,global_parts,single_view_gallery,official_condition:BG,0.0,5,16.867272727272727,0.3968158387934559
core,tcn,global_occlusion_supcon,global_parts,single_view_gallery,official_condition:CL,0.0,5,9.281818181818183,0.5630495478982547
core,tcn,global_occlusion_supcon,global_parts,single_view_gallery,official_condition:NM,0.0,5,24.654545454545453,0.3940675782126052
core,tcn,masked_ce,global,clean_gallery,body_part,0.0,5,40.79999923706055,1.4577927296981286
core,tcn,masked_ce,global,clean_gallery,body_part,0.1,5,18.126060664653778,0.8645810733970779
core,tcn,masked_ce,global,clean_gallery,body_part,0.3,5,12.997575670480726,1.1114696395539798
core,tcn,masked_ce,global,clean_gallery,body_part,0.5,5,8.848484873771667,0.8905173327724671
core,tcn,masked_ce,global,clean_gallery,body_part,0.7,5,3.175757527351379,0.3100697013709312
core,tcn,masked_ce,global,clean_gallery,dynamic_joint,0.0,5,40.79999923706055,1.4577927296981286
core,tcn,masked_ce,global,clean_gallery,dynamic_joint,0.1,5,25.132120966911316,2.088102748171062
core,tcn,masked_ce,global,clean_gallery,dynamic_joint,0.3,5,24.076363444328308,1.4231817017634782
core,tcn,masked_ce,global,clean_gallery,dynamic_joint,0.5,5,20.553939402103424,1.7866642174887721
core,tcn,masked_ce,global,clean_gallery,dynamic_joint,0.7,5,13.952727317810057,1.8561757478102145
core,tcn,masked_ce,global,clean_gallery,official_condition:BG,0.0,5,41.01818144321442,1.6343425749688476
core,tcn,masked_ce,global,clean_gallery,official_condition:CL,0.0,5,16.945454478263855,2.018099911605069
core,tcn,masked_ce,global,clean_gallery,official_condition:NM,0.0,5,64.43636417388916,2.0045412546396264
core,tcn,masked_ce,global,clean_gallery,official_view:000,0.0,5,35.80000042915344,2.142168758714493
core,tcn,masked_ce,global,clean_gallery,official_view:018,0.0,5,47.399999499320984,2.7527756456216905
core,tcn,masked_ce,global,clean_gallery,official_view:036,0.0,5,46.399999260902405,4.085203733217117
core,tcn,masked_ce,global,clean_gallery,official_view:054,0.0,5,44.333332777023315,3.1180484329621305
core,tcn,masked_ce,global,clean_gallery,official_view:072,0.0,5,46.99999988079071,1.6666671633720664
core,tcn,masked_ce,global,clean_gallery,official_view:090,0.0,5,57.266666889190674,2.2900752333170904
core,tcn,masked_ce,global,clean_gallery,official_view:108,0.0,5,53.13333392143249,2.545148155111793
core,tcn,masked_ce,global,clean_gallery,official_view:126,0.0,5,42.06666707992554,1.673320000824706
core,tcn,masked_ce,global,clean_gallery,official_view:144,0.0,5,37.86666691303253,2.5121925072003273
core,tcn,masked_ce,global,clean_gallery,official_view:162,0.0,5,23.933333158493042,3.24379724712344
core,tcn,masked_ce,global,clean_gallery,official_view:180,0.0,5,13.600000143051147,0.6411793995182413
core,tcn,masked_ce,global,clean_gallery,random_joint,0.0,5,40.79999923706055,1.4577927296981286
core,tcn,masked_ce,global,clean_gallery,random_joint,0.1,5,24.696969509124756,1.52269606240977
core,tcn,masked_ce,global,clean_gallery,random_joint,0.3,5,22.213333249092102,1.8021891310716083
core,tcn,masked_ce,global,clean_gallery,random_joint,0.5,5,17.77939385175705,2.612720948709189
core,tcn,masked_ce,global,clean_gallery,random_joint,0.7,5,12.972121179103851,2.9309425519921284
core,tcn,masked_ce,global,clean_gallery,temporal,0.0,5,40.79999923706055,1.4577927296981286
core,tcn,masked_ce,global,clean_gallery,temporal,0.1,5,24.745454370975494,1.8893739874207198
core,tcn,masked_ce,global,clean_gallery,temporal,0.3,5,23.130908966064453,1.3828649177518808
core,tcn,masked_ce,global,clean_gallery,temporal,0.5,5,19.575757563114166,1.7867329167162878
core,tcn,masked_ce,global,clean_gallery,temporal,0.7,5,14.6557577252388,1.7725712406394656
core,tcn,masked_ce,global,occluded_gallery,body_part,0.0,5,40.79999923706055,1.4577927296981286
core,tcn,masked_ce,global,occluded_gallery,body_part,0.1,5,31.442424178123474,1.2366453563252482
core,tcn,masked_ce,global,occluded_gallery,body_part,0.3,5,22.74060606956482,0.9921306593619835
core,tcn,masked_ce,global,occluded_gallery,body_part,0.5,5,17.078787863254547,0.7362328311898451
core,tcn,masked_ce,global,occluded_gallery,body_part,0.7,5,7.793939262628554,0.2341388073090632
core,tcn,masked_ce,global,occluded_gallery,dynamic_joint,0.0,5,40.79999923706055,1.4577927296981286
core,tcn,masked_ce,global,occluded_gallery,dynamic_joint,0.1,5,43.81333315372467,1.5863191867292643
core,tcn,masked_ce,global,occluded_gallery,dynamic_joint,0.3,5,41.84363651275635,1.2512650564142558
core,tcn,masked_ce,global,occluded_gallery,dynamic_joint,0.5,5,34.11878800392151,0.7819894614795869
core,tcn,masked_ce,global,occluded_gallery,dynamic_joint,0.7,5,18.370908975601196,0.5815402207190453
core,tcn,masked_ce,global,occluded_gallery,random_joint,0.0,5,40.79999923706055,1.4577927296981286
core,tcn,masked_ce,global,occluded_gallery,random_joint,0.1,5,44.47030317783356,1.1158479306875293
core,tcn,masked_ce,global,occluded_gallery,random_joint,0.3,5,43.744242429733276,0.7060196142595745
core,tcn,masked_ce,global,occluded_gallery,random_joint,0.5,5,39.53575778007507,0.5555562590819116
core,tcn,masked_ce,global,occluded_gallery,random_joint,0.7,5,28.62666642665863,0.3770409083734127
core,tcn,masked_ce,global,occluded_gallery,temporal,0.0,5,40.79999923706055,1.4577927296981286
core,tcn,masked_ce,global,occluded_gallery,temporal,0.1,5,41.07151532173157,1.233600163806384
core,tcn,masked_ce,global,occluded_gallery,temporal,0.3,5,34.81818234920502,1.396361364465916
core,tcn,masked_ce,global,occluded_gallery,temporal,0.5,5,27.047272443771362,1.671988221670746
core,tcn,masked_ce,global,occluded_gallery,temporal,0.7,5,17.976969599723816,1.1733605439538666
core,tcn,masked_ce,global,single_view_gallery,official_condition:BG,0.0,5,22.22,1.611546662255891
core,tcn,masked_ce,global,single_view_gallery,official_condition:CL,0.0,5,11.390909090909092,1.2498264342309617
core,tcn,masked_ce,global,single_view_gallery,official_condition:NM,0.0,5,32.127272727272725,2.4292297184073366
core,tcn,masked_ce,global_parts,clean_gallery,body_part,0.0,5,42.703030705451965,0.6241252287409216
core,tcn,masked_ce,global_parts,clean_gallery,body_part,0.1,5,20.306666672229767,1.4859277737881706
core,tcn,masked_ce,global_parts,clean_gallery,body_part,0.3,5,14.426666796207426,0.7526945942731114
core,tcn,masked_ce,global_parts,clean_gallery,body_part,0.5,5,9.486060559749603,0.5867750463494107
core,tcn,masked_ce,global_parts,clean_gallery,body_part,0.7,5,3.0424242839217186,0.1800418863302408
core,tcn,masked_ce,global_parts,clean_gallery,dynamic_joint,0.0,5,42.703030705451965,0.6241252287409216
core,tcn,masked_ce,global_parts,clean_gallery,dynamic_joint,0.1,5,28.64363670349121,2.2185725117702915
core,tcn,masked_ce,global_parts,clean_gallery,dynamic_joint,0.3,5,26.50666642189026,2.2468448036761073
core,tcn,masked_ce,global_parts,clean_gallery,dynamic_joint,0.5,5,21.696969628334045,2.775797159721297
core,tcn,masked_ce,global_parts,clean_gallery,dynamic_joint,0.7,5,15.461818128824234,2.4598349495391494
core,tcn,masked_ce,global_parts,clean_gallery,official_condition:BG,0.0,5,44.21818196773529,1.0939350575579991
core,tcn,masked_ce,global_parts,clean_gallery,official_condition:CL,0.0,5,15.381818115711212,0.8064818733924223
core,tcn,masked_ce,global_parts,clean_gallery,official_condition:NM,0.0,5,68.50909113883972,1.0236854426644995
core,tcn,masked_ce,global_parts,clean_gallery,official_view:000,0.0,5,38.266666531562805,2.7121133844248715
core,tcn,masked_ce,global_parts,clean_gallery,official_view:018,0.0,5,48.86666655540466,1.9379250395198098
core,tcn,masked_ce,global_parts,clean_gallery,official_view:036,0.0,5,49.80000019073486,2.340466560544245
core,tcn,masked_ce,global_parts,clean_gallery,official_view:054,0.0,5,48.06666672229767,1.6733198820895165
core,tcn,masked_ce,global_parts,clean_gallery,official_view:072,0.0,5,47.733333706855774,1.53478185236757
core,tcn,masked_ce,global_parts,clean_gallery,official_view:090,0.0,5,51.333332657814026,2.5927250738084076
core,tcn,masked_ce,global_parts,clean_gallery,official_view:108,0.0,5,54.13333296775817,2.3640833215393817
core,tcn,masked_ce,global_parts,clean_gallery,official_view:126,0.0,5,44.26666796207428,1.785745941714113
core,tcn,masked_ce,global_parts,clean_gallery,official_view:144,0.0,5,43.93333315849304,2.509979763766368
core,tcn,masked_ce,global_parts,clean_gallery,official_view:162,0.0,5,27.80000001192093,3.671209777111981
core,tcn,masked_ce,global_parts,clean_gallery,official_view:180,0.0,5,15.533333420753479,2.231093057383844
core,tcn,masked_ce,global_parts,clean_gallery,random_joint,0.0,5,42.703030705451965,0.6241252287409216
core,tcn,masked_ce,global_parts,clean_gallery,random_joint,0.1,5,27.235151290893555,2.2336991660798713
core,tcn,masked_ce,global_parts,clean_gallery,random_joint,0.3,5,22.94303035736084,2.9095538709663584
core,tcn,masked_ce,global_parts,clean_gallery,random_joint,0.5,5,18.03878802061081,3.8651572293596774
core,tcn,masked_ce,global_parts,clean_gallery,random_joint,0.7,5,13.210909217596054,3.3706572650728517
core,tcn,masked_ce,global_parts,clean_gallery,temporal,0.0,5,42.703030705451965,0.6241252287409216
core,tcn,masked_ce,global_parts,clean_gallery,temporal,0.1,5,28.35757625102997,2.114643710462245
core,tcn,masked_ce,global_parts,clean_gallery,temporal,0.3,5,27.435151576995846,1.5597871045598888
core,tcn,masked_ce,global_parts,clean_gallery,temporal,0.5,5,24.252121090888977,1.9699608953576067
core,tcn,masked_ce,global_parts,clean_gallery,temporal,0.7,5,18.83757573366165,2.0053574680850703
core,tcn,masked_ce,global_parts,occluded_gallery,body_part,0.0,5,42.703030705451965,0.6241252287409216
core,tcn,masked_ce,global_parts,occluded_gallery,body_part,0.1,5,30.510303139686584,0.7580289246320404
core,tcn,masked_ce,global_parts,occluded_gallery,body_part,0.3,5,20.752727210521698,0.7864487154198241
core,tcn,masked_ce,global_parts,occluded_gallery,body_part,0.5,5,16.804848551750183,0.6236449433045632
core,tcn,masked_ce,global_parts,occluded_gallery,body_part,0.7,5,7.793939262628554,0.2341388073090632
core,tcn,masked_ce,global_parts,occluded_gallery,dynamic_joint,0.0,5,42.703030705451965,0.6241252287409216
core,tcn,masked_ce,global_parts,occluded_gallery,dynamic_joint,0.1,5,44.67757570743561,0.7853035733039092
core,tcn,masked_ce,global_parts,occluded_gallery,dynamic_joint,0.3,5,42.48727297782898,0.6638040938697802
core,tcn,masked_ce,global_parts,occluded_gallery,dynamic_joint,0.5,5,35.412121295928955,0.5963929204484129
core,tcn,masked_ce,global_parts,occluded_gallery,dynamic_joint,0.7,5,19.55272728204727,0.6681443925224997
core,tcn,masked_ce,global_parts,occluded_gallery,random_joint,0.0,5,42.703030705451965,0.6241252287409216
core,tcn,masked_ce,global_parts,occluded_gallery,random_joint,0.1,5,44.64606058597565,0.6702060784952434
core,tcn,masked_ce,global_parts,occluded_gallery,random_joint,0.3,5,43.557576060295105,0.7636478081085408
core,tcn,masked_ce,global_parts,occluded_gallery,random_joint,0.5,5,39.44000005722046,0.9701098924291871
core,tcn,masked_ce,global_parts,occluded_gallery,random_joint,0.7,5,29.295757293701175,0.824057528676689
core,tcn,masked_ce,global_parts,occluded_gallery,temporal,0.0,5,42.703030705451965,0.6241252287409216
core,tcn,masked_ce,global_parts,occluded_gallery,temporal,0.1,5,42.68000042438507,0.3766706232235845
core,tcn,masked_ce,global_parts,occluded_gallery,temporal,0.3,5,37.20848500728607,0.4515373425130021
core,tcn,masked_ce,global_parts,occluded_gallery,temporal,0.5,5,29.60606038570404,0.6770815997482628
core,tcn,masked_ce,global_parts,occluded_gallery,temporal,0.7,5,19.773333311080933,0.7327645547011008
core,tcn,masked_ce,global_parts,single_view_gallery,official_condition:BG,0.0,5,20.827272727272728,0.8419035888345909
core,tcn,masked_ce,global_parts,single_view_gallery,official_condition:CL,0.0,5,10.676363636363636,0.8087231033247658
core,tcn,masked_ce,global_parts,single_view_gallery,official_condition:NM,0.0,5,30.045454545454543,0.8057899978661685
core,tcn,oap_supcon,global,clean_gallery,body_part,0.0,5,36.10303044319153,1.8425885297441227
core,tcn,oap_supcon,global,clean_gallery,body_part,0.1,5,11.404848515987396,1.2722610277945128
core,tcn,oap_supcon,global,clean_gallery,body_part,0.3,5,8.369696974754333,0.39753612189238513
core,tcn,oap_supcon,global,clean_gallery,body_part,0.5,5,5.758787885308266,0.28373085517454183
core,tcn,oap_supcon,global,clean_gallery,body_part,0.7,5,2.690909132361412,0.39300586043515845
core,tcn,oap_supcon,global,clean_gallery,dynamic_joint,0.0,5,36.10303044319153,1.8425885297441227
core,tcn,oap_supcon,global,clean_gallery,dynamic_joint,0.1,5,18.48484843969345,2.759073882980584
core,tcn,oap_supcon,global,clean_gallery,dynamic_joint,0.3,5,20.066666662693024,2.5964126838513835
core,tcn,oap_supcon,global,clean_gallery,dynamic_joint,0.5,5,14.512727290391922,3.1131068476955015
core,tcn,oap_supcon,global,clean_gallery,dynamic_joint,0.7,5,7.9369697123765945,2.2854175548884346
core,tcn,oap_supcon,global,clean_gallery,official_condition:BG,0.0,5,37.090908885002136,2.0378650563917677
core,tcn,oap_supcon,global,clean_gallery,official_condition:CL,0.0,5,15.018182098865509,2.0117426450263176
core,tcn,oap_supcon,global,clean_gallery,official_condition:NM,0.0,5,56.20000123977661,2.7215086459541
core,tcn,oap_supcon,global,clean_gallery,official_view:000,0.0,5,37.86666691303253,1.9090422107039595
core,tcn,oap_supcon,global,clean_gallery,official_view:018,0.0,5,41.46666705608368,1.8944358289534318
core,tcn,oap_supcon,global,clean_gallery,official_view:036,0.0,5,41.66666626930237,3.9791114546989856
core,tcn,oap_supcon,global,clean_gallery,official_view:054,0.0,5,33.799999952316284,3.625527187539722
core,tcn,oap_supcon,global,clean_gallery,official_view:072,0.0,5,42.06666648387909,3.6923342165086566
core,tcn,oap_supcon,global,clean_gallery,official_view:090,0.0,5,45.4666668176651,2.6310124105521573
core,tcn,oap_supcon,global,clean_gallery,official_view:108,0.0,5,46.93333327770233,2.3967567513598333
core,tcn,oap_supcon,global,clean_gallery,official_view:126,0.0,5,43.33333373069763,1.4719605965644147
core,tcn,oap_supcon,global,clean_gallery,official_view:144,0.0,5,32.86666691303253,3.6863108801008773
core,tcn,oap_supcon,global,clean_gallery,official_view:162,0.0,5,21.46666646003723,1.0697873357818235
core,tcn,oap_supcon,global,clean_gallery,official_view:180,0.0,5,10.199999958276749,2.6520431664719806
core,tcn,oap_supcon,global,clean_gallery,random_joint,0.0,5,36.10303044319153,1.8425885297441227
core,tcn,oap_supcon,global,clean_gallery,random_joint,0.1,5,20.209696888923645,2.3641087603758146
core,tcn,oap_supcon,global,clean_gallery,random_joint,0.3,5,20.736969649791718,2.8603512788508967
core,tcn,oap_supcon,global,clean_gallery,random_joint,0.5,5,13.11757582426071,6.3864678508424015
core,tcn,oap_supcon,global,clean_gallery,random_joint,0.7,5,6.549090951681137,3.2540561558219547
core,tcn,oap_supcon,global,clean_gallery,temporal,0.0,5,36.10303044319153,1.8425885297441227
core,tcn,oap_supcon,global,clean_gallery,temporal,0.1,5,18.17333334684372,2.913111368789877
core,tcn,oap_supcon,global,clean_gallery,temporal,0.3,5,17.69090908765793,2.653507281447019
core,tcn,oap_supcon,global,clean_gallery,temporal,0.5,5,16.414545357227325,2.1135212046335097
core,tcn,oap_supcon,global,clean_gallery,temporal,0.7,5,13.11636361479759,1.6103397159381205
core,tcn,oap_supcon,global,occluded_gallery,body_part,0.0,5,36.10303044319153,1.8425885297441227
core,tcn,oap_supcon,global,occluded_gallery,body_part,0.1,5,26.89939397573471,1.5734750717223838
core,tcn,oap_supcon,global,occluded_gallery,body_part,0.3,5,19.75151515007019,1.2069890431534245
core,tcn,oap_supcon,global,occluded_gallery,body_part,0.5,5,15.647272706031798,1.3337285956507934
core,tcn,oap_supcon,global,occluded_gallery,body_part,0.7,5,8.969697058200836,1.0224748397252963
core,tcn,oap_supcon,global,occluded_gallery,dynamic_joint,0.0,5,36.10303044319153,1.8425885297441227
core,tcn,oap_supcon,global,occluded_gallery,dynamic_joint,0.1,5,37.853333711624146,2.173783543164588
core,tcn,oap_supcon,global,occluded_gallery,dynamic_joint,0.3,5,34.05696964263916,2.242607094974294
core,tcn,oap_supcon,global,occluded_gallery,dynamic_joint,0.5,5,24.247272491455078,1.698231883247034
core,tcn,oap_supcon,global,occluded_gallery,dynamic_joint,0.7,5,11.665454596281052,0.5891176439294477
core,tcn,oap_supcon,global,occluded_gallery,random_joint,0.0,5,36.10303044319153,1.8425885297441227
core,tcn,oap_supcon,global,occluded_gallery,random_joint,0.1,5,38.261818408966064,2.2980908487103395
core,tcn,oap_supcon,global,occluded_gallery,random_joint,0.3,5,35.713939785957336,1.9844407497523893
core,tcn,oap_supcon,global,occluded_gallery,random_joint,0.5,5,28.312727332115173,1.4185092762127716
core,tcn,oap_supcon,global,occluded_gallery,random_joint,0.7,5,17.456969678401947,0.734754386231666
core,tcn,oap_supcon,global,occluded_gallery,temporal,0.0,5,36.10303044319153,1.8425885297441227
core,tcn,oap_supcon,global,occluded_gallery,temporal,0.1,5,36.30545425415039,2.2873009033173415
core,tcn,oap_supcon,global,occluded_gallery,temporal,0.3,5,32.126060962677,2.150804213228165
core,tcn,oap_supcon,global,occluded_gallery,temporal,0.5,5,26.1963637471199,1.839718985092708
core,tcn,oap_supcon,global,occluded_gallery,temporal,0.7,5,18.88363641500473,1.2283339868840188
core,tcn,oap_supcon,global,single_view_gallery,official_condition:BG,0.0,5,18.38909090909091,1.4627665399554448
core,tcn,oap_supcon,global,single_view_gallery,official_condition:CL,0.0,5,10.500000000000002,0.7200493555168055
core,tcn,oap_supcon,global,single_view_gallery,official_condition:NM,0.0,5,26.30909090909091,1.7452177869730034
core,tcn,oap_supcon,global_parts,clean_gallery,body_part,0.0,5,38.50303053855896,2.776376766382961
core,tcn,oap_supcon,global_parts,clean_gallery,body_part,0.1,5,18.92969697713852,2.8093987694687774
core,tcn,oap_supcon,global_parts,clean_gallery,body_part,0.3,5,12.710303097963333,1.9762288404465451
core,tcn,oap_supcon,global_parts,clean_gallery,body_part,0.5,5,7.793939366936684,1.3255073262474815
core,tcn,oap_supcon,global_parts,clean_gallery,body_part,0.7,5,2.666666693985462,0.435457875102829
core,tcn,oap_supcon,global_parts,clean_gallery,dynamic_joint,0.0,5,38.50303053855896,2.776376766382961
core,tcn,oap_supcon,global_parts,clean_gallery,dynamic_joint,0.1,5,26.436363816261295,3.006442603204097
core,tcn,oap_supcon,global_parts,clean_gallery,dynamic_joint,0.3,5,28.52363634109497,2.792142850704259
core,tcn,oap_supcon,global_parts,clean_gallery,dynamic_joint,0.5,5,23.30060625076294,3.3998288462284414
core,tcn,oap_supcon,global_parts,clean_gallery,dynamic_joint,0.7,5,12.696969658136368,2.7723977424388675
core,tcn,oap_supcon,global_parts,clean_gallery,official_condition:BG,0.0,5,38.12727332115173,3.3854331196675074
core,tcn,oap_supcon,global_parts,clean_gallery,official_condition:CL,0.0,5,13.690909147262573,0.9866884705497924
core,tcn,oap_supcon,global_parts,clean_gallery,official_condition:NM,0.0,5,63.69090914726257,4.370543990007072
core,tcn,oap_supcon,global_parts,clean_gallery,official_view:000,0.0,5,36.200000047683716,1.6090024914120549
core,tcn,oap_supcon,global_parts,clean_gallery,official_view:018,0.0,5,36.2666654586792,2.61831157299926
core,tcn,oap_supcon,global_parts,clean_gallery,official_view:036,0.0,5,46.26666724681854,5.9179576692105735
core,tcn,oap_supcon,global_parts,clean_gallery,official_view:054,0.0,5,46.26666605472565,5.922648798305901
core,tcn,oap_supcon,global_parts,clean_gallery,official_view:072,0.0,5,45.80000042915344,5.273624360466981
core,tcn,oap_supcon,global_parts,clean_gallery,official_view:090,0.0,5,48.13333332538605,3.2540568033626025
core,tcn,oap_supcon,global_parts,clean_gallery,official_view:108,0.0,5,46.399999260902405,3.8108022248300912
core,tcn,oap_supcon,global_parts,clean_gallery,official_view:126,0.0,5,41.59999966621399,4.728166474993067
core,tcn,oap_supcon,global_parts,clean_gallery,official_view:144,0.0,5,36.86666667461395,4.220321515788699
core,tcn,oap_supcon,global_parts,clean_gallery,official_view:162,0.0,5,26.73333317041397,3.252349339895705
core,tcn,oap_supcon,global_parts,clean_gallery,official_view:180,0.0,5,12.99999997019768,2.5819889599929233
core,tcn,oap_supcon,global_parts,clean_gallery,random_joint,0.0,5,38.50303053855896,2.776376766382961
core,tcn,oap_supcon,global_parts,clean_gallery,random_joint,0.1,5,28.0084844827652,2.2005872092343672
core,tcn,oap_supcon,global_parts,clean_gallery,random_joint,0.3,5,27.953939199447632,2.569431036839902
core,tcn,oap_supcon,global_parts,clean_gallery,random_joint,0.5,5,19.89939385652542,5.3532026144197005
core,tcn,oap_supcon,global_parts,clean_gallery,random_joint,0.7,5,9.665454491972923,3.573402962454847
core,tcn,oap_supcon,global_parts,clean_gallery,temporal,0.0,5,38.50303053855896,2.776376766382961
core,tcn,oap_supcon,global_parts,clean_gallery,temporal,0.1,5,26.39393925666809,2.8759027227382243
core,tcn,oap_supcon,global_parts,clean_gallery,temporal,0.3,5,27.281211614608765,2.510717201846472
core,tcn,oap_supcon,global_parts,clean_gallery,temporal,0.5,5,26.665454506874088,2.1052927233557615
core,tcn,oap_supcon,global_parts,clean_gallery,temporal,0.7,5,22.08727264404297,1.8353663341483022
core,tcn,oap_supcon,global_parts,occluded_gallery,body_part,0.0,5,38.50303053855896,2.776376766382961
core,tcn,oap_supcon,global_parts,occluded_gallery,body_part,0.1,5,28.24484884738922,1.4434970222824233
core,tcn,oap_supcon,global_parts,occluded_gallery,body_part,0.3,5,18.978181779384613,0.8312712461165574
core,tcn,oap_supcon,global_parts,occluded_gallery,body_part,0.5,5,15.522424101829529,1.0037524409495324
core,tcn,oap_supcon,global_parts,occluded_gallery,body_part,0.7,5,8.963636457920074,1.009914259787866
core,tcn,oap_supcon,global_parts,occluded_gallery,dynamic_joint,0.0,5,38.50303053855896,2.776376766382961
core,tcn,oap_supcon,global_parts,occluded_gallery,dynamic_joint,0.1,5,41.95636332035065,1.9934806441689423
core,tcn,oap_supcon,global_parts,occluded_gallery,dynamic_joint,0.3,5,39.111515164375305,2.0556736245115923
core,tcn,oap_supcon,global_parts,occluded_gallery,dynamic_joint,0.5,5,29.118787884712216,1.6468329437763223
core,tcn,oap_supcon,global_parts,occluded_gallery,dynamic_joint,0.7,5,13.04848474264145,1.014015661620846
core,tcn,oap_supcon,global_parts,occluded_gallery,random_joint,0.0,5,38.50303053855896,2.776376766382961
core,tcn,oap_supcon,global_parts,occluded_gallery,random_joint,0.1,5,42.36727237701416,1.874102365429072
core,tcn,oap_supcon,global_parts,occluded_gallery,random_joint,0.3,5,40.41333317756653,1.598698869180333
core,tcn,oap_supcon,global_parts,occluded_gallery,random_joint,0.5,5,33.42909073829651,1.2779935793074544
core,tcn,oap_supcon,global_parts,occluded_gallery,random_joint,0.7,5,19.509090900421143,0.9095049606618716
core,tcn,oap_supcon,global_parts,occluded_gallery,temporal,0.0,5,38.50303053855896,2.776376766382961
core,tcn,oap_supcon,global_parts,occluded_gallery,temporal,0.1,5,40.70181846618652,2.401302347900843
core,tcn,oap_supcon,global_parts,occluded_gallery,temporal,0.3,5,36.11999952793121,2.463721035081446
core,tcn,oap_supcon,global_parts,occluded_gallery,temporal,0.5,5,29.437575936317444,1.797086657301876
core,tcn,oap_supcon,global_parts,occluded_gallery,temporal,0.7,5,20.893333196640015,1.2783039187365266
core,tcn,oap_supcon,global_parts,single_view_gallery,official_condition:BG,0.0,5,19.974545454545456,1.8274129299446606
core,tcn,oap_supcon,global_parts,single_view_gallery,official_condition:CL,0.0,5,10.521818181818182,0.5884072913347247
core,tcn,oap_supcon,global_parts,single_view_gallery,official_condition:NM,0.0,5,30.53636363636364,2.8229578298463656
representation_pilot,tcn,ce__clip_only,global,clean_gallery,body_part,0.0,1,48.787879943847656,
representation_pilot,tcn,ce__clip_only,global,clean_gallery,body_part,0.1,1,16.709091067314148,
representation_pilot,tcn,ce__clip_only,global,clean_gallery,body_part,0.3,1,9.951515197753906,
representation_pilot,tcn,ce__clip_only,global,clean_gallery,body_part,0.5,1,6.042424216866493,
representation_pilot,tcn,ce__clip_only,global,clean_gallery,body_part,0.7,1,2.4242423474788666,
representation_pilot,tcn,ce__clip_only,global,clean_gallery,dynamic_joint,0.0,1,48.787879943847656,
representation_pilot,tcn,ce__clip_only,global,clean_gallery,dynamic_joint,0.1,1,14.521211981773376,
representation_pilot,tcn,ce__clip_only,global,clean_gallery,dynamic_joint,0.3,1,2.1696969494223595,
representation_pilot,tcn,ce__clip_only,global,clean_gallery,dynamic_joint,0.5,1,1.9999999552965164,
representation_pilot,tcn,ce__clip_only,global,clean_gallery,dynamic_joint,0.7,1,1.9999999552965164,
representation_pilot,tcn,ce__clip_only,global,clean_gallery,official_condition:BG,0.0,1,49.09090995788574,
representation_pilot,tcn,ce__clip_only,global,clean_gallery,official_condition:CL,0.0,1,25.727272033691406,
representation_pilot,tcn,ce__clip_only,global,clean_gallery,official_condition:NM,0.0,1,71.54545187950134,
representation_pilot,tcn,ce__clip_only,global,clean_gallery,official_view:000,0.0,1,34.66666638851166,
representation_pilot,tcn,ce__clip_only,global,clean_gallery,official_view:018,0.0,1,52.99999713897705,
representation_pilot,tcn,ce__clip_only,global,clean_gallery,official_view:036,0.0,1,52.666664123535156,
representation_pilot,tcn,ce__clip_only,global,clean_gallery,official_view:054,0.0,1,51.33333206176758,
representation_pilot,tcn,ce__clip_only,global,clean_gallery,official_view:072,0.0,1,50.333333015441895,
representation_pilot,tcn,ce__clip_only,global,clean_gallery,official_view:090,0.0,1,62.99999952316284,
representation_pilot,tcn,ce__clip_only,global,clean_gallery,official_view:108,0.0,1,57.33333230018616,
representation_pilot,tcn,ce__clip_only,global,clean_gallery,official_view:126,0.0,1,54.666668176651,
representation_pilot,tcn,ce__clip_only,global,clean_gallery,official_view:144,0.0,1,49.000000953674316,
representation_pilot,tcn,ce__clip_only,global,clean_gallery,official_view:162,0.0,1,38.66666555404663,
representation_pilot,tcn,ce__clip_only,global,clean_gallery,official_view:180,0.0,1,31.999999284744263,
representation_pilot,tcn,ce__clip_only,global,clean_gallery,random_joint,0.0,1,48.787879943847656,
representation_pilot,tcn,ce__clip_only,global,clean_gallery,random_joint,0.1,1,3.539393916726112,
representation_pilot,tcn,ce__clip_only,global,clean_gallery,random_joint,0.3,1,2.927272729575634,
representation_pilot,tcn,ce__clip_only,global,clean_gallery,random_joint,0.5,1,1.9999999552965164,
representation_pilot,tcn,ce__clip_only,global,clean_gallery,random_joint,0.7,1,1.9999999552965164,
representation_pilot,tcn,ce__clip_only,global,clean_gallery,temporal,0.0,1,48.787879943847656,
representation_pilot,tcn,ce__clip_only,global,clean_gallery,temporal,0.1,1,13.818182051181793,
representation_pilot,tcn,ce__clip_only,global,clean_gallery,temporal,0.3,1,10.199999958276749,
representation_pilot,tcn,ce__clip_only,global,clean_gallery,temporal,0.5,1,6.8909090757369995,
representation_pilot,tcn,ce__clip_only,global,clean_gallery,temporal,0.7,1,4.7333332896232605,
representation_pilot,tcn,ce__clip_only,global,occluded_gallery,body_part,0.0,1,48.787879943847656,
representation_pilot,tcn,ce__clip_only,global,occluded_gallery,body_part,0.1,1,29.799999594688416,
representation_pilot,tcn,ce__clip_only,global,occluded_gallery,body_part,0.3,1,19.878787994384766,
representation_pilot,tcn,ce__clip_only,global,occluded_gallery,body_part,0.5,1,14.61818188428879,
representation_pilot,tcn,ce__clip_only,global,occluded_gallery,body_part,0.7,1,11.96969673037529,
representation_pilot,tcn,ce__clip_only,global,occluded_gallery,dynamic_joint,0.0,1,48.787879943847656,
representation_pilot,tcn,ce__clip_only,global,occluded_gallery,dynamic_joint,0.1,1,39.193938970565796,
representation_pilot,tcn,ce__clip_only,global,occluded_gallery,dynamic_joint,0.3,1,25.103030204772946,
representation_pilot,tcn,ce__clip_only,global,occluded_gallery,dynamic_joint,0.5,1,12.345454543828964,
representation_pilot,tcn,ce__clip_only,global,occluded_gallery,dynamic_joint,0.7,1,4.751515090465546,
representation_pilot,tcn,ce__clip_only,global,occluded_gallery,random_joint,0.0,1,48.787879943847656,
representation_pilot,tcn,ce__clip_only,global,occluded_gallery,random_joint,0.1,1,31.733332872390747,
representation_pilot,tcn,ce__clip_only,global,occluded_gallery,random_joint,0.3,1,15.351515114307404,
representation_pilot,tcn,ce__clip_only,global,occluded_gallery,random_joint,0.5,1,7.066666781902313,
representation_pilot,tcn,ce__clip_only,global,occluded_gallery,random_joint,0.7,1,4.115151539444923,
representation_pilot,tcn,ce__clip_only,global,occluded_gallery,temporal,0.0,1,48.787879943847656,
representation_pilot,tcn,ce__clip_only,global,occluded_gallery,temporal,0.1,1,41.690908670425415,
representation_pilot,tcn,ce__clip_only,global,occluded_gallery,temporal,0.3,1,34.50303018093109,
representation_pilot,tcn,ce__clip_only,global,occluded_gallery,temporal,0.5,1,26.47272706031799,
representation_pilot,tcn,ce__clip_only,global,occluded_gallery,temporal,0.7,1,15.466666519641874,
representation_pilot,tcn,ce__clip_only,global,single_view_gallery,official_condition:BG,0.0,1,29.463636363636365,
representation_pilot,tcn,ce__clip_only,global,single_view_gallery,official_condition:CL,0.0,1,19.327272727272728,
representation_pilot,tcn,ce__clip_only,global,single_view_gallery,official_condition:NM,0.0,1,40.04545454545455,
representation_pilot,tcn,ce__clip_only,global_parts,clean_gallery,body_part,0.0,1,48.63636493682861,
representation_pilot,tcn,ce__clip_only,global_parts,clean_gallery,body_part,0.1,1,17.44242399930954,
representation_pilot,tcn,ce__clip_only,global_parts,clean_gallery,body_part,0.3,1,10.654545575380325,
representation_pilot,tcn,ce__clip_only,global_parts,clean_gallery,body_part,0.5,1,6.375757604837418,
representation_pilot,tcn,ce__clip_only,global_parts,clean_gallery,body_part,0.7,1,2.818181738257408,
representation_pilot,tcn,ce__clip_only,global_parts,clean_gallery,dynamic_joint,0.0,1,48.63636493682861,
representation_pilot,tcn,ce__clip_only,global_parts,clean_gallery,dynamic_joint,0.1,1,22.272727489471436,
representation_pilot,tcn,ce__clip_only,global_parts,clean_gallery,dynamic_joint,0.3,1,2.3212121054530144,
representation_pilot,tcn,ce__clip_only,global_parts,clean_gallery,dynamic_joint,0.5,1,2.0363636314868927,
representation_pilot,tcn,ce__clip_only,global_parts,clean_gallery,dynamic_joint,0.7,1,1.9999999552965164,
representation_pilot,tcn,ce__clip_only,global_parts,clean_gallery,official_condition:BG,0.0,1,51.54545307159424,
representation_pilot,tcn,ce__clip_only,global_parts,clean_gallery,official_condition:CL,0.0,1,21.81818187236786,
representation_pilot,tcn,ce__clip_only,global_parts,clean_gallery,official_condition:NM,0.0,1,72.5454568862915,
representation_pilot,tcn,ce__clip_only,global_parts,clean_gallery,official_view:000,0.0,1,41.333332657814026,
representation_pilot,tcn,ce__clip_only,global_parts,clean_gallery,official_view:018,0.0,1,56.333333253860474,
representation_pilot,tcn,ce__clip_only,global_parts,clean_gallery,official_view:036,0.0,1,56.00000023841858,
representation_pilot,tcn,ce__clip_only,global_parts,clean_gallery,official_view:054,0.0,1,46.00000083446503,
representation_pilot,tcn,ce__clip_only,global_parts,clean_gallery,official_view:072,0.0,1,46.33333384990692,
representation_pilot,tcn,ce__clip_only,global_parts,clean_gallery,official_view:090,0.0,1,56.333333253860474,
representation_pilot,tcn,ce__clip_only,global_parts,clean_gallery,official_view:108,0.0,1,52.33333110809326,
representation_pilot,tcn,ce__clip_only,global_parts,clean_gallery,official_view:126,0.0,1,56.00000023841858,
representation_pilot,tcn,ce__clip_only,global_parts,clean_gallery,official_view:144,0.0,1,50.66666603088379,
representation_pilot,tcn,ce__clip_only,global_parts,clean_gallery,official_view:162,0.0,1,43.33333373069763,
representation_pilot,tcn,ce__clip_only,global_parts,clean_gallery,official_view:180,0.0,1,30.33333420753479,
representation_pilot,tcn,ce__clip_only,global_parts,clean_gallery,random_joint,0.0,1,48.63636493682861,
representation_pilot,tcn,ce__clip_only,global_parts,clean_gallery,random_joint,0.1,1,4.521212056279182,
representation_pilot,tcn,ce__clip_only,global_parts,clean_gallery,random_joint,0.3,1,2.0363636314868927,
representation_pilot,tcn,ce__clip_only,global_parts,clean_gallery,random_joint,0.5,1,1.9999999552965164,
representation_pilot,tcn,ce__clip_only,global_parts,clean_gallery,random_joint,0.7,1,1.9999999552965164,
representation_pilot,tcn,ce__clip_only,global_parts,clean_gallery,temporal,0.0,1,48.63636493682861,
representation_pilot,tcn,ce__clip_only,global_parts,clean_gallery,temporal,0.1,1,21.618182063102722,
representation_pilot,tcn,ce__clip_only,global_parts,clean_gallery,temporal,0.3,1,16.199999749660492,
representation_pilot,tcn,ce__clip_only,global_parts,clean_gallery,temporal,0.5,1,10.824242383241653,
representation_pilot,tcn,ce__clip_only,global_parts,clean_gallery,temporal,0.7,1,5.169696882367134,
representation_pilot,tcn,ce__clip_only,global_parts,occluded_gallery,body_part,0.0,1,48.63636493682861,
representation_pilot,tcn,ce__clip_only,global_parts,occluded_gallery,body_part,0.1,1,30.0545459985733,
representation_pilot,tcn,ce__clip_only,global_parts,occluded_gallery,body_part,0.3,1,19.56363618373871,
representation_pilot,tcn,ce__clip_only,global_parts,occluded_gallery,body_part,0.5,1,15.757575631141663,
representation_pilot,tcn,ce__clip_only,global_parts,occluded_gallery,body_part,0.7,1,11.96969673037529,
representation_pilot,tcn,ce__clip_only,global_parts,occluded_gallery,dynamic_joint,0.0,1,48.63636493682861,
representation_pilot,tcn,ce__clip_only,global_parts,occluded_gallery,dynamic_joint,0.1,1,40.557575821876526,
representation_pilot,tcn,ce__clip_only,global_parts,occluded_gallery,dynamic_joint,0.3,1,20.690909326076508,
representation_pilot,tcn,ce__clip_only,global_parts,occluded_gallery,dynamic_joint,0.5,1,10.3696970641613,
representation_pilot,tcn,ce__clip_only,global_parts,occluded_gallery,dynamic_joint,0.7,1,4.654545485973358,
representation_pilot,tcn,ce__clip_only,global_parts,occluded_gallery,random_joint,0.0,1,48.63636493682861,
representation_pilot,tcn,ce__clip_only,global_parts,occluded_gallery,random_joint,0.1,1,28.63030254840851,
representation_pilot,tcn,ce__clip_only,global_parts,occluded_gallery,random_joint,0.3,1,12.696969807147978,
representation_pilot,tcn,ce__clip_only,global_parts,occluded_gallery,random_joint,0.5,1,6.484848409891128,
representation_pilot,tcn,ce__clip_only,global_parts,occluded_gallery,random_joint,0.7,1,4.115151539444923,
representation_pilot,tcn,ce__clip_only,global_parts,occluded_gallery,temporal,0.0,1,48.63636493682861,
representation_pilot,tcn,ce__clip_only,global_parts,occluded_gallery,temporal,0.1,1,42.13333308696747,
representation_pilot,tcn,ce__clip_only,global_parts,occluded_gallery,temporal,0.3,1,37.49090909957886,
representation_pilot,tcn,ce__clip_only,global_parts,occluded_gallery,temporal,0.5,1,27.848485112190247,
representation_pilot,tcn,ce__clip_only,global_parts,occluded_gallery,temporal,0.7,1,16.6181817650795,
representation_pilot,tcn,ce__clip_only,global_parts,single_view_gallery,official_condition:BG,0.0,1,26.236363636363635,
representation_pilot,tcn,ce__clip_only,global_parts,single_view_gallery,official_condition:CL,0.0,1,15.845454545454544,
representation_pilot,tcn,ce__clip_only,global_parts,single_view_gallery,official_condition:NM,0.0,1,35.190909090909095,
representation_pilot,tcn,ce__confidence_only,global,clean_gallery,body_part,0.0,1,41.21212065219879,
representation_pilot,tcn,ce__confidence_only,global,clean_gallery,body_part,0.1,1,5.975757613778114,
representation_pilot,tcn,ce__confidence_only,global,clean_gallery,body_part,0.3,1,5.430303141474724,
representation_pilot,tcn,ce__confidence_only,global,clean_gallery,body_part,0.5,1,4.351515173912048,
representation_pilot,tcn,ce__confidence_only,global,clean_gallery,body_part,0.7,1,2.181818149983883,
representation_pilot,tcn,ce__confidence_only,global,clean_gallery,dynamic_joint,0.0,1,41.21212065219879,
representation_pilot,tcn,ce__confidence_only,global,clean_gallery,dynamic_joint,0.1,1,10.363636165857315,
representation_pilot,tcn,ce__confidence_only,global,clean_gallery,dynamic_joint,0.3,1,13.969697058200836,
representation_pilot,tcn,ce__confidence_only,global,clean_gallery,dynamic_joint,0.5,1,5.0969696789979935,
representation_pilot,tcn,ce__confidence_only,global,clean_gallery,dynamic_joint,0.7,1,3.296969756484032,
representation_pilot,tcn,ce__confidence_only,global,clean_gallery,official_condition:BG,0.0,1,43.18181872367859,
representation_pilot,tcn,ce__confidence_only,global,clean_gallery,official_condition:CL,0.0,1,19.2727267742157,
representation_pilot,tcn,ce__confidence_only,global,clean_gallery,official_condition:NM,0.0,1,61.181819438934326,
representation_pilot,tcn,ce__confidence_only,global,clean_gallery,official_view:000,0.0,1,33.666667342185974,
representation_pilot,tcn,ce__confidence_only,global,clean_gallery,official_view:018,0.0,1,47.333332896232605,
representation_pilot,tcn,ce__confidence_only,global,clean_gallery,official_view:036,0.0,1,47.6666659116745,
representation_pilot,tcn,ce__confidence_only,global,clean_gallery,official_view:054,0.0,1,42.33333468437195,
representation_pilot,tcn,ce__confidence_only,global,clean_gallery,official_view:072,0.0,1,43.666666746139526,
representation_pilot,tcn,ce__confidence_only,global,clean_gallery,official_view:090,0.0,1,50.66666603088379,
representation_pilot,tcn,ce__confidence_only,global,clean_gallery,official_view:108,0.0,1,54.00000214576721,
representation_pilot,tcn,ce__confidence_only,global,clean_gallery,official_view:126,0.0,1,50.333333015441895,
representation_pilot,tcn,ce__confidence_only,global,clean_gallery,official_view:144,0.0,1,43.00000071525574,
representation_pilot,tcn,ce__confidence_only,global,clean_gallery,official_view:162,0.0,1,27.000001072883606,
representation_pilot,tcn,ce__confidence_only,global,clean_gallery,official_view:180,0.0,1,13.66666704416275,
representation_pilot,tcn,ce__confidence_only,global,clean_gallery,random_joint,0.0,1,41.21212065219879,
representation_pilot,tcn,ce__confidence_only,global,clean_gallery,random_joint,0.1,1,15.727272629737854,
representation_pilot,tcn,ce__confidence_only,global,clean_gallery,random_joint,0.3,1,7.975757569074631,
representation_pilot,tcn,ce__confidence_only,global,clean_gallery,random_joint,0.5,1,4.084848389029503,
representation_pilot,tcn,ce__confidence_only,global,clean_gallery,random_joint,0.7,1,3.096969686448574,
representation_pilot,tcn,ce__confidence_only,global,clean_gallery,temporal,0.0,1,41.21212065219879,
representation_pilot,tcn,ce__confidence_only,global,clean_gallery,temporal,0.1,1,10.503030121326447,
representation_pilot,tcn,ce__confidence_only,global,clean_gallery,temporal,0.3,1,12.145454436540604,
representation_pilot,tcn,ce__confidence_only,global,clean_gallery,temporal,0.5,1,11.509090811014175,
representation_pilot,tcn,ce__confidence_only,global,clean_gallery,temporal,0.7,1,4.303030222654343,
representation_pilot,tcn,ce__confidence_only,global,occluded_gallery,body_part,0.0,1,41.21212065219879,
representation_pilot,tcn,ce__confidence_only,global,occluded_gallery,body_part,0.1,1,22.757575511932373,
representation_pilot,tcn,ce__confidence_only,global,occluded_gallery,body_part,0.3,1,15.199999809265135,
representation_pilot,tcn,ce__confidence_only,global,occluded_gallery,body_part,0.5,1,11.05454534292221,
representation_pilot,tcn,ce__confidence_only,global,occluded_gallery,body_part,0.7,1,5.242424085736275,
representation_pilot,tcn,ce__confidence_only,global,occluded_gallery,dynamic_joint,0.0,1,41.21212065219879,
representation_pilot,tcn,ce__confidence_only,global,occluded_gallery,dynamic_joint,0.1,1,34.587878584861755,
representation_pilot,tcn,ce__confidence_only,global,occluded_gallery,dynamic_joint,0.3,1,24.63030308485031,
representation_pilot,tcn,ce__confidence_only,global,occluded_gallery,dynamic_joint,0.5,1,13.321212232112883,
representation_pilot,tcn,ce__confidence_only,global,occluded_gallery,dynamic_joint,0.7,1,5.9515151381492615,
representation_pilot,tcn,ce__confidence_only,global,occluded_gallery,random_joint,0.0,1,41.21212065219879,
representation_pilot,tcn,ce__confidence_only,global,occluded_gallery,random_joint,0.1,1,31.399999856948853,
representation_pilot,tcn,ce__confidence_only,global,occluded_gallery,random_joint,0.3,1,21.921212077140808,
representation_pilot,tcn,ce__confidence_only,global,occluded_gallery,random_joint,0.5,1,13.721211850643158,
representation_pilot,tcn,ce__confidence_only,global,occluded_gallery,random_joint,0.7,1,8.24242427945137,
representation_pilot,tcn,ce__confidence_only,global,occluded_gallery,temporal,0.0,1,41.21212065219879,
representation_pilot,tcn,ce__confidence_only,global,occluded_gallery,temporal,0.1,1,32.34545409679413,
representation_pilot,tcn,ce__confidence_only,global,occluded_gallery,temporal,0.3,1,27.57575809955597,
representation_pilot,tcn,ce__confidence_only,global,occluded_gallery,temporal,0.5,1,20.557575523853302,
representation_pilot,tcn,ce__confidence_only,global,occluded_gallery,temporal,0.7,1,13.260606229305266,
representation_pilot,tcn,ce__confidence_only,global,single_view_gallery,official_condition:BG,0.0,1,26.290909090909093,
representation_pilot,tcn,ce__confidence_only,global,single_view_gallery,official_condition:CL,0.0,1,15.490909090909092,
representation_pilot,tcn,ce__confidence_only,global,single_view_gallery,official_condition:NM,0.0,1,35.509090909090915,
representation_pilot,tcn,ce__confidence_only,global_parts,clean_gallery,body_part,0.0,1,37.03030347824097,
representation_pilot,tcn,ce__confidence_only,global_parts,clean_gallery,body_part,0.1,1,7.739394009113313,
representation_pilot,tcn,ce__confidence_only,global_parts,clean_gallery,body_part,0.3,1,6.418181732296943,
representation_pilot,tcn,ce__confidence_only,global_parts,clean_gallery,body_part,0.5,1,5.218181759119034,
representation_pilot,tcn,ce__confidence_only,global_parts,clean_gallery,body_part,0.7,1,2.7878787368535995,
representation_pilot,tcn,ce__confidence_only,global_parts,clean_gallery,dynamic_joint,0.0,1,37.03030347824097,
representation_pilot,tcn,ce__confidence_only,global_parts,clean_gallery,dynamic_joint,0.1,1,12.939393520355225,
representation_pilot,tcn,ce__confidence_only,global_parts,clean_gallery,dynamic_joint,0.3,1,17.91515201330185,
representation_pilot,tcn,ce__confidence_only,global_parts,clean_gallery,dynamic_joint,0.5,1,5.527272671461105,
representation_pilot,tcn,ce__confidence_only,global_parts,clean_gallery,dynamic_joint,0.7,1,3.3757575601339336,
representation_pilot,tcn,ce__confidence_only,global_parts,clean_gallery,official_condition:BG,0.0,1,38.72727155685425,
representation_pilot,tcn,ce__confidence_only,global_parts,clean_gallery,official_condition:CL,0.0,1,17.363636195659637,
representation_pilot,tcn,ce__confidence_only,global_parts,clean_gallery,official_condition:NM,0.0,1,55.000001192092896,
representation_pilot,tcn,ce__confidence_only,global_parts,clean_gallery,official_view:000,0.0,1,33.000001311302185,
representation_pilot,tcn,ce__confidence_only,global_parts,clean_gallery,official_view:018,0.0,1,42.33333468437195,
representation_pilot,tcn,ce__confidence_only,global_parts,clean_gallery,official_view:036,0.0,1,44.66666579246521,
representation_pilot,tcn,ce__confidence_only,global_parts,clean_gallery,official_view:054,0.0,1,40.66666662693024,
representation_pilot,tcn,ce__confidence_only,global_parts,clean_gallery,official_view:072,0.0,1,40.00000059604645,
representation_pilot,tcn,ce__confidence_only,global_parts,clean_gallery,official_view:090,0.0,1,38.66666555404663,
representation_pilot,tcn,ce__confidence_only,global_parts,clean_gallery,official_view:108,0.0,1,41.999998688697815,
representation_pilot,tcn,ce__confidence_only,global_parts,clean_gallery,official_view:126,0.0,1,44.333332777023315,
representation_pilot,tcn,ce__confidence_only,global_parts,clean_gallery,official_view:144,0.0,1,38.66666555404663,
representation_pilot,tcn,ce__confidence_only,global_parts,clean_gallery,official_view:162,0.0,1,23.666666448116302,
representation_pilot,tcn,ce__confidence_only,global_parts,clean_gallery,official_view:180,0.0,1,19.333332777023315,
representation_pilot,tcn,ce__confidence_only,global_parts,clean_gallery,random_joint,0.0,1,37.03030347824097,
representation_pilot,tcn,ce__confidence_only,global_parts,clean_gallery,random_joint,0.1,1,18.351515531539917,
representation_pilot,tcn,ce__confidence_only,global_parts,clean_gallery,random_joint,0.3,1,8.181818127632141,
representation_pilot,tcn,ce__confidence_only,global_parts,clean_gallery,random_joint,0.5,1,3.7090910226106644,
representation_pilot,tcn,ce__confidence_only,global_parts,clean_gallery,random_joint,0.7,1,2.696969658136368,
representation_pilot,tcn,ce__confidence_only,global_parts,clean_gallery,temporal,0.0,1,37.03030347824097,
representation_pilot,tcn,ce__confidence_only,global_parts,clean_gallery,temporal,0.1,1,12.884848117828367,
representation_pilot,tcn,ce__confidence_only,global_parts,clean_gallery,temporal,0.3,1,15.309090912342072,
representation_pilot,tcn,ce__confidence_only,global_parts,clean_gallery,temporal,0.5,1,14.436363279819489,
representation_pilot,tcn,ce__confidence_only,global_parts,clean_gallery,temporal,0.7,1,7.024242281913757,
representation_pilot,tcn,ce__confidence_only,global_parts,occluded_gallery,body_part,0.0,1,37.03030347824097,
representation_pilot,tcn,ce__confidence_only,global_parts,occluded_gallery,body_part,0.1,1,18.848484754562378,
representation_pilot,tcn,ce__confidence_only,global_parts,occluded_gallery,body_part,0.3,1,12.260605990886688,
representation_pilot,tcn,ce__confidence_only,global_parts,occluded_gallery,body_part,0.5,1,10.157575756311417,
representation_pilot,tcn,ce__confidence_only,global_parts,occluded_gallery,body_part,0.7,1,5.242424085736275,
representation_pilot,tcn,ce__confidence_only,global_parts,occluded_gallery,dynamic_joint,0.0,1,37.03030347824097,
representation_pilot,tcn,ce__confidence_only,global_parts,occluded_gallery,dynamic_joint,0.1,1,30.80000042915344,
representation_pilot,tcn,ce__confidence_only,global_parts,occluded_gallery,dynamic_joint,0.3,1,24.04848486185074,
representation_pilot,tcn,ce__confidence_only,global_parts,occluded_gallery,dynamic_joint,0.5,1,13.375757336616518,
representation_pilot,tcn,ce__confidence_only,global_parts,occluded_gallery,dynamic_joint,0.7,1,5.957575738430023,
representation_pilot,tcn,ce__confidence_only,global_parts,occluded_gallery,random_joint,0.0,1,37.03030347824097,
representation_pilot,tcn,ce__confidence_only,global_parts,occluded_gallery,random_joint,0.1,1,29.224241375923153,
representation_pilot,tcn,ce__confidence_only,global_parts,occluded_gallery,random_joint,0.3,1,20.10909080505371,
representation_pilot,tcn,ce__confidence_only,global_parts,occluded_gallery,random_joint,0.5,1,11.715151518583298,
representation_pilot,tcn,ce__confidence_only,global_parts,occluded_gallery,random_joint,0.7,1,7.218181788921356,
representation_pilot,tcn,ce__confidence_only,global_parts,occluded_gallery,temporal,0.0,1,37.03030347824097,
representation_pilot,tcn,ce__confidence_only,global_parts,occluded_gallery,temporal,0.1,1,29.157574772834778,
representation_pilot,tcn,ce__confidence_only,global_parts,occluded_gallery,temporal,0.3,1,27.690909504890442,
representation_pilot,tcn,ce__confidence_only,global_parts,occluded_gallery,temporal,0.5,1,20.909090638160706,
representation_pilot,tcn,ce__confidence_only,global_parts,occluded_gallery,temporal,0.7,1,12.624242305755615,
representation_pilot,tcn,ce__confidence_only,global_parts,single_view_gallery,official_condition:BG,0.0,1,20.81818181818182,
representation_pilot,tcn,ce__confidence_only,global_parts,single_view_gallery,official_condition:CL,0.0,1,13.709090909090909,
representation_pilot,tcn,ce__confidence_only,global_parts,single_view_gallery,official_condition:NM,0.0,1,28.85454545454546,
representation_pilot,tcn,oap_supcon__clip_only,global,clean_gallery,body_part,0.0,1,36.4545464515686,
representation_pilot,tcn,oap_supcon__clip_only,global,clean_gallery,body_part,0.1,1,13.763636350631714,
representation_pilot,tcn,oap_supcon__clip_only,global,clean_gallery,body_part,0.3,1,9.272727370262146,
representation_pilot,tcn,oap_supcon__clip_only,global,clean_gallery,body_part,0.5,1,6.018181815743446,
representation_pilot,tcn,oap_supcon__clip_only,global,clean_gallery,body_part,0.7,1,3.1515151262283325,
representation_pilot,tcn,oap_supcon__clip_only,global,clean_gallery,dynamic_joint,0.0,1,36.4545464515686,
representation_pilot,tcn,oap_supcon__clip_only,global,clean_gallery,dynamic_joint,0.1,1,22.715151607990265,
representation_pilot,tcn,oap_supcon__clip_only,global,clean_gallery,dynamic_joint,0.3,1,20.442424416542053,
representation_pilot,tcn,oap_supcon__clip_only,global,clean_gallery,dynamic_joint,0.5,1,15.151515007019043,
representation_pilot,tcn,oap_supcon__clip_only,global,clean_gallery,dynamic_joint,0.7,1,10.048484951257706,
representation_pilot,tcn,oap_supcon__clip_only,global,clean_gallery,official_condition:BG,0.0,1,37.36363649368286,
representation_pilot,tcn,oap_supcon__clip_only,global,clean_gallery,official_condition:CL,0.0,1,16.27272665500641,
representation_pilot,tcn,oap_supcon__clip_only,global,clean_gallery,official_condition:NM,0.0,1,55.7272732257843,
representation_pilot,tcn,oap_supcon__clip_only,global,clean_gallery,official_view:000,0.0,1,39.33333456516266,
representation_pilot,tcn,oap_supcon__clip_only,global,clean_gallery,official_view:018,0.0,1,38.999998569488525,
representation_pilot,tcn,oap_supcon__clip_only,global,clean_gallery,official_view:036,0.0,1,34.00000035762787,
representation_pilot,tcn,oap_supcon__clip_only,global,clean_gallery,official_view:054,0.0,1,32.33333230018616,
representation_pilot,tcn,oap_supcon__clip_only,global,clean_gallery,official_view:072,0.0,1,43.33333373069763,
representation_pilot,tcn,oap_supcon__clip_only,global,clean_gallery,official_view:090,0.0,1,48.33333194255829,
representation_pilot,tcn,oap_supcon__clip_only,global,clean_gallery,official_view:108,0.0,1,47.999998927116394,
representation_pilot,tcn,oap_supcon__clip_only,global,clean_gallery,official_view:126,0.0,1,44.66666579246521,
representation_pilot,tcn,oap_supcon__clip_only,global,clean_gallery,official_view:144,0.0,1,34.33333337306976,
representation_pilot,tcn,oap_supcon__clip_only,global,clean_gallery,official_view:162,0.0,1,27.666667103767395,
representation_pilot,tcn,oap_supcon__clip_only,global,clean_gallery,official_view:180,0.0,1,10.000000149011612,
representation_pilot,tcn,oap_supcon__clip_only,global,clean_gallery,random_joint,0.0,1,36.4545464515686,
representation_pilot,tcn,oap_supcon__clip_only,global,clean_gallery,random_joint,0.1,1,21.733333468437195,
representation_pilot,tcn,oap_supcon__clip_only,global,clean_gallery,random_joint,0.3,1,19.28484797477722,
representation_pilot,tcn,oap_supcon__clip_only,global,clean_gallery,random_joint,0.5,1,16.333333551883698,
representation_pilot,tcn,oap_supcon__clip_only,global,clean_gallery,random_joint,0.7,1,10.884848535060883,
representation_pilot,tcn,oap_supcon__clip_only,global,clean_gallery,temporal,0.0,1,36.4545464515686,
representation_pilot,tcn,oap_supcon__clip_only,global,clean_gallery,temporal,0.1,1,22.07272708415985,
representation_pilot,tcn,oap_supcon__clip_only,global,clean_gallery,temporal,0.3,1,20.527272820472717,
representation_pilot,tcn,oap_supcon__clip_only,global,clean_gallery,temporal,0.5,1,18.36969703435898,
representation_pilot,tcn,oap_supcon__clip_only,global,clean_gallery,temporal,0.7,1,13.024242520332335,
representation_pilot,tcn,oap_supcon__clip_only,global,occluded_gallery,body_part,0.0,1,36.4545464515686,
representation_pilot,tcn,oap_supcon__clip_only,global,occluded_gallery,body_part,0.1,1,26.73939406871796,
representation_pilot,tcn,oap_supcon__clip_only,global,occluded_gallery,body_part,0.3,1,19.896970093250275,
representation_pilot,tcn,oap_supcon__clip_only,global,occluded_gallery,body_part,0.5,1,15.757575631141663,
representation_pilot,tcn,oap_supcon__clip_only,global,occluded_gallery,body_part,0.7,1,10.90909093618393,
representation_pilot,tcn,oap_supcon__clip_only,global,occluded_gallery,dynamic_joint,0.0,1,36.4545464515686,
representation_pilot,tcn,oap_supcon__clip_only,global,occluded_gallery,dynamic_joint,0.1,1,37.733333110809326,
representation_pilot,tcn,oap_supcon__clip_only,global,occluded_gallery,dynamic_joint,0.3,1,33.32121253013611,
representation_pilot,tcn,oap_supcon__clip_only,global,occluded_gallery,dynamic_joint,0.5,1,24.581818282604218,
representation_pilot,tcn,oap_supcon__clip_only,global,occluded_gallery,dynamic_joint,0.7,1,12.436363399028778,
representation_pilot,tcn,oap_supcon__clip_only,global,occluded_gallery,random_joint,0.0,1,36.4545464515686,
representation_pilot,tcn,oap_supcon__clip_only,global,occluded_gallery,random_joint,0.1,1,37.551515102386475,
representation_pilot,tcn,oap_supcon__clip_only,global,occluded_gallery,random_joint,0.3,1,35.27272641658783,
representation_pilot,tcn,oap_supcon__clip_only,global,occluded_gallery,random_joint,0.5,1,28.46666634082794,
representation_pilot,tcn,oap_supcon__clip_only,global,occluded_gallery,random_joint,0.7,1,18.103030622005463,
representation_pilot,tcn,oap_supcon__clip_only,global,occluded_gallery,temporal,0.0,1,36.4545464515686,
representation_pilot,tcn,oap_supcon__clip_only,global,occluded_gallery,temporal,0.1,1,36.9939398765564,
representation_pilot,tcn,oap_supcon__clip_only,global,occluded_gallery,temporal,0.3,1,32.303029894828796,
representation_pilot,tcn,oap_supcon__clip_only,global,occluded_gallery,temporal,0.5,1,25.848484635353085,
representation_pilot,tcn,oap_supcon__clip_only,global,occluded_gallery,temporal,0.7,1,17.80606061220169,
representation_pilot,tcn,oap_supcon__clip_only,global,single_view_gallery,official_condition:BG,0.0,1,19.254545454545454,
representation_pilot,tcn,oap_supcon__clip_only,global,single_view_gallery,official_condition:CL,0.0,1,11.281818181818185,
representation_pilot,tcn,oap_supcon__clip_only,global,single_view_gallery,official_condition:NM,0.0,1,27.327272727272728,
representation_pilot,tcn,oap_supcon__clip_only,global_parts,clean_gallery,body_part,0.0,1,39.96969759464264,
representation_pilot,tcn,oap_supcon__clip_only,global_parts,clean_gallery,body_part,0.1,1,22.218181490898132,
representation_pilot,tcn,oap_supcon__clip_only,global_parts,clean_gallery,body_part,0.3,1,14.666666686534882,
representation_pilot,tcn,oap_supcon__clip_only,global_parts,clean_gallery,body_part,0.5,1,8.37575763463974,
representation_pilot,tcn,oap_supcon__clip_only,global_parts,clean_gallery,body_part,0.7,1,2.030302956700325,
representation_pilot,tcn,oap_supcon__clip_only,global_parts,clean_gallery,dynamic_joint,0.0,1,39.96969759464264,
representation_pilot,tcn,oap_supcon__clip_only,global_parts,clean_gallery,dynamic_joint,0.1,1,31.40606045722961,
representation_pilot,tcn,oap_supcon__clip_only,global_parts,clean_gallery,dynamic_joint,0.3,1,30.860606431961056,
representation_pilot,tcn,oap_supcon__clip_only,global_parts,clean_gallery,dynamic_joint,0.5,1,25.321211814880375,
representation_pilot,tcn,oap_supcon__clip_only,global_parts,clean_gallery,dynamic_joint,0.7,1,15.333333611488342,
representation_pilot,tcn,oap_supcon__clip_only,global_parts,clean_gallery,official_condition:BG,0.0,1,38.363635540008545,
representation_pilot,tcn,oap_supcon__clip_only,global_parts,clean_gallery,official_condition:CL,0.0,1,15.36363661289215,
representation_pilot,tcn,oap_supcon__clip_only,global_parts,clean_gallery,official_condition:NM,0.0,1,66.18182063102722,
representation_pilot,tcn,oap_supcon__clip_only,global_parts,clean_gallery,official_view:000,0.0,1,36.33333444595337,
representation_pilot,tcn,oap_supcon__clip_only,global_parts,clean_gallery,official_view:018,0.0,1,36.666667461395264,
representation_pilot,tcn,oap_supcon__clip_only,global_parts,clean_gallery,official_view:036,0.0,1,47.6666659116745,
representation_pilot,tcn,oap_supcon__clip_only,global_parts,clean_gallery,official_view:054,0.0,1,46.33333384990692,
representation_pilot,tcn,oap_supcon__clip_only,global_parts,clean_gallery,official_view:072,0.0,1,46.99999988079071,
representation_pilot,tcn,oap_supcon__clip_only,global_parts,clean_gallery,official_view:090,0.0,1,49.666666984558105,
representation_pilot,tcn,oap_supcon__clip_only,global_parts,clean_gallery,official_view:108,0.0,1,50.66666603088379,
representation_pilot,tcn,oap_supcon__clip_only,global_parts,clean_gallery,official_view:126,0.0,1,41.999998688697815,
representation_pilot,tcn,oap_supcon__clip_only,global_parts,clean_gallery,official_view:144,0.0,1,38.333332538604736,
representation_pilot,tcn,oap_supcon__clip_only,global_parts,clean_gallery,official_view:162,0.0,1,31.00000023841858,
representation_pilot,tcn,oap_supcon__clip_only,global_parts,clean_gallery,official_view:180,0.0,1,14.000000059604645,
representation_pilot,tcn,oap_supcon__clip_only,global_parts,clean_gallery,random_joint,0.0,1,39.96969759464264,
representation_pilot,tcn,oap_supcon__clip_only,global_parts,clean_gallery,random_joint,0.1,1,29.884849786758423,
representation_pilot,tcn,oap_supcon__clip_only,global_parts,clean_gallery,random_joint,0.3,1,26.636363863945007,
representation_pilot,tcn,oap_supcon__clip_only,global_parts,clean_gallery,random_joint,0.5,1,21.454545557498932,
representation_pilot,tcn,oap_supcon__clip_only,global_parts,clean_gallery,random_joint,0.7,1,14.399999976158142,
representation_pilot,tcn,oap_supcon__clip_only,global_parts,clean_gallery,temporal,0.0,1,39.96969759464264,
representation_pilot,tcn,oap_supcon__clip_only,global_parts,clean_gallery,temporal,0.1,1,31.266666650772095,
representation_pilot,tcn,oap_supcon__clip_only,global_parts,clean_gallery,temporal,0.3,1,31.345454454421994,
representation_pilot,tcn,oap_supcon__clip_only,global_parts,clean_gallery,temporal,0.5,1,31.16969704627991,
representation_pilot,tcn,oap_supcon__clip_only,global_parts,clean_gallery,temporal,0.7,1,23.90909105539322,
representation_pilot,tcn,oap_supcon__clip_only,global_parts,occluded_gallery,body_part,0.0,1,39.96969759464264,
representation_pilot,tcn,oap_supcon__clip_only,global_parts,occluded_gallery,body_part,0.1,1,29.060605764389035,
representation_pilot,tcn,oap_supcon__clip_only,global_parts,occluded_gallery,body_part,0.3,1,19.436363875865936,
representation_pilot,tcn,oap_supcon__clip_only,global_parts,occluded_gallery,body_part,0.5,1,16.309090852737427,
representation_pilot,tcn,oap_supcon__clip_only,global_parts,occluded_gallery,body_part,0.7,1,10.90909093618393,
representation_pilot,tcn,oap_supcon__clip_only,global_parts,occluded_gallery,dynamic_joint,0.0,1,39.96969759464264,
representation_pilot,tcn,oap_supcon__clip_only,global_parts,occluded_gallery,dynamic_joint,0.1,1,42.957576513290405,
representation_pilot,tcn,oap_supcon__clip_only,global_parts,occluded_gallery,dynamic_joint,0.3,1,40.24242460727692,
representation_pilot,tcn,oap_supcon__clip_only,global_parts,occluded_gallery,dynamic_joint,0.5,1,31.078788042068485,
representation_pilot,tcn,oap_supcon__clip_only,global_parts,occluded_gallery,dynamic_joint,0.7,1,15.23030310869217,
representation_pilot,tcn,oap_supcon__clip_only,global_parts,occluded_gallery,random_joint,0.0,1,39.96969759464264,
representation_pilot,tcn,oap_supcon__clip_only,global_parts,occluded_gallery,random_joint,0.1,1,42.96363711357117,
representation_pilot,tcn,oap_supcon__clip_only,global_parts,occluded_gallery,random_joint,0.3,1,41.45454525947571,
representation_pilot,tcn,oap_supcon__clip_only,global_parts,occluded_gallery,random_joint,0.5,1,36.054545640945435,
representation_pilot,tcn,oap_supcon__clip_only,global_parts,occluded_gallery,random_joint,0.7,1,23.018181920051575,
representation_pilot,tcn,oap_supcon__clip_only,global_parts,occluded_gallery,temporal,0.0,1,39.96969759464264,
representation_pilot,tcn,oap_supcon__clip_only,global_parts,occluded_gallery,temporal,0.1,1,42.278788685798645,
representation_pilot,tcn,oap_supcon__clip_only,global_parts,occluded_gallery,temporal,0.3,1,37.49090909957886,
representation_pilot,tcn,oap_supcon__clip_only,global_parts,occluded_gallery,temporal,0.5,1,30.26666700839996,
representation_pilot,tcn,oap_supcon__clip_only,global_parts,occluded_gallery,temporal,0.7,1,21.71515166759491,
representation_pilot,tcn,oap_supcon__clip_only,global_parts,single_view_gallery,official_condition:BG,0.0,1,20.681818181818183,
representation_pilot,tcn,oap_supcon__clip_only,global_parts,single_view_gallery,official_condition:CL,0.0,1,11.072727272727274,
representation_pilot,tcn,oap_supcon__clip_only,global_parts,single_view_gallery,official_condition:NM,0.0,1,31.609090909090913,
representation_pilot,tcn,oap_supcon__confidence_only,global,clean_gallery,body_part,0.0,1,36.666667461395264,
representation_pilot,tcn,oap_supcon__confidence_only,global,clean_gallery,body_part,0.1,1,16.6060608625412,
representation_pilot,tcn,oap_supcon__confidence_only,global,clean_gallery,body_part,0.3,1,10.836363732814789,
representation_pilot,tcn,oap_supcon__confidence_only,global,clean_gallery,body_part,0.5,1,7.569696903228759,
representation_pilot,tcn,oap_supcon__confidence_only,global,clean_gallery,body_part,0.7,1,3.6666665226221085,
representation_pilot,tcn,oap_supcon__confidence_only,global,clean_gallery,dynamic_joint,0.0,1,36.666667461395264,
representation_pilot,tcn,oap_supcon__confidence_only,global,clean_gallery,dynamic_joint,0.1,1,26.07272624969482,
representation_pilot,tcn,oap_supcon__confidence_only,global,clean_gallery,dynamic_joint,0.3,1,26.993939876556393,
representation_pilot,tcn,oap_supcon__confidence_only,global,clean_gallery,dynamic_joint,0.5,1,20.9575754404068,
representation_pilot,tcn,oap_supcon__confidence_only,global,clean_gallery,dynamic_joint,0.7,1,11.14545464515686,
representation_pilot,tcn,oap_supcon__confidence_only,global,clean_gallery,official_condition:BG,0.0,1,35.72727143764496,
representation_pilot,tcn,oap_supcon__confidence_only,global,clean_gallery,official_condition:CL,0.0,1,16.63636416196823,
representation_pilot,tcn,oap_supcon__confidence_only,global,clean_gallery,official_condition:NM,0.0,1,57.63636231422424,
representation_pilot,tcn,oap_supcon__confidence_only,global,clean_gallery,official_view:000,0.0,1,34.33333337306976,
representation_pilot,tcn,oap_supcon__confidence_only,global,clean_gallery,official_view:018,0.0,1,39.33333456516266,
representation_pilot,tcn,oap_supcon__confidence_only,global,clean_gallery,official_view:036,0.0,1,44.333332777023315,
representation_pilot,tcn,oap_supcon__confidence_only,global,clean_gallery,official_view:054,0.0,1,43.00000071525574,
representation_pilot,tcn,oap_supcon__confidence_only,global,clean_gallery,official_view:072,0.0,1,43.666666746139526,
representation_pilot,tcn,oap_supcon__confidence_only,global,clean_gallery,official_view:090,0.0,1,44.999998807907104,
representation_pilot,tcn,oap_supcon__confidence_only,global,clean_gallery,official_view:108,0.0,1,50.333333015441895,
representation_pilot,tcn,oap_supcon__confidence_only,global,clean_gallery,official_view:126,0.0,1,46.00000083446503,
representation_pilot,tcn,oap_supcon__confidence_only,global,clean_gallery,official_view:144,0.0,1,30.000001192092896,
representation_pilot,tcn,oap_supcon__confidence_only,global,clean_gallery,official_view:162,0.0,1,18.99999976158142,
representation_pilot,tcn,oap_supcon__confidence_only,global,clean_gallery,official_view:180,0.0,1,8.33333358168602,
representation_pilot,tcn,oap_supcon__confidence_only,global,clean_gallery,random_joint,0.0,1,36.666667461395264,
representation_pilot,tcn,oap_supcon__confidence_only,global,clean_gallery,random_joint,0.1,1,28.484848141670227,
representation_pilot,tcn,oap_supcon__confidence_only,global,clean_gallery,random_joint,0.3,1,24.436363875865936,
representation_pilot,tcn,oap_supcon__confidence_only,global,clean_gallery,random_joint,0.5,1,16.12727254629135,
representation_pilot,tcn,oap_supcon__confidence_only,global,clean_gallery,random_joint,0.7,1,11.048484891653061,
representation_pilot,tcn,oap_supcon__confidence_only,global,clean_gallery,temporal,0.0,1,36.666667461395264,
representation_pilot,tcn,oap_supcon__confidence_only,global,clean_gallery,temporal,0.1,1,27.212122082710266,
representation_pilot,tcn,oap_supcon__confidence_only,global,clean_gallery,temporal,0.3,1,27.006061673164368,
representation_pilot,tcn,oap_supcon__confidence_only,global,clean_gallery,temporal,0.5,1,19.28484857082367,
representation_pilot,tcn,oap_supcon__confidence_only,global,clean_gallery,temporal,0.7,1,5.81212118268013,
representation_pilot,tcn,oap_supcon__confidence_only,global,occluded_gallery,body_part,0.0,1,36.666667461395264,
representation_pilot,tcn,oap_supcon__confidence_only,global,occluded_gallery,body_part,0.1,1,27.951515316963192,
representation_pilot,tcn,oap_supcon__confidence_only,global,occluded_gallery,body_part,0.3,1,20.593939125537872,
representation_pilot,tcn,oap_supcon__confidence_only,global,occluded_gallery,body_part,0.5,1,15.587879121303558,
representation_pilot,tcn,oap_supcon__confidence_only,global,occluded_gallery,body_part,0.7,1,9.060606360435486,
representation_pilot,tcn,oap_supcon__confidence_only,global,occluded_gallery,dynamic_joint,0.0,1,36.666667461395264,
representation_pilot,tcn,oap_supcon__confidence_only,global,occluded_gallery,dynamic_joint,0.1,1,39.06060576438904,
representation_pilot,tcn,oap_supcon__confidence_only,global,occluded_gallery,dynamic_joint,0.3,1,34.448484778404236,
representation_pilot,tcn,oap_supcon__confidence_only,global,occluded_gallery,dynamic_joint,0.5,1,24.272727370262146,
representation_pilot,tcn,oap_supcon__confidence_only,global,occluded_gallery,dynamic_joint,0.7,1,11.218181848526001,
representation_pilot,tcn,oap_supcon__confidence_only,global,occluded_gallery,random_joint,0.0,1,36.666667461395264,
representation_pilot,tcn,oap_supcon__confidence_only,global,occluded_gallery,random_joint,0.1,1,38.6787873506546,
representation_pilot,tcn,oap_supcon__confidence_only,global,occluded_gallery,random_joint,0.3,1,34.624242186546326,
representation_pilot,tcn,oap_supcon__confidence_only,global,occluded_gallery,random_joint,0.5,1,28.151515126228333,
representation_pilot,tcn,oap_supcon__confidence_only,global,occluded_gallery,random_joint,0.7,1,17.418181896209717,
representation_pilot,tcn,oap_supcon__confidence_only,global,occluded_gallery,temporal,0.0,1,36.666667461395264,
representation_pilot,tcn,oap_supcon__confidence_only,global,occluded_gallery,temporal,0.1,1,37.866666316986084,
representation_pilot,tcn,oap_supcon__confidence_only,global,occluded_gallery,temporal,0.3,1,34.2484849691391,
representation_pilot,tcn,oap_supcon__confidence_only,global,occluded_gallery,temporal,0.5,1,28.01818192005158,
representation_pilot,tcn,oap_supcon__confidence_only,global,occluded_gallery,temporal,0.7,1,19.745454788208008,
representation_pilot,tcn,oap_supcon__confidence_only,global,single_view_gallery,official_condition:BG,0.0,1,19.754545454545454,
representation_pilot,tcn,oap_supcon__confidence_only,global,single_view_gallery,official_condition:CL,0.0,1,11.972727272727274,
representation_pilot,tcn,oap_supcon__confidence_only,global,single_view_gallery,official_condition:NM,0.0,1,28.84545454545455,
representation_pilot,tcn,oap_supcon__confidence_only,global_parts,clean_gallery,body_part,0.0,1,44.2727267742157,
representation_pilot,tcn,oap_supcon__confidence_only,global_parts,clean_gallery,body_part,0.1,1,23.412121534347534,
representation_pilot,tcn,oap_supcon__confidence_only,global_parts,clean_gallery,body_part,0.3,1,16.200000047683716,
representation_pilot,tcn,oap_supcon__confidence_only,global_parts,clean_gallery,body_part,0.5,1,10.763636380434036,
representation_pilot,tcn,oap_supcon__confidence_only,global_parts,clean_gallery,body_part,0.7,1,3.030303120613098,
representation_pilot,tcn,oap_supcon__confidence_only,global_parts,clean_gallery,dynamic_joint,0.0,1,44.2727267742157,
representation_pilot,tcn,oap_supcon__confidence_only,global_parts,clean_gallery,dynamic_joint,0.1,1,35.98787844181061,
representation_pilot,tcn,oap_supcon__confidence_only,global_parts,clean_gallery,dynamic_joint,0.3,1,38.42424213886261,
representation_pilot,tcn,oap_supcon__confidence_only,global_parts,clean_gallery,dynamic_joint,0.5,1,26.39393925666809,
representation_pilot,tcn,oap_supcon__confidence_only,global_parts,clean_gallery,dynamic_joint,0.7,1,12.551515102386473,
representation_pilot,tcn,oap_supcon__confidence_only,global_parts,clean_gallery,official_condition:BG,0.0,1,42.18181669712067,
representation_pilot,tcn,oap_supcon__confidence_only,global_parts,clean_gallery,official_condition:CL,0.0,1,19.181817770004272,
representation_pilot,tcn,oap_supcon__confidence_only,global_parts,clean_gallery,official_condition:NM,0.0,1,71.45454287528992,
representation_pilot,tcn,oap_supcon__confidence_only,global_parts,clean_gallery,official_view:000,0.0,1,42.33333468437195,
representation_pilot,tcn,oap_supcon__confidence_only,global_parts,clean_gallery,official_view:018,0.0,1,39.33333456516266,
representation_pilot,tcn,oap_supcon__confidence_only,global_parts,clean_gallery,official_view:036,0.0,1,52.99999713897705,
representation_pilot,tcn,oap_supcon__confidence_only,global_parts,clean_gallery,official_view:054,0.0,1,55.33333420753479,
representation_pilot,tcn,oap_supcon__confidence_only,global_parts,clean_gallery,official_view:072,0.0,1,52.666664123535156,
representation_pilot,tcn,oap_supcon__confidence_only,global_parts,clean_gallery,official_view:090,0.0,1,54.00000214576721,
representation_pilot,tcn,oap_supcon__confidence_only,global_parts,clean_gallery,official_view:108,0.0,1,51.99999809265137,
representation_pilot,tcn,oap_supcon__confidence_only,global_parts,clean_gallery,official_view:126,0.0,1,53.33333611488342,
representation_pilot,tcn,oap_supcon__confidence_only,global_parts,clean_gallery,official_view:144,0.0,1,44.66666579246521,
representation_pilot,tcn,oap_supcon__confidence_only,global_parts,clean_gallery,official_view:162,0.0,1,25.66666603088379,
representation_pilot,tcn,oap_supcon__confidence_only,global_parts,clean_gallery,official_view:180,0.0,1,14.666666090488434,
representation_pilot,tcn,oap_supcon__confidence_only,global_parts,clean_gallery,random_joint,0.0,1,44.2727267742157,
representation_pilot,tcn,oap_supcon__confidence_only,global_parts,clean_gallery,random_joint,0.1,1,39.83030319213867,
representation_pilot,tcn,oap_supcon__confidence_only,global_parts,clean_gallery,random_joint,0.3,1,28.272727131843567,
representation_pilot,tcn,oap_supcon__confidence_only,global_parts,clean_gallery,random_joint,0.5,1,15.551515221595762,
representation_pilot,tcn,oap_supcon__confidence_only,global_parts,clean_gallery,random_joint,0.7,1,9.75757583975792,
representation_pilot,tcn,oap_supcon__confidence_only,global_parts,clean_gallery,temporal,0.0,1,44.2727267742157,
representation_pilot,tcn,oap_supcon__confidence_only,global_parts,clean_gallery,temporal,0.1,1,37.945454120635986,
representation_pilot,tcn,oap_supcon__confidence_only,global_parts,clean_gallery,temporal,0.3,1,37.872726917266846,
representation_pilot,tcn,oap_supcon__confidence_only,global_parts,clean_gallery,temporal,0.5,1,20.860606133937836,
representation_pilot,tcn,oap_supcon__confidence_only,global_parts,clean_gallery,temporal,0.7,1,4.824242442846298,
representation_pilot,tcn,oap_supcon__confidence_only,global_parts,occluded_gallery,body_part,0.0,1,44.2727267742157,
representation_pilot,tcn,oap_supcon__confidence_only,global_parts,occluded_gallery,body_part,0.1,1,33.18181812763214,
representation_pilot,tcn,oap_supcon__confidence_only,global_parts,occluded_gallery,body_part,0.3,1,21.6969695687294,
representation_pilot,tcn,oap_supcon__confidence_only,global_parts,occluded_gallery,body_part,0.5,1,17.07272708415985,
representation_pilot,tcn,oap_supcon__confidence_only,global_parts,occluded_gallery,body_part,0.7,1,9.060606360435486,
representation_pilot,tcn,oap_supcon__confidence_only,global_parts,occluded_gallery,dynamic_joint,0.0,1,44.2727267742157,
representation_pilot,tcn,oap_supcon__confidence_only,global_parts,occluded_gallery,dynamic_joint,0.1,1,49.07272815704346,
representation_pilot,tcn,oap_supcon__confidence_only,global_parts,occluded_gallery,dynamic_joint,0.3,1,41.46060585975647,
representation_pilot,tcn,oap_supcon__confidence_only,global_parts,occluded_gallery,dynamic_joint,0.5,1,26.884848475456234,
representation_pilot,tcn,oap_supcon__confidence_only,global_parts,occluded_gallery,dynamic_joint,0.7,1,11.090909093618393,
representation_pilot,tcn,oap_supcon__confidence_only,global_parts,occluded_gallery,random_joint,0.0,1,44.2727267742157,
representation_pilot,tcn,oap_supcon__confidence_only,global_parts,occluded_gallery,random_joint,0.1,1,47.59393870830536,
representation_pilot,tcn,oap_supcon__confidence_only,global_parts,occluded_gallery,random_joint,0.3,1,41.41212046146393,
representation_pilot,tcn,oap_supcon__confidence_only,global_parts,occluded_gallery,random_joint,0.5,1,31.478788256645203,
representation_pilot,tcn,oap_supcon__confidence_only,global_parts,occluded_gallery,random_joint,0.7,1,18.145454823970795,
representation_pilot,tcn,oap_supcon__confidence_only,global_parts,occluded_gallery,temporal,0.0,1,44.2727267742157,
representation_pilot,tcn,oap_supcon__confidence_only,global_parts,occluded_gallery,temporal,0.1,1,47.406060099601746,
representation_pilot,tcn,oap_supcon__confidence_only,global_parts,occluded_gallery,temporal,0.3,1,42.339394092559814,
representation_pilot,tcn,oap_supcon__confidence_only,global_parts,occluded_gallery,temporal,0.5,1,33.75151515007019,
representation_pilot,tcn,oap_supcon__confidence_only,global_parts,occluded_gallery,temporal,0.7,1,21.34545475244522,
representation_pilot,tcn,oap_supcon__confidence_only,global_parts,single_view_gallery,official_condition:BG,0.0,1,25.58181818181819,
representation_pilot,tcn,oap_supcon__confidence_only,global_parts,single_view_gallery,official_condition:CL,0.0,1,13.93636363636364,
representation_pilot,tcn,oap_supcon__confidence_only,global_parts,single_view_gallery,official_condition:NM,0.0,1,39.83636363636363,
